country,election,poll_id,date,days_out,pollster,n,party,value,share
Germany,2013,germany_2013_0,2013-09-20,2,Allensbach,,union,39.5,39.5
Germany,2013,germany_2013_0,2013-09-20,2,Allensbach,,spd,27.0,27.0
Germany,2013,germany_2013_0,2013-09-20,2,Allensbach,,fdp,5.5,5.5
Germany,2013,germany_2013_0,2013-09-20,2,Allensbach,,linke,9.0,9.0
Germany,2013,germany_2013_0,2013-09-20,2,Allensbach,,gruene,9.0,9.0
Germany,2013,germany_2013_0,2013-09-20,2,Allensbach,,piraten,2.0,2.0
Germany,2013,germany_2013_0,2013-09-20,2,Allensbach,,afd,4.5,4.5
Germany,2013,germany_2013_1,2013-09-20,2,Forsa,,union,40.0,40.0
Germany,2013,germany_2013_1,2013-09-20,2,Forsa,,spd,26.0,26.0
Germany,2013,germany_2013_1,2013-09-20,2,Forsa,,fdp,5.0,5.0
Germany,2013,germany_2013_1,2013-09-20,2,Forsa,,linke,9.0,9.0
Germany,2013,germany_2013_1,2013-09-20,2,Forsa,,gruene,10.0,10.0
Germany,2013,germany_2013_1,2013-09-20,2,Forsa,,piraten,2.0,2.0
Germany,2013,germany_2013_1,2013-09-20,2,Forsa,,afd,4.0,4.0
Germany,2013,germany_2013_2,2013-09-20,2,Emnid,,union,39.0,39.0
Germany,2013,germany_2013_2,2013-09-20,2,Emnid,,spd,26.0,26.0
Germany,2013,germany_2013_2,2013-09-20,2,Emnid,,fdp,5.0,5.0
Germany,2013,germany_2013_2,2013-09-20,2,Emnid,,linke,9.0,9.0
Germany,2013,germany_2013_2,2013-09-20,2,Emnid,,gruene,9.0,9.0
Germany,2013,germany_2013_2,2013-09-20,2,Emnid,,afd,4.0,4.0
Germany,2013,germany_2013_3,2013-09-19,3,INSA,,union,38.0,38.0
Germany,2013,germany_2013_3,2013-09-19,3,INSA,,spd,28.0,28.0
Germany,2013,germany_2013_3,2013-09-19,3,INSA,,fdp,6.0,6.0
Germany,2013,germany_2013_3,2013-09-19,3,INSA,,linke,9.0,9.0
Germany,2013,germany_2013_3,2013-09-19,3,INSA,,gruene,8.0,8.0
Germany,2013,germany_2013_3,2013-09-19,3,INSA,,piraten,2.0,2.0
Germany,2013,germany_2013_3,2013-09-19,3,INSA,,afd,5.0,5.0
Germany,2013,germany_2013_4,2013-09-19,3,FGW,,union,40.0,40.0
Germany,2013,germany_2013_4,2013-09-19,3,FGW,,spd,27.0,27.0
Germany,2013,germany_2013_4,2013-09-19,3,FGW,,fdp,5.5,5.5
Germany,2013,germany_2013_4,2013-09-19,3,FGW,,linke,8.5,8.5
Germany,2013,germany_2013_4,2013-09-19,3,FGW,,gruene,9.0,9.0
Germany,2013,germany_2013_4,2013-09-19,3,FGW,,afd,4.0,4.0
Germany,2013,germany_2013_5,2013-09-18,4,Allensbach,,union,39.0,39.0
Germany,2013,germany_2013_5,2013-09-18,4,Allensbach,,spd,26.0,26.0
Germany,2013,germany_2013_5,2013-09-18,4,Allensbach,,fdp,6.0,6.0
Germany,2013,germany_2013_5,2013-09-18,4,Allensbach,,linke,9.0,9.0
Germany,2013,germany_2013_5,2013-09-18,4,Allensbach,,gruene,11.0,11.0
Germany,2013,germany_2013_5,2013-09-18,4,Allensbach,,piraten,2.0,2.0
Germany,2013,germany_2013_5,2013-09-18,4,Allensbach,,afd,3.5,3.5
Germany,2013,germany_2013_6,2013-09-17,5,Forsa,,union,39.0,39.0
Germany,2013,germany_2013_6,2013-09-17,5,Forsa,,spd,25.0,25.0
Germany,2013,germany_2013_6,2013-09-17,5,Forsa,,fdp,5.0,5.0
Germany,2013,germany_2013_6,2013-09-17,5,Forsa,,linke,10.0,10.0
Germany,2013,germany_2013_6,2013-09-17,5,Forsa,,gruene,9.0,9.0
Germany,2013,germany_2013_6,2013-09-17,5,Forsa,,piraten,3.0,3.0
Germany,2013,germany_2013_6,2013-09-17,5,Forsa,,afd,3.0,3.0
Germany,2013,germany_2013_7,2013-09-15,7,INSA,,union,38.0,38.0
Germany,2013,germany_2013_7,2013-09-15,7,INSA,,spd,27.0,27.0
Germany,2013,germany_2013_7,2013-09-15,7,INSA,,fdp,4.0,4.0
Germany,2013,germany_2013_7,2013-09-15,7,INSA,,linke,8.0,8.0
Germany,2013,germany_2013_7,2013-09-15,7,INSA,,gruene,11.0,11.0
Germany,2013,germany_2013_7,2013-09-15,7,INSA,,piraten,3.0,3.0
Germany,2013,germany_2013_7,2013-09-15,7,INSA,,afd,4.0,4.0
Germany,2013,germany_2013_8,2013-09-15,7,Emnid,,union,39.0,39.0
Germany,2013,germany_2013_8,2013-09-15,7,Emnid,,spd,26.0,26.0
Germany,2013,germany_2013_8,2013-09-15,7,Emnid,,fdp,5.0,5.0
Germany,2013,germany_2013_8,2013-09-15,7,Emnid,,linke,9.0,9.0
Germany,2013,germany_2013_8,2013-09-15,7,Emnid,,gruene,10.0,10.0
Germany,2013,germany_2013_8,2013-09-15,7,Emnid,,piraten,3.0,3.0
Germany,2013,germany_2013_8,2013-09-15,7,Emnid,,afd,4.0,4.0
Germany,2013,germany_2013_9,2013-09-13,9,FGW,,union,40.0,40.0
Germany,2013,germany_2013_9,2013-09-13,9,FGW,,spd,26.0,26.0
Germany,2013,germany_2013_9,2013-09-13,9,FGW,,fdp,6.0,6.0
Germany,2013,germany_2013_9,2013-09-13,9,FGW,,linke,8.0,8.0
Germany,2013,germany_2013_9,2013-09-13,9,FGW,,gruene,11.0,11.0
Germany,2013,germany_2013_9,2013-09-13,9,FGW,,afd,4.0,4.0
Germany,2013,germany_2013_10,2013-09-12,10,Infratest,,union,40.0,40.0
Germany,2013,germany_2013_10,2013-09-12,10,Infratest,,spd,28.0,28.0
Germany,2013,germany_2013_10,2013-09-12,10,Infratest,,fdp,5.0,5.0
Germany,2013,germany_2013_10,2013-09-12,10,Infratest,,linke,8.0,8.0
Germany,2013,germany_2013_10,2013-09-12,10,Infratest,,gruene,10.0,10.0
Germany,2013,germany_2013_10,2013-09-12,10,Infratest,,piraten,2.5,2.5
Germany,2013,germany_2013_10,2013-09-12,10,Infratest,,afd,2.5,2.5
Germany,2013,germany_2013_11,2013-09-11,11,Forsa,,union,39.0,39.0
Germany,2013,germany_2013_11,2013-09-11,11,Forsa,,spd,25.0,25.0
Germany,2013,germany_2013_11,2013-09-11,11,Forsa,,fdp,6.0,6.0
Germany,2013,germany_2013_11,2013-09-11,11,Forsa,,linke,10.0,10.0
Germany,2013,germany_2013_11,2013-09-11,11,Forsa,,gruene,9.0,9.0
Germany,2013,germany_2013_11,2013-09-11,11,Forsa,,piraten,3.0,3.0
Germany,2013,germany_2013_11,2013-09-11,11,Forsa,,afd,3.0,3.0
Germany,2013,germany_2013_12,2013-09-10,12,GMS,,union,40.0,40.0
Germany,2013,germany_2013_12,2013-09-10,12,GMS,,spd,25.0,25.0
Germany,2013,germany_2013_12,2013-09-10,12,GMS,,fdp,5.0,5.0
Germany,2013,germany_2013_12,2013-09-10,12,GMS,,linke,9.0,9.0
Germany,2013,germany_2013_12,2013-09-10,12,GMS,,gruene,11.0,11.0
Germany,2013,germany_2013_12,2013-09-10,12,GMS,,piraten,3.0,3.0
Germany,2013,germany_2013_12,2013-09-10,12,GMS,,afd,3.0,3.0
Germany,2013,germany_2013_13,2013-09-09,13,INSA,,union,39.0,39.0
Germany,2013,germany_2013_13,2013-09-09,13,INSA,,spd,28.0,28.0
Germany,2013,germany_2013_13,2013-09-09,13,INSA,,fdp,4.0,4.0
Germany,2013,germany_2013_13,2013-09-09,13,INSA,,linke,8.0,8.0
Germany,2013,germany_2013_13,2013-09-09,13,INSA,,gruene,11.0,11.0
Germany,2013,germany_2013_13,2013-09-09,13,INSA,,piraten,3.0,3.0
Germany,2013,germany_2013_13,2013-09-09,13,INSA,,afd,3.0,3.0
Germany,2013,germany_2013_14,2013-09-08,14,Emnid,,union,40.0,40.0
Germany,2013,germany_2013_14,2013-09-08,14,Emnid,,spd,25.0,25.0
Germany,2013,germany_2013_14,2013-09-08,14,Emnid,,fdp,5.0,5.0
Germany,2013,germany_2013_14,2013-09-08,14,Emnid,,linke,9.0,9.0
Germany,2013,germany_2013_14,2013-09-08,14,Emnid,,gruene,11.0,11.0
Germany,2013,germany_2013_14,2013-09-08,14,Emnid,,piraten,3.0,3.0
Germany,2013,germany_2013_14,2013-09-08,14,Emnid,,afd,3.0,3.0
Germany,2013,germany_2013_15,2013-09-05,17,FGW,,union,41.0,41.0
Germany,2013,germany_2013_15,2013-09-05,17,FGW,,spd,26.0,26.0
Germany,2013,germany_2013_15,2013-09-05,17,FGW,,fdp,6.0,6.0
Germany,2013,germany_2013_15,2013-09-05,17,FGW,,linke,8.0,8.0
Germany,2013,germany_2013_15,2013-09-05,17,FGW,,gruene,10.0,10.0
Germany,2013,germany_2013_15,2013-09-05,17,FGW,,afd,3.0,3.0
Germany,2013,germany_2013_16,2013-09-05,17,Infratest,,union,41.0,41.0
Germany,2013,germany_2013_16,2013-09-05,17,Infratest,,spd,27.0,27.0
Germany,2013,germany_2013_16,2013-09-05,17,Infratest,,fdp,5.0,5.0
Germany,2013,germany_2013_16,2013-09-05,17,Infratest,,linke,8.0,8.0
Germany,2013,germany_2013_16,2013-09-05,17,Infratest,,gruene,10.0,10.0
Germany,2013,germany_2013_16,2013-09-05,17,Infratest,,piraten,2.0,2.0
Germany,2013,germany_2013_16,2013-09-05,17,Infratest,,afd,3.0,3.0
Germany,2013,germany_2013_17,2013-09-04,18,Forsa,,union,40.0,40.0
Germany,2013,germany_2013_17,2013-09-04,18,Forsa,,spd,23.0,23.0
Germany,2013,germany_2013_17,2013-09-04,18,Forsa,,fdp,5.0,5.0
Germany,2013,germany_2013_17,2013-09-04,18,Forsa,,linke,9.0,9.0
Germany,2013,germany_2013_17,2013-09-04,18,Forsa,,gruene,11.0,11.0
Germany,2013,germany_2013_17,2013-09-04,18,Forsa,,piraten,3.0,3.0
Germany,2013,germany_2013_17,2013-09-04,18,Forsa,,afd,4.0,4.0
Germany,2013,germany_2013_18,2013-09-04,18,Allensbach,,union,40.0,40.0
Germany,2013,germany_2013_18,2013-09-04,18,Allensbach,,spd,25.0,25.0
Germany,2013,germany_2013_18,2013-09-04,18,Allensbach,,fdp,6.0,6.0
Germany,2013,germany_2013_18,2013-09-04,18,Allensbach,,linke,7.5,7.5
Germany,2013,germany_2013_18,2013-09-04,18,Allensbach,,gruene,12.5,12.5
Germany,2013,germany_2013_18,2013-09-04,18,Allensbach,,piraten,2.5,2.5
Germany,2013,germany_2013_18,2013-09-04,18,Allensbach,,afd,3.0,3.0
Germany,2013,germany_2013_19,2013-09-02,20,INSA,,union,39.0,39.0
Germany,2013,germany_2013_19,2013-09-02,20,INSA,,spd,26.0,26.0
Germany,2013,germany_2013_19,2013-09-02,20,INSA,,fdp,5.0,5.0
Germany,2013,germany_2013_19,2013-09-02,20,INSA,,linke,8.0,8.0
Germany,2013,germany_2013_19,2013-09-02,20,INSA,,gruene,13.0,13.0
Germany,2013,germany_2013_19,2013-09-02,20,INSA,,piraten,3.0,3.0
Germany,2013,germany_2013_19,2013-09-02,20,INSA,,afd,3.0,3.0
Germany,2013,germany_2013_20,2013-09-01,21,Emnid,,union,39.0,39.0
Germany,2013,germany_2013_20,2013-09-01,21,Emnid,,spd,23.0,23.0
Germany,2013,germany_2013_20,2013-09-01,21,Emnid,,fdp,6.0,6.0
Germany,2013,germany_2013_20,2013-09-01,21,Emnid,,linke,10.0,10.0
Germany,2013,germany_2013_20,2013-09-01,21,Emnid,,gruene,11.0,11.0
Germany,2013,germany_2013_20,2013-09-01,21,Emnid,,piraten,3.0,3.0
Germany,2013,germany_2013_20,2013-09-01,21,Emnid,,afd,3.0,3.0
Germany,2013,germany_2013_21,2013-08-29,24,FGW,,union,41.0,41.0
Germany,2013,germany_2013_21,2013-08-29,24,FGW,,spd,26.0,26.0
Germany,2013,germany_2013_21,2013-08-29,24,FGW,,fdp,6.0,6.0
Germany,2013,germany_2013_21,2013-08-29,24,FGW,,linke,7.0,7.0
Germany,2013,germany_2013_21,2013-08-29,24,FGW,,gruene,12.0,12.0
Germany,2013,germany_2013_21,2013-08-29,24,FGW,,afd,3.0,3.0
Germany,2013,germany_2013_22,2013-08-29,24,Infratest,,union,41.0,41.0
Germany,2013,germany_2013_22,2013-08-29,24,Infratest,,spd,26.0,26.0
Germany,2013,germany_2013_22,2013-08-29,24,Infratest,,fdp,5.0,5.0
Germany,2013,germany_2013_22,2013-08-29,24,Infratest,,linke,8.0,8.0
Germany,2013,germany_2013_22,2013-08-29,24,Infratest,,gruene,11.0,11.0
Germany,2013,germany_2013_22,2013-08-29,24,Infratest,,afd,3.0,3.0
Germany,2013,germany_2013_23,2013-08-28,25,Forsa,,union,41.0,41.0
Germany,2013,germany_2013_23,2013-08-28,25,Forsa,,spd,22.0,22.0
Germany,2013,germany_2013_23,2013-08-28,25,Forsa,,fdp,5.0,5.0
Germany,2013,germany_2013_23,2013-08-28,25,Forsa,,linke,10.0,10.0
Germany,2013,germany_2013_23,2013-08-28,25,Forsa,,gruene,11.0,11.0
Germany,2013,germany_2013_23,2013-08-28,25,Forsa,,piraten,3.0,3.0
Germany,2013,germany_2013_23,2013-08-28,25,Forsa,,afd,3.0,3.0
Germany,2013,germany_2013_24,2013-08-26,27,INSA,,union,39.0,39.0
Germany,2013,germany_2013_24,2013-08-26,27,INSA,,spd,25.0,25.0
Germany,2013,germany_2013_24,2013-08-26,27,INSA,,fdp,6.0,6.0
Germany,2013,germany_2013_24,2013-08-26,27,INSA,,linke,7.0,7.0
Germany,2013,germany_2013_24,2013-08-26,27,INSA,,gruene,14.0,14.0
Germany,2013,germany_2013_24,2013-08-26,27,INSA,,piraten,3.0,3.0
Germany,2013,germany_2013_24,2013-08-26,27,INSA,,afd,3.0,3.0
Germany,2013,germany_2013_25,2013-08-25,28,Emnid,,union,40.0,40.0
Germany,2013,germany_2013_25,2013-08-25,28,Emnid,,spd,25.0,25.0
Germany,2013,germany_2013_25,2013-08-25,28,Emnid,,fdp,5.0,5.0
Germany,2013,germany_2013_25,2013-08-25,28,Emnid,,linke,8.0,8.0
Germany,2013,germany_2013_25,2013-08-25,28,Emnid,,gruene,12.0,12.0
Germany,2013,germany_2013_25,2013-08-25,28,Emnid,,piraten,3.0,3.0
Germany,2013,germany_2013_25,2013-08-25,28,Emnid,,afd,3.0,3.0
Germany,2013,germany_2013_26,2013-08-23,30,FGW,,union,41.0,41.0
Germany,2013,germany_2013_26,2013-08-23,30,FGW,,spd,25.0,25.0
Germany,2013,germany_2013_26,2013-08-23,30,FGW,,fdp,6.0,6.0
Germany,2013,germany_2013_26,2013-08-23,30,FGW,,linke,8.0,8.0
Germany,2013,germany_2013_26,2013-08-23,30,FGW,,gruene,13.0,13.0
Germany,2013,germany_2013_27,2013-08-23,30,Infratest,,union,42.0,42.0
Germany,2013,germany_2013_27,2013-08-23,30,Infratest,,spd,24.0,24.0
Germany,2013,germany_2013_27,2013-08-23,30,Infratest,,fdp,5.0,5.0
Germany,2013,germany_2013_27,2013-08-23,30,Infratest,,linke,9.0,9.0
Germany,2013,germany_2013_27,2013-08-23,30,Infratest,,gruene,12.0,12.0
Germany,2013,germany_2013_27,2013-08-23,30,Infratest,,piraten,2.0,2.0
Germany,2013,germany_2013_27,2013-08-23,30,Infratest,,afd,3.0,3.0
Germany,2013,germany_2013_28,2013-08-21,32,Forsa,,union,41.0,41.0
Germany,2013,germany_2013_28,2013-08-21,32,Forsa,,spd,22.0,22.0
Germany,2013,germany_2013_28,2013-08-21,32,Forsa,,fdp,6.0,6.0
Germany,2013,germany_2013_28,2013-08-21,32,Forsa,,linke,8.0,8.0
Germany,2013,germany_2013_28,2013-08-21,32,Forsa,,gruene,13.0,13.0
Germany,2013,germany_2013_28,2013-08-21,32,Forsa,,piraten,3.0,3.0
Germany,2013,germany_2013_28,2013-08-21,32,Forsa,,afd,2.0,2.0
Germany,2013,germany_2013_29,2013-08-21,32,Allensbach,,union,39.0,39.0
Germany,2013,germany_2013_29,2013-08-21,32,Allensbach,,spd,24.5,24.5
Germany,2013,germany_2013_29,2013-08-21,32,Allensbach,,fdp,7.0,7.0
Germany,2013,germany_2013_29,2013-08-21,32,Allensbach,,linke,7.0,7.0
Germany,2013,germany_2013_29,2013-08-21,32,Allensbach,,gruene,13.5,13.5
Germany,2013,germany_2013_29,2013-08-21,32,Allensbach,,piraten,2.0,2.0
Germany,2013,germany_2013_29,2013-08-21,32,Allensbach,,afd,3.0,3.0
Germany,2013,germany_2013_30,2013-08-20,33,INSA,,union,38.0,38.0
Germany,2013,germany_2013_30,2013-08-20,33,INSA,,spd,26.0,26.0
Germany,2013,germany_2013_30,2013-08-20,33,INSA,,fdp,5.0,5.0
Germany,2013,germany_2013_30,2013-08-20,33,INSA,,linke,8.0,8.0
Germany,2013,germany_2013_30,2013-08-20,33,INSA,,gruene,15.0,15.0
Germany,2013,germany_2013_30,2013-08-20,33,INSA,,piraten,3.0,3.0
Germany,2013,germany_2013_30,2013-08-20,33,INSA,,afd,3.0,3.0
Germany,2013,germany_2013_31,2013-08-20,33,GMS,,union,41.0,41.0
Germany,2013,germany_2013_31,2013-08-20,33,GMS,,spd,25.0,25.0
Germany,2013,germany_2013_31,2013-08-20,33,GMS,,fdp,6.0,6.0
Germany,2013,germany_2013_31,2013-08-20,33,GMS,,linke,8.0,8.0
Germany,2013,germany_2013_31,2013-08-20,33,GMS,,gruene,12.0,12.0
Germany,2013,germany_2013_31,2013-08-20,33,GMS,,piraten,3.0,3.0
Germany,2013,germany_2013_31,2013-08-20,33,GMS,,afd,1.0,1.0
Germany,2013,germany_2013_32,2013-08-18,35,Emnid,,union,40.0,40.0
Germany,2013,germany_2013_32,2013-08-18,35,Emnid,,spd,24.0,24.0
Germany,2013,germany_2013_32,2013-08-18,35,Emnid,,fdp,6.0,6.0
Germany,2013,germany_2013_32,2013-08-18,35,Emnid,,linke,8.0,8.0
Germany,2013,germany_2013_32,2013-08-18,35,Emnid,,gruene,12.0,12.0
Germany,2013,germany_2013_32,2013-08-18,35,Emnid,,piraten,4.0,4.0
Germany,2013,germany_2013_32,2013-08-18,35,Emnid,,afd,1.0,1.0
Germany,2013,germany_2013_33,2013-08-16,37,FGW,,union,41.0,41.0
Germany,2013,germany_2013_33,2013-08-16,37,FGW,,spd,25.0,25.0
Germany,2013,germany_2013_33,2013-08-16,37,FGW,,fdp,5.0,5.0
Germany,2013,germany_2013_33,2013-08-16,37,FGW,,linke,8.0,8.0
Germany,2013,germany_2013_33,2013-08-16,37,FGW,,gruene,13.0,13.0
Germany,2013,germany_2013_33,2013-08-16,37,FGW,,piraten,3.0,3.0
Germany,2013,germany_2013_34,2013-08-15,38,Infratest,,union,42.0,42.0
Germany,2013,germany_2013_34,2013-08-15,38,Infratest,,spd,25.0,25.0
Germany,2013,germany_2013_34,2013-08-15,38,Infratest,,fdp,5.0,5.0
Germany,2013,germany_2013_34,2013-08-15,38,Infratest,,linke,8.0,8.0
Germany,2013,germany_2013_34,2013-08-15,38,Infratest,,gruene,12.0,12.0
Germany,2013,germany_2013_34,2013-08-15,38,Infratest,,piraten,3.0,3.0
Germany,2013,germany_2013_35,2013-08-14,39,Forsa,,union,40.0,40.0
Germany,2013,germany_2013_35,2013-08-14,39,Forsa,,spd,23.0,23.0
Germany,2013,germany_2013_35,2013-08-14,39,Forsa,,fdp,5.0,5.0
Germany,2013,germany_2013_35,2013-08-14,39,Forsa,,linke,8.0,8.0
Germany,2013,germany_2013_35,2013-08-14,39,Forsa,,gruene,13.0,13.0
Germany,2013,germany_2013_35,2013-08-14,39,Forsa,,piraten,3.0,3.0
Germany,2013,germany_2013_35,2013-08-14,39,Forsa,,afd,3.0,3.0
Germany,2013,germany_2013_36,2013-08-13,40,INSA,,union,39.0,39.0
Germany,2013,germany_2013_36,2013-08-13,40,INSA,,spd,26.0,26.0
Germany,2013,germany_2013_36,2013-08-13,40,INSA,,fdp,5.0,5.0
Germany,2013,germany_2013_36,2013-08-13,40,INSA,,linke,8.0,8.0
Germany,2013,germany_2013_36,2013-08-13,40,INSA,,gruene,14.0,14.0
Germany,2013,germany_2013_36,2013-08-13,40,INSA,,piraten,2.0,2.0
Germany,2013,germany_2013_36,2013-08-13,40,INSA,,afd,3.0,3.0
Germany,2013,germany_2013_37,2013-08-11,42,Emnid,,union,41.0,41.0
Germany,2013,germany_2013_37,2013-08-11,42,Emnid,,spd,25.0,25.0
Germany,2013,germany_2013_37,2013-08-11,42,Emnid,,fdp,5.0,5.0
Germany,2013,germany_2013_37,2013-08-11,42,Emnid,,linke,8.0,8.0
Germany,2013,germany_2013_37,2013-08-11,42,Emnid,,gruene,13.0,13.0
Germany,2013,germany_2013_37,2013-08-11,42,Emnid,,piraten,3.0,3.0
Germany,2013,germany_2013_37,2013-08-11,42,Emnid,,afd,2.0,2.0
Germany,2013,germany_2013_38,2013-08-09,44,Infratest,,union,42.0,42.0
Germany,2013,germany_2013_38,2013-08-09,44,Infratest,,spd,25.0,25.0
Germany,2013,germany_2013_38,2013-08-09,44,Infratest,,fdp,5.0,5.0
Germany,2013,germany_2013_38,2013-08-09,44,Infratest,,linke,7.0,7.0
Germany,2013,germany_2013_38,2013-08-09,44,Infratest,,gruene,13.0,13.0
Germany,2013,germany_2013_38,2013-08-09,44,Infratest,,piraten,3.0,3.0
Germany,2013,germany_2013_39,2013-08-07,46,Forsa,,union,40.0,40.0
Germany,2013,germany_2013_39,2013-08-07,46,Forsa,,spd,23.0,23.0
Germany,2013,germany_2013_39,2013-08-07,46,Forsa,,fdp,5.0,5.0
Germany,2013,germany_2013_39,2013-08-07,46,Forsa,,linke,7.0,7.0
Germany,2013,germany_2013_39,2013-08-07,46,Forsa,,gruene,14.0,14.0
Germany,2013,germany_2013_39,2013-08-07,46,Forsa,,piraten,3.0,3.0
Germany,2013,germany_2013_39,2013-08-07,46,Forsa,,afd,3.0,3.0
Germany,2013,germany_2013_40,2013-08-05,48,INSA,,union,39.0,39.0
Germany,2013,germany_2013_40,2013-08-05,48,INSA,,spd,26.0,26.0
Germany,2013,germany_2013_40,2013-08-05,48,INSA,,fdp,5.0,5.0
Germany,2013,germany_2013_40,2013-08-05,48,INSA,,linke,8.0,8.0
Germany,2013,germany_2013_40,2013-08-05,48,INSA,,gruene,14.0,14.0
Germany,2013,germany_2013_40,2013-08-05,48,INSA,,piraten,2.0,2.0
Germany,2013,germany_2013_40,2013-08-05,48,INSA,,afd,2.0,2.0
Germany,2013,germany_2013_41,2013-08-04,49,Emnid,,union,40.0,40.0
Germany,2013,germany_2013_41,2013-08-04,49,Emnid,,spd,25.0,25.0
Germany,2013,germany_2013_41,2013-08-04,49,Emnid,,fdp,5.0,5.0
Germany,2013,germany_2013_41,2013-08-04,49,Emnid,,linke,8.0,8.0
Germany,2013,germany_2013_41,2013-08-04,49,Emnid,,gruene,13.0,13.0
Germany,2013,germany_2013_41,2013-08-04,49,Emnid,,piraten,3.0,3.0
Germany,2013,germany_2013_41,2013-08-04,49,Emnid,,afd,2.0,2.0
Germany,2013,germany_2013_42,2013-08-02,51,FGW,,union,40.0,40.0
Germany,2013,germany_2013_42,2013-08-02,51,FGW,,spd,27.0,27.0
Germany,2013,germany_2013_42,2013-08-02,51,FGW,,fdp,5.0,5.0
Germany,2013,germany_2013_42,2013-08-02,51,FGW,,linke,7.0,7.0
Germany,2013,germany_2013_42,2013-08-02,51,FGW,,gruene,14.0,14.0
Germany,2013,germany_2013_43,2013-08-01,52,Infratest,,union,42.0,42.0
Germany,2013,germany_2013_43,2013-08-01,52,Infratest,,spd,26.0,26.0
Germany,2013,germany_2013_43,2013-08-01,52,Infratest,,fdp,5.0,5.0
Germany,2013,germany_2013_43,2013-08-01,52,Infratest,,linke,7.0,7.0
Germany,2013,germany_2013_43,2013-08-01,52,Infratest,,gruene,13.0,13.0
Germany,2013,germany_2013_44,2013-07-31,53,Forsa,,union,41.0,41.0
Germany,2013,germany_2013_44,2013-07-31,53,Forsa,,spd,22.0,22.0
Germany,2013,germany_2013_44,2013-07-31,53,Forsa,,fdp,5.0,5.0
Germany,2013,germany_2013_44,2013-07-31,53,Forsa,,linke,8.0,8.0
Germany,2013,germany_2013_44,2013-07-31,53,Forsa,,gruene,13.0,13.0
Germany,2013,germany_2013_44,2013-07-31,53,Forsa,,piraten,3.0,3.0
Germany,2013,germany_2013_44,2013-07-31,53,Forsa,,afd,2.0,2.0
Germany,2013,germany_2013_45,2013-07-30,54,INSA,,union,39.0,39.0
Germany,2013,germany_2013_45,2013-07-30,54,INSA,,spd,26.0,26.0
Germany,2013,germany_2013_45,2013-07-30,54,INSA,,fdp,4.0,4.0
Germany,2013,germany_2013_45,2013-07-30,54,INSA,,linke,7.0,7.0
Germany,2013,germany_2013_45,2013-07-30,54,INSA,,gruene,15.0,15.0
Germany,2013,germany_2013_45,2013-07-30,54,INSA,,piraten,2.0,2.0
Germany,2013,germany_2013_45,2013-07-30,54,INSA,,afd,3.0,3.0
Germany,2013,germany_2013_46,2013-07-28,56,Emnid,,union,40.0,40.0
Germany,2013,germany_2013_46,2013-07-28,56,Emnid,,spd,25.0,25.0
Germany,2013,germany_2013_46,2013-07-28,56,Emnid,,fdp,5.0,5.0
Germany,2013,germany_2013_46,2013-07-28,56,Emnid,,linke,8.0,8.0
Germany,2013,germany_2013_46,2013-07-28,56,Emnid,,gruene,13.0,13.0
Germany,2013,germany_2013_46,2013-07-28,56,Emnid,,piraten,3.0,3.0
Germany,2013,germany_2013_46,2013-07-28,56,Emnid,,afd,3.0,3.0
Germany,2013,germany_2013_47,2013-07-25,59,Infratest,,union,42.0,42.0
Germany,2013,germany_2013_47,2013-07-25,59,Infratest,,spd,25.0,25.0
Germany,2013,germany_2013_47,2013-07-25,59,Infratest,,fdp,4.0,4.0
Germany,2013,germany_2013_47,2013-07-25,59,Infratest,,linke,7.0,7.0
Germany,2013,germany_2013_47,2013-07-25,59,Infratest,,gruene,14.0,14.0
Germany,2013,germany_2013_47,2013-07-25,59,Infratest,,piraten,2.0,2.0
Germany,2013,germany_2013_47,2013-07-25,59,Infratest,,afd,2.0,2.0
Germany,2013,germany_2013_48,2013-07-24,60,Forsa,,union,41.0,41.0
Germany,2013,germany_2013_48,2013-07-24,60,Forsa,,spd,22.0,22.0
Germany,2013,germany_2013_48,2013-07-24,60,Forsa,,fdp,5.0,5.0
Germany,2013,germany_2013_48,2013-07-24,60,Forsa,,linke,9.0,9.0
Germany,2013,germany_2013_48,2013-07-24,60,Forsa,,gruene,12.0,12.0
Germany,2013,germany_2013_48,2013-07-24,60,Forsa,,piraten,4.0,4.0
Germany,2013,germany_2013_48,2013-07-24,60,Forsa,,afd,2.0,2.0
Germany,2013,germany_2013_49,2013-07-23,61,INSA,,union,38.0,38.0
Germany,2013,germany_2013_49,2013-07-23,61,INSA,,spd,26.0,26.0
Germany,2013,germany_2013_49,2013-07-23,61,INSA,,fdp,5.0,5.0
Germany,2013,germany_2013_49,2013-07-23,61,INSA,,linke,7.0,7.0
Germany,2013,germany_2013_49,2013-07-23,61,INSA,,gruene,15.0,15.0
Germany,2013,germany_2013_49,2013-07-23,61,INSA,,piraten,2.0,2.0
Germany,2013,germany_2013_49,2013-07-23,61,INSA,,afd,3.0,3.0
Germany,2013,germany_2013_50,2013-07-21,63,Emnid,,union,40.0,40.0
Germany,2013,germany_2013_50,2013-07-21,63,Emnid,,spd,25.0,25.0
Germany,2013,germany_2013_50,2013-07-21,63,Emnid,,fdp,6.0,6.0
Germany,2013,germany_2013_50,2013-07-21,63,Emnid,,linke,8.0,8.0
Germany,2013,germany_2013_50,2013-07-21,63,Emnid,,gruene,13.0,13.0
Germany,2013,germany_2013_50,2013-07-21,63,Emnid,,piraten,3.0,3.0
Germany,2013,germany_2013_50,2013-07-21,63,Emnid,,afd,2.0,2.0
Germany,2013,germany_2013_51,2013-07-19,65,Infratest,,union,41.0,41.0
Germany,2013,germany_2013_51,2013-07-19,65,Infratest,,spd,26.0,26.0
Germany,2013,germany_2013_51,2013-07-19,65,Infratest,,fdp,4.0,4.0
Germany,2013,germany_2013_51,2013-07-19,65,Infratest,,linke,7.0,7.0
Germany,2013,germany_2013_51,2013-07-19,65,Infratest,,gruene,13.0,13.0
Germany,2013,germany_2013_51,2013-07-19,65,Infratest,,piraten,2.0,2.0
Germany,2013,germany_2013_51,2013-07-19,65,Infratest,,afd,3.0,3.0
Germany,2013,germany_2013_52,2013-07-17,67,Forsa,,union,41.0,41.0
Germany,2013,germany_2013_52,2013-07-17,67,Forsa,,spd,23.0,23.0
Germany,2013,germany_2013_52,2013-07-17,67,Forsa,,fdp,5.0,5.0
Germany,2013,germany_2013_52,2013-07-17,67,Forsa,,linke,8.0,8.0
Germany,2013,germany_2013_52,2013-07-17,67,Forsa,,gruene,14.0,14.0
Germany,2013,germany_2013_52,2013-07-17,67,Forsa,,piraten,2.0,2.0
Germany,2013,germany_2013_52,2013-07-17,67,Forsa,,afd,2.0,2.0
Germany,2013,germany_2013_53,2013-07-16,68,INSA,,union,38.0,38.0
Germany,2013,germany_2013_53,2013-07-16,68,INSA,,spd,26.0,26.0
Germany,2013,germany_2013_53,2013-07-16,68,INSA,,fdp,5.0,5.0
Germany,2013,germany_2013_53,2013-07-16,68,INSA,,linke,8.0,8.0
Germany,2013,germany_2013_53,2013-07-16,68,INSA,,gruene,15.0,15.0
Germany,2013,germany_2013_53,2013-07-16,68,INSA,,piraten,2.0,2.0
Germany,2013,germany_2013_53,2013-07-16,68,INSA,,afd,3.0,3.0
Germany,2013,germany_2013_54,2013-07-16,68,GMS,,union,41.0,41.0
Germany,2013,germany_2013_54,2013-07-16,68,GMS,,spd,25.0,25.0
Germany,2013,germany_2013_54,2013-07-16,68,GMS,,fdp,5.0,5.0
Germany,2013,germany_2013_54,2013-07-16,68,GMS,,linke,7.0,7.0
Germany,2013,germany_2013_54,2013-07-16,68,GMS,,gruene,13.0,13.0
Germany,2013,germany_2013_54,2013-07-16,68,GMS,,piraten,2.0,2.0
Germany,2013,germany_2013_54,2013-07-16,68,GMS,,afd,2.0,2.0
Germany,2013,germany_2013_55,2013-07-14,70,Emnid,,union,41.0,41.0
Germany,2013,germany_2013_55,2013-07-14,70,Emnid,,spd,26.0,26.0
Germany,2013,germany_2013_55,2013-07-14,70,Emnid,,fdp,5.0,5.0
Germany,2013,germany_2013_55,2013-07-14,70,Emnid,,linke,7.0,7.0
Germany,2013,germany_2013_55,2013-07-14,70,Emnid,,gruene,12.0,12.0
Germany,2013,germany_2013_55,2013-07-14,70,Emnid,,piraten,4.0,4.0
Germany,2013,germany_2013_55,2013-07-14,70,Emnid,,afd,1.0,1.0
Germany,2013,germany_2013_56,2013-07-12,72,Infratest,,union,41.0,41.0
Germany,2013,germany_2013_56,2013-07-12,72,Infratest,,spd,26.0,26.0
Germany,2013,germany_2013_56,2013-07-12,72,Infratest,,fdp,4.0,4.0
Germany,2013,germany_2013_56,2013-07-12,72,Infratest,,linke,6.0,6.0
Germany,2013,germany_2013_56,2013-07-12,72,Infratest,,gruene,14.0,14.0
Germany,2013,germany_2013_56,2013-07-12,72,Infratest,,afd,3.0,3.0
Germany,2013,germany_2013_57,2013-07-12,72,FGW,,union,41.0,41.0
Germany,2013,germany_2013_57,2013-07-12,72,FGW,,spd,26.0,26.0
Germany,2013,germany_2013_57,2013-07-12,72,FGW,,fdp,5.0,5.0
Germany,2013,germany_2013_57,2013-07-12,72,FGW,,linke,7.0,7.0
Germany,2013,germany_2013_57,2013-07-12,72,FGW,,gruene,13.0,13.0
Germany,2013,germany_2013_57,2013-07-12,72,FGW,,afd,3.0,3.0
Germany,2013,germany_2013_58,2013-07-12,72,Allensbach,,union,40.0,40.0
Germany,2013,germany_2013_58,2013-07-12,72,Allensbach,,spd,25.5,25.5
Germany,2013,germany_2013_58,2013-07-12,72,Allensbach,,fdp,6.5,6.5
Germany,2013,germany_2013_58,2013-07-12,72,Allensbach,,linke,6.0,6.0
Germany,2013,germany_2013_58,2013-07-12,72,Allensbach,,gruene,12.5,12.5
Germany,2013,germany_2013_58,2013-07-12,72,Allensbach,,piraten,2.0,2.0
Germany,2013,germany_2013_58,2013-07-12,72,Allensbach,,afd,3.5,3.5
Germany,2013,germany_2013_59,2013-07-10,74,Forsa,,union,41.0,41.0
Germany,2013,germany_2013_59,2013-07-10,74,Forsa,,spd,22.0,22.0
Germany,2013,germany_2013_59,2013-07-10,74,Forsa,,fdp,5.0,5.0
Germany,2013,germany_2013_59,2013-07-10,74,Forsa,,linke,9.0,9.0
Germany,2013,germany_2013_59,2013-07-10,74,Forsa,,gruene,15.0,15.0
Germany,2013,germany_2013_59,2013-07-10,74,Forsa,,piraten,2.0,2.0
Germany,2013,germany_2013_59,2013-07-10,74,Forsa,,afd,2.0,2.0
Germany,2013,germany_2013_60,2013-07-09,75,INSA,,union,39.0,39.0
Germany,2013,germany_2013_60,2013-07-09,75,INSA,,spd,26.0,26.0
Germany,2013,germany_2013_60,2013-07-09,75,INSA,,fdp,5.0,5.0
Germany,2013,germany_2013_60,2013-07-09,75,INSA,,linke,7.0,7.0
Germany,2013,germany_2013_60,2013-07-09,75,INSA,,gruene,14.0,14.0
Germany,2013,germany_2013_60,2013-07-09,75,INSA,,piraten,2.0,2.0
Germany,2013,germany_2013_60,2013-07-09,75,INSA,,afd,3.0,3.0
Germany,2013,germany_2013_61,2013-07-07,77,Emnid,,union,42.0,42.0
Germany,2013,germany_2013_61,2013-07-07,77,Emnid,,spd,26.0,26.0
Germany,2013,germany_2013_61,2013-07-07,77,Emnid,,fdp,4.0,4.0
Germany,2013,germany_2013_61,2013-07-07,77,Emnid,,linke,8.0,8.0
Germany,2013,germany_2013_61,2013-07-07,77,Emnid,,gruene,12.0,12.0
Germany,2013,germany_2013_61,2013-07-07,77,Emnid,,piraten,3.0,3.0
Germany,2013,germany_2013_61,2013-07-07,77,Emnid,,afd,2.0,2.0
Germany,2013,germany_2013_62,2013-07-04,80,Infratest,,union,42.0,42.0
Germany,2013,germany_2013_62,2013-07-04,80,Infratest,,spd,25.0,25.0
Germany,2013,germany_2013_62,2013-07-04,80,Infratest,,fdp,4.0,4.0
Germany,2013,germany_2013_62,2013-07-04,80,Infratest,,linke,7.0,7.0
Germany,2013,germany_2013_62,2013-07-04,80,Infratest,,gruene,14.0,14.0
Germany,2013,germany_2013_62,2013-07-04,80,Infratest,,piraten,3.0,3.0
Germany,2013,germany_2013_63,2013-07-03,81,Forsa,,union,41.0,41.0
Germany,2013,germany_2013_63,2013-07-03,81,Forsa,,spd,22.0,22.0
Germany,2013,germany_2013_63,2013-07-03,81,Forsa,,fdp,5.0,5.0
Germany,2013,germany_2013_63,2013-07-03,81,Forsa,,linke,9.0,9.0
Germany,2013,germany_2013_63,2013-07-03,81,Forsa,,gruene,14.0,14.0
Germany,2013,germany_2013_63,2013-07-03,81,Forsa,,piraten,2.0,2.0
Germany,2013,germany_2013_63,2013-07-03,81,Forsa,,afd,2.0,2.0
Germany,2013,germany_2013_64,2013-07-01,83,INSA,,union,40.0,40.0
Germany,2013,germany_2013_64,2013-07-01,83,INSA,,spd,25.0,25.0
Germany,2013,germany_2013_64,2013-07-01,83,INSA,,fdp,4.0,4.0
Germany,2013,germany_2013_64,2013-07-01,83,INSA,,linke,7.0,7.0
Germany,2013,germany_2013_64,2013-07-01,83,INSA,,gruene,15.0,15.0
Germany,2013,germany_2013_64,2013-07-01,83,INSA,,piraten,2.0,2.0
Germany,2013,germany_2013_64,2013-07-01,83,INSA,,afd,3.0,3.0
Germany,2013,germany_2013_65,2013-06-30,84,Emnid,,union,41.0,41.0
Germany,2013,germany_2013_65,2013-06-30,84,Emnid,,spd,25.0,25.0
Germany,2013,germany_2013_65,2013-06-30,84,Emnid,,fdp,5.0,5.0
Germany,2013,germany_2013_65,2013-06-30,84,Emnid,,linke,7.0,7.0
Germany,2013,germany_2013_65,2013-06-30,84,Emnid,,gruene,13.0,13.0
Germany,2013,germany_2013_65,2013-06-30,84,Emnid,,piraten,3.0,3.0
Germany,2013,germany_2013_65,2013-06-30,84,Emnid,,afd,2.0,2.0
Germany,2013,germany_2013_66,2013-06-28,86,Infratest,,union,41.0,41.0
Germany,2013,germany_2013_66,2013-06-28,86,Infratest,,spd,26.0,26.0
Germany,2013,germany_2013_66,2013-06-28,86,Infratest,,fdp,4.0,4.0
Germany,2013,germany_2013_66,2013-06-28,86,Infratest,,linke,7.0,7.0
Germany,2013,germany_2013_66,2013-06-28,86,Infratest,,gruene,13.0,13.0
Germany,2013,germany_2013_66,2013-06-28,86,Infratest,,piraten,3.0,3.0
Germany,2013,germany_2013_67,2013-06-28,86,FGW,,union,43.0,43.0
Germany,2013,germany_2013_67,2013-06-28,86,FGW,,spd,26.0,26.0
Germany,2013,germany_2013_67,2013-06-28,86,FGW,,fdp,4.0,4.0
Germany,2013,germany_2013_67,2013-06-28,86,FGW,,linke,6.0,6.0
Germany,2013,germany_2013_67,2013-06-28,86,FGW,,gruene,13.0,13.0
Germany,2013,germany_2013_67,2013-06-28,86,FGW,,afd,3.0,3.0
Germany,2013,germany_2013_68,2013-06-26,88,Forsa,,union,41.0,41.0
Germany,2013,germany_2013_68,2013-06-26,88,Forsa,,spd,22.0,22.0
Germany,2013,germany_2013_68,2013-06-26,88,Forsa,,fdp,5.0,5.0
Germany,2013,germany_2013_68,2013-06-26,88,Forsa,,linke,8.0,8.0
Germany,2013,germany_2013_68,2013-06-26,88,Forsa,,gruene,15.0,15.0
Germany,2013,germany_2013_68,2013-06-26,88,Forsa,,piraten,2.0,2.0
Germany,2013,germany_2013_68,2013-06-26,88,Forsa,,afd,2.0,2.0
Germany,2013,germany_2013_69,2013-06-24,90,INSA,,union,39.0,39.0
Germany,2013,germany_2013_69,2013-06-24,90,INSA,,spd,26.0,26.0
Germany,2013,germany_2013_69,2013-06-24,90,INSA,,fdp,4.0,4.0
Germany,2013,germany_2013_69,2013-06-24,90,INSA,,linke,7.0,7.0
Germany,2013,germany_2013_69,2013-06-24,90,INSA,,gruene,16.0,16.0
Germany,2013,germany_2013_69,2013-06-24,90,INSA,,piraten,2.0,2.0
Germany,2013,germany_2013_69,2013-06-24,90,INSA,,afd,2.0,2.0
Germany,2013,germany_2013_70,2013-06-23,91,Emnid,,union,41.0,41.0
Germany,2013,germany_2013_70,2013-06-23,91,Emnid,,spd,25.0,25.0
Germany,2013,germany_2013_70,2013-06-23,91,Emnid,,fdp,4.0,4.0
Germany,2013,germany_2013_70,2013-06-23,91,Emnid,,linke,8.0,8.0
Germany,2013,germany_2013_70,2013-06-23,91,Emnid,,gruene,14.0,14.0
Germany,2013,germany_2013_70,2013-06-23,91,Emnid,,piraten,3.0,3.0
Germany,2013,germany_2013_70,2013-06-23,91,Emnid,,afd,2.0,2.0
Germany,2013,germany_2013_71,2013-06-21,93,Infratest,,union,41.0,41.0
Germany,2013,germany_2013_71,2013-06-21,93,Infratest,,spd,25.0,25.0
Germany,2013,germany_2013_71,2013-06-21,93,Infratest,,fdp,5.0,5.0
Germany,2013,germany_2013_71,2013-06-21,93,Infratest,,linke,7.0,7.0
Germany,2013,germany_2013_71,2013-06-21,93,Infratest,,gruene,14.0,14.0
Germany,2013,germany_2013_72,2013-06-19,95,Forsa,,union,40.0,40.0
Germany,2013,germany_2013_72,2013-06-19,95,Forsa,,spd,22.0,22.0
Germany,2013,germany_2013_72,2013-06-19,95,Forsa,,fdp,6.0,6.0
Germany,2013,germany_2013_72,2013-06-19,95,Forsa,,linke,8.0,8.0
Germany,2013,germany_2013_72,2013-06-19,95,Forsa,,gruene,15.0,15.0
Germany,2013,germany_2013_72,2013-06-19,95,Forsa,,piraten,2.0,2.0
Germany,2013,germany_2013_72,2013-06-19,95,Forsa,,afd,2.0,2.0
Germany,2013,germany_2013_73,2013-06-19,95,INSA,,union,40.0,40.0
Germany,2013,germany_2013_73,2013-06-19,95,INSA,,spd,25.0,25.0
Germany,2013,germany_2013_73,2013-06-19,95,INSA,,fdp,4.0,4.0
Germany,2013,germany_2013_73,2013-06-19,95,INSA,,linke,7.0,7.0
Germany,2013,germany_2013_73,2013-06-19,95,INSA,,gruene,15.0,15.0
Germany,2013,germany_2013_73,2013-06-19,95,INSA,,piraten,3.0,3.0
Germany,2013,germany_2013_73,2013-06-19,95,INSA,,afd,3.0,3.0
Germany,2013,germany_2013_74,2013-06-19,95,Allensbach,,union,38.0,38.0
Germany,2013,germany_2013_74,2013-06-19,95,Allensbach,,spd,26.0,26.0
Germany,2013,germany_2013_74,2013-06-19,95,Allensbach,,fdp,6.0,6.0
Germany,2013,germany_2013_74,2013-06-19,95,Allensbach,,linke,7.0,7.0
Germany,2013,germany_2013_74,2013-06-19,95,Allensbach,,gruene,14.0,14.0
Germany,2013,germany_2013_74,2013-06-19,95,Allensbach,,piraten,2.0,2.0
Germany,2013,germany_2013_74,2013-06-19,95,Allensbach,,afd,3.0,3.0
Germany,2013,germany_2013_75,2013-06-18,96,GMS,,union,41.0,41.0
Germany,2013,germany_2013_75,2013-06-18,96,GMS,,spd,25.0,25.0
Germany,2013,germany_2013_75,2013-06-18,96,GMS,,fdp,5.0,5.0
Germany,2013,germany_2013_75,2013-06-18,96,GMS,,linke,8.0,8.0
Germany,2013,germany_2013_75,2013-06-18,96,GMS,,gruene,14.0,14.0
Germany,2013,germany_2013_75,2013-06-18,96,GMS,,piraten,2.0,2.0
Germany,2013,germany_2013_75,2013-06-18,96,GMS,,afd,2.0,2.0
Germany,2013,germany_2013_76,2013-06-16,98,Emnid,,union,41.0,41.0
Germany,2013,germany_2013_76,2013-06-16,98,Emnid,,spd,25.0,25.0
Germany,2013,germany_2013_76,2013-06-16,98,Emnid,,fdp,5.0,5.0
Germany,2013,germany_2013_76,2013-06-16,98,Emnid,,linke,8.0,8.0
Germany,2013,germany_2013_76,2013-06-16,98,Emnid,,gruene,13.0,13.0
Germany,2013,germany_2013_76,2013-06-16,98,Emnid,,piraten,3.0,3.0
Germany,2013,germany_2013_76,2013-06-16,98,Emnid,,afd,2.0,2.0
Germany,2013,germany_2013_77,2013-06-14,100,Infratest,,union,41.0,41.0
Germany,2013,germany_2013_77,2013-06-14,100,Infratest,,spd,26.0,26.0
Germany,2013,germany_2013_77,2013-06-14,100,Infratest,,fdp,4.0,4.0
Germany,2013,germany_2013_77,2013-06-14,100,Infratest,,linke,7.0,7.0
Germany,2013,germany_2013_77,2013-06-14,100,Infratest,,gruene,15.0,15.0
Germany,2013,germany_2013_77,2013-06-14,100,Infratest,,afd,2.0,2.0
Germany,2013,germany_2013_78,2013-06-12,102,Forsa,,union,40.0,40.0
Germany,2013,germany_2013_78,2013-06-12,102,Forsa,,spd,24.0,24.0
Germany,2013,germany_2013_78,2013-06-12,102,Forsa,,fdp,5.0,5.0
Germany,2013,germany_2013_78,2013-06-12,102,Forsa,,linke,9.0,9.0
Germany,2013,germany_2013_78,2013-06-12,102,Forsa,,gruene,13.0,13.0
Germany,2013,germany_2013_78,2013-06-12,102,Forsa,,piraten,2.0,2.0
Germany,2013,germany_2013_78,2013-06-12,102,Forsa,,afd,2.0,2.0
Germany,2013,germany_2013_79,2013-06-11,103,INSA,,union,39.0,39.0
Germany,2013,germany_2013_79,2013-06-11,103,INSA,,spd,26.0,26.0
Germany,2013,germany_2013_79,2013-06-11,103,INSA,,fdp,5.0,5.0
Germany,2013,germany_2013_79,2013-06-11,103,INSA,,linke,7.0,7.0
Germany,2013,germany_2013_79,2013-06-11,103,INSA,,gruene,14.0,14.0
Germany,2013,germany_2013_79,2013-06-11,103,INSA,,piraten,2.0,2.0
Germany,2013,germany_2013_79,2013-06-11,103,INSA,,afd,3.0,3.0
Germany,2013,germany_2013_80,2013-06-09,105,Emnid,,union,41.0,41.0
Germany,2013,germany_2013_80,2013-06-09,105,Emnid,,spd,26.0,26.0
Germany,2013,germany_2013_80,2013-06-09,105,Emnid,,fdp,4.0,4.0
Germany,2013,germany_2013_80,2013-06-09,105,Emnid,,linke,7.0,7.0
Germany,2013,germany_2013_80,2013-06-09,105,Emnid,,gruene,13.0,13.0
Germany,2013,germany_2013_80,2013-06-09,105,Emnid,,piraten,3.0,3.0
Germany,2013,germany_2013_80,2013-06-09,105,Emnid,,afd,3.0,3.0
Germany,2013,germany_2013_81,2013-06-07,107,FGW,,union,42.0,42.0
Germany,2013,germany_2013_81,2013-06-07,107,FGW,,spd,28.0,28.0
Germany,2013,germany_2013_81,2013-06-07,107,FGW,,fdp,4.0,4.0
Germany,2013,germany_2013_81,2013-06-07,107,FGW,,linke,6.0,6.0
Germany,2013,germany_2013_81,2013-06-07,107,FGW,,gruene,13.0,13.0
Germany,2013,germany_2013_81,2013-06-07,107,FGW,,afd,3.0,3.0
Germany,2013,germany_2013_82,2013-06-06,108,Infratest,,union,41.0,41.0
Germany,2013,germany_2013_82,2013-06-06,108,Infratest,,spd,27.0,27.0
Germany,2013,germany_2013_82,2013-06-06,108,Infratest,,fdp,4.0,4.0
Germany,2013,germany_2013_82,2013-06-06,108,Infratest,,linke,6.0,6.0
Germany,2013,germany_2013_82,2013-06-06,108,Infratest,,gruene,14.0,14.0
Germany,2013,germany_2013_82,2013-06-06,108,Infratest,,afd,3.0,3.0
Germany,2013,germany_2013_83,2013-06-05,109,Forsa,,union,41.0,41.0
Germany,2013,germany_2013_83,2013-06-05,109,Forsa,,spd,24.0,24.0
Germany,2013,germany_2013_83,2013-06-05,109,Forsa,,fdp,4.0,4.0
Germany,2013,germany_2013_83,2013-06-05,109,Forsa,,linke,8.0,8.0
Germany,2013,germany_2013_83,2013-06-05,109,Forsa,,gruene,13.0,13.0
Germany,2013,germany_2013_83,2013-06-05,109,Forsa,,piraten,3.0,3.0
Germany,2013,germany_2013_83,2013-06-05,109,Forsa,,afd,3.0,3.0
Germany,2013,germany_2013_84,2013-06-04,110,INSA,,union,39.0,39.0
Germany,2013,germany_2013_84,2013-06-04,110,INSA,,spd,27.0,27.0
Germany,2013,germany_2013_84,2013-06-04,110,INSA,,fdp,4.0,4.0
Germany,2013,germany_2013_84,2013-06-04,110,INSA,,linke,6.0,6.0
Germany,2013,germany_2013_84,2013-06-04,110,INSA,,gruene,15.0,15.0
Germany,2013,germany_2013_84,2013-06-04,110,INSA,,piraten,3.0,3.0
Germany,2013,germany_2013_84,2013-06-04,110,INSA,,afd,3.0,3.0
Germany,2013,germany_2013_85,2013-06-02,112,Emnid,,union,40.0,40.0
Germany,2013,germany_2013_85,2013-06-02,112,Emnid,,spd,26.0,26.0
Germany,2013,germany_2013_85,2013-06-02,112,Emnid,,fdp,5.0,5.0
Germany,2013,germany_2013_85,2013-06-02,112,Emnid,,linke,7.0,7.0
Germany,2013,germany_2013_85,2013-06-02,112,Emnid,,gruene,14.0,14.0
Germany,2013,germany_2013_85,2013-06-02,112,Emnid,,piraten,4.0,4.0
Germany,2013,germany_2013_85,2013-06-02,112,Emnid,,afd,2.0,2.0
Germany,2013,germany_2013_86,2013-06-01,113,INSA,,union,39.0,39.0
Germany,2013,germany_2013_86,2013-06-01,113,INSA,,spd,26.0,26.0
Germany,2013,germany_2013_86,2013-06-01,113,INSA,,fdp,4.0,4.0
Germany,2013,germany_2013_86,2013-06-01,113,INSA,,linke,7.0,7.0
Germany,2013,germany_2013_86,2013-06-01,113,INSA,,gruene,14.0,14.0
Germany,2013,germany_2013_86,2013-06-01,113,INSA,,piraten,3.0,3.0
Germany,2013,germany_2013_86,2013-06-01,113,INSA,,afd,4.0,4.0
Germany,2013,germany_2013_87,2013-05-31,114,Infratest,,union,42.0,42.0
Germany,2013,germany_2013_87,2013-05-31,114,Infratest,,spd,26.0,26.0
Germany,2013,germany_2013_87,2013-05-31,114,Infratest,,fdp,4.0,4.0
Germany,2013,germany_2013_87,2013-05-31,114,Infratest,,linke,6.0,6.0
Germany,2013,germany_2013_87,2013-05-31,114,Infratest,,gruene,14.0,14.0
Germany,2013,germany_2013_87,2013-05-31,114,Infratest,,afd,3.0,3.0
Germany,2013,germany_2013_88,2013-05-28,117,Forsa,,union,40.0,40.0
Germany,2013,germany_2013_88,2013-05-28,117,Forsa,,spd,24.0,24.0
Germany,2013,germany_2013_88,2013-05-28,117,Forsa,,fdp,4.0,4.0
Germany,2013,germany_2013_88,2013-05-28,117,Forsa,,linke,8.0,8.0
Germany,2013,germany_2013_88,2013-05-28,117,Forsa,,gruene,14.0,14.0
Germany,2013,germany_2013_88,2013-05-28,117,Forsa,,piraten,3.0,3.0
Germany,2013,germany_2013_88,2013-05-28,117,Forsa,,afd,3.0,3.0
Germany,2013,germany_2013_89,2013-05-27,118,INSA,,union,39.0,39.0
Germany,2013,germany_2013_89,2013-05-27,118,INSA,,spd,25.0,25.0
Germany,2013,germany_2013_89,2013-05-27,118,INSA,,fdp,4.0,4.0
Germany,2013,germany_2013_89,2013-05-27,118,INSA,,linke,7.0,7.0
Germany,2013,germany_2013_89,2013-05-27,118,INSA,,gruene,14.0,14.0
Germany,2013,germany_2013_89,2013-05-27,118,INSA,,piraten,2.0,2.0
Germany,2013,germany_2013_89,2013-05-27,118,INSA,,afd,3.0,3.0
Germany,2013,germany_2013_90,2013-05-26,119,Emnid,,union,40.0,40.0
Germany,2013,germany_2013_90,2013-05-26,119,Emnid,,spd,27.0,27.0
Germany,2013,germany_2013_90,2013-05-26,119,Emnid,,fdp,4.0,4.0
Germany,2013,germany_2013_90,2013-05-26,119,Emnid,,linke,7.0,7.0
Germany,2013,germany_2013_90,2013-05-26,119,Emnid,,gruene,13.0,13.0
Germany,2013,germany_2013_90,2013-05-26,119,Emnid,,piraten,4.0,4.0
Germany,2013,germany_2013_90,2013-05-26,119,Emnid,,afd,2.0,2.0
Germany,2017,germany_2017_0,2017-09-22,2,INSA,2000.0,union,34.0,34.0
Germany,2017,germany_2017_0,2017-09-22,2,INSA,2000.0,spd,21.0,21.0
Germany,2017,germany_2017_0,2017-09-22,2,INSA,2000.0,linke,11.0,11.0
Germany,2017,germany_2017_0,2017-09-22,2,INSA,2000.0,gruene,8.0,8.0
Germany,2017,germany_2017_0,2017-09-22,2,INSA,2000.0,fdp,9.0,9.0
Germany,2017,germany_2017_0,2017-09-22,2,INSA,2000.0,afd,13.0,13.0
Germany,2017,germany_2017_1,2017-09-21,3,Forschungsgruppe Wahlen,1725.0,union,36.0,36.0
Germany,2017,germany_2017_1,2017-09-21,3,Forschungsgruppe Wahlen,1725.0,spd,21.5,21.5
Germany,2017,germany_2017_1,2017-09-21,3,Forschungsgruppe Wahlen,1725.0,linke,8.5,8.5
Germany,2017,germany_2017_1,2017-09-21,3,Forschungsgruppe Wahlen,1725.0,gruene,8.0,8.0
Germany,2017,germany_2017_1,2017-09-21,3,Forschungsgruppe Wahlen,1725.0,fdp,10.0,10.0
Germany,2017,germany_2017_1,2017-09-21,3,Forschungsgruppe Wahlen,1725.0,afd,11.0,11.0
Germany,2017,germany_2017_2,2017-09-21,3,Forsa,2006.0,union,36.0,36.0
Germany,2017,germany_2017_2,2017-09-21,3,Forsa,2006.0,spd,22.0,22.0
Germany,2017,germany_2017_2,2017-09-21,3,Forsa,2006.0,linke,9.5,9.5
Germany,2017,germany_2017_2,2017-09-21,3,Forsa,2006.0,gruene,7.0,7.0
Germany,2017,germany_2017_2,2017-09-21,3,Forsa,2006.0,fdp,9.5,9.5
Germany,2017,germany_2017_2,2017-09-21,3,Forsa,2006.0,afd,11.0,11.0
Germany,2017,germany_2017_3,2017-09-21,3,Emnid,1994.0,union,35.0,35.0
Germany,2017,germany_2017_3,2017-09-21,3,Emnid,1994.0,spd,22.0,22.0
Germany,2017,germany_2017_3,2017-09-21,3,Emnid,1994.0,linke,10.0,10.0
Germany,2017,germany_2017_3,2017-09-21,3,Emnid,1994.0,gruene,8.0,8.0
Germany,2017,germany_2017_3,2017-09-21,3,Emnid,1994.0,fdp,9.0,9.0
Germany,2017,germany_2017_3,2017-09-21,3,Emnid,1994.0,afd,11.0,11.0
Germany,2017,germany_2017_4,2017-09-20,4,GMS,1004.0,union,37.0,37.0
Germany,2017,germany_2017_4,2017-09-20,4,GMS,1004.0,spd,22.0,22.0
Germany,2017,germany_2017_4,2017-09-20,4,GMS,1004.0,linke,9.0,9.0
Germany,2017,germany_2017_4,2017-09-20,4,GMS,1004.0,gruene,8.0,8.0
Germany,2017,germany_2017_4,2017-09-20,4,GMS,1004.0,fdp,9.0,9.0
Germany,2017,germany_2017_4,2017-09-20,4,GMS,1004.0,afd,10.0,10.0
Germany,2017,germany_2017_5,2017-09-19,5,YouGov,1862.0,union,36.0,36.0
Germany,2017,germany_2017_5,2017-09-19,5,YouGov,1862.0,spd,23.0,23.0
Germany,2017,germany_2017_5,2017-09-19,5,YouGov,1862.0,linke,10.0,10.0
Germany,2017,germany_2017_5,2017-09-19,5,YouGov,1862.0,gruene,7.0,7.0
Germany,2017,germany_2017_5,2017-09-19,5,YouGov,1862.0,fdp,9.0,9.0
Germany,2017,germany_2017_5,2017-09-19,5,YouGov,1862.0,afd,10.0,10.0
Germany,2017,germany_2017_6,2017-09-18,6,INSA,2042.0,union,36.0,36.0
Germany,2017,germany_2017_6,2017-09-18,6,INSA,2042.0,spd,22.0,22.0
Germany,2017,germany_2017_6,2017-09-18,6,INSA,2042.0,linke,11.0,11.0
Germany,2017,germany_2017_6,2017-09-18,6,INSA,2042.0,gruene,7.0,7.0
Germany,2017,germany_2017_6,2017-09-18,6,INSA,2042.0,fdp,9.0,9.0
Germany,2017,germany_2017_6,2017-09-18,6,INSA,2042.0,afd,11.0,11.0
Germany,2017,germany_2017_7,2017-09-15,9,Forsa,2501.0,union,36.0,36.0
Germany,2017,germany_2017_7,2017-09-15,9,Forsa,2501.0,spd,23.0,23.0
Germany,2017,germany_2017_7,2017-09-15,9,Forsa,2501.0,linke,10.0,10.0
Germany,2017,germany_2017_7,2017-09-15,9,Forsa,2501.0,gruene,8.0,8.0
Germany,2017,germany_2017_7,2017-09-15,9,Forsa,2501.0,fdp,9.0,9.0
Germany,2017,germany_2017_7,2017-09-15,9,Forsa,2501.0,afd,9.0,9.0
Germany,2017,germany_2017_8,2017-09-14,10,Forschungsgruppe Wahlen,1383.0,union,36.0,36.0
Germany,2017,germany_2017_8,2017-09-14,10,Forschungsgruppe Wahlen,1383.0,spd,23.0,23.0
Germany,2017,germany_2017_8,2017-09-14,10,Forschungsgruppe Wahlen,1383.0,linke,9.0,9.0
Germany,2017,germany_2017_8,2017-09-14,10,Forschungsgruppe Wahlen,1383.0,gruene,8.0,8.0
Germany,2017,germany_2017_8,2017-09-14,10,Forschungsgruppe Wahlen,1383.0,fdp,10.0,10.0
Germany,2017,germany_2017_8,2017-09-14,10,Forschungsgruppe Wahlen,1383.0,afd,10.0,10.0
Germany,2017,germany_2017_9,2017-09-14,10,Allensbach,1083.0,union,36.5,36.5
Germany,2017,germany_2017_9,2017-09-14,10,Allensbach,1083.0,spd,22.0,22.0
Germany,2017,germany_2017_9,2017-09-14,10,Allensbach,1083.0,linke,9.0,9.0
Germany,2017,germany_2017_9,2017-09-14,10,Allensbach,1083.0,gruene,8.0,8.0
Germany,2017,germany_2017_9,2017-09-14,10,Allensbach,1083.0,fdp,11.0,11.0
Germany,2017,germany_2017_9,2017-09-14,10,Allensbach,1083.0,afd,10.0,10.0
Germany,2017,germany_2017_10,2017-09-13,11,Infratest dimap,1503.0,union,37.0,37.0
Germany,2017,germany_2017_10,2017-09-13,11,Infratest dimap,1503.0,spd,20.0,20.0
Germany,2017,germany_2017_10,2017-09-13,11,Infratest dimap,1503.0,linke,9.0,9.0
Germany,2017,germany_2017_10,2017-09-13,11,Infratest dimap,1503.0,gruene,7.5,7.5
Germany,2017,germany_2017_10,2017-09-13,11,Infratest dimap,1503.0,fdp,9.5,9.5
Germany,2017,germany_2017_10,2017-09-13,11,Infratest dimap,1503.0,afd,12.0,12.0
Germany,2017,germany_2017_11,2017-09-13,11,Emnid,1888.0,union,36.0,36.0
Germany,2017,germany_2017_11,2017-09-13,11,Emnid,1888.0,spd,22.0,22.0
Germany,2017,germany_2017_11,2017-09-13,11,Emnid,1888.0,linke,10.0,10.0
Germany,2017,germany_2017_11,2017-09-13,11,Emnid,1888.0,gruene,8.0,8.0
Germany,2017,germany_2017_11,2017-09-13,11,Emnid,1888.0,fdp,9.0,9.0
Germany,2017,germany_2017_11,2017-09-13,11,Emnid,1888.0,afd,11.0,11.0
Germany,2017,germany_2017_12,2017-09-12,12,Trend Research,1042.0,union,36.0,36.0
Germany,2017,germany_2017_12,2017-09-12,12,Trend Research,1042.0,spd,22.0,22.0
Germany,2017,germany_2017_12,2017-09-12,12,Trend Research,1042.0,linke,10.0,10.0
Germany,2017,germany_2017_12,2017-09-12,12,Trend Research,1042.0,gruene,7.0,7.0
Germany,2017,germany_2017_12,2017-09-12,12,Trend Research,1042.0,fdp,9.0,9.0
Germany,2017,germany_2017_12,2017-09-12,12,Trend Research,1042.0,afd,11.0,11.0
Germany,2017,germany_2017_13,2017-09-12,12,YouGov,1600.0,union,36.0,36.0
Germany,2017,germany_2017_13,2017-09-12,12,YouGov,1600.0,spd,23.0,23.0
Germany,2017,germany_2017_13,2017-09-12,12,YouGov,1600.0,linke,10.0,10.0
Germany,2017,germany_2017_13,2017-09-12,12,YouGov,1600.0,gruene,8.0,8.0
Germany,2017,germany_2017_13,2017-09-12,12,YouGov,1600.0,fdp,9.0,9.0
Germany,2017,germany_2017_13,2017-09-12,12,YouGov,1600.0,afd,10.0,10.0
Germany,2017,germany_2017_14,2017-09-11,13,INSA,2054.0,union,36.5,36.5
Germany,2017,germany_2017_14,2017-09-11,13,INSA,2054.0,spd,23.5,23.5
Germany,2017,germany_2017_14,2017-09-11,13,INSA,2054.0,linke,10.5,10.5
Germany,2017,germany_2017_14,2017-09-11,13,INSA,2054.0,gruene,6.0,6.0
Germany,2017,germany_2017_14,2017-09-11,13,INSA,2054.0,fdp,9.0,9.0
Germany,2017,germany_2017_14,2017-09-11,13,INSA,2054.0,afd,11.0,11.0
Germany,2017,germany_2017_15,2017-09-08,16,Forsa,2505.0,union,37.0,37.0
Germany,2017,germany_2017_15,2017-09-08,16,Forsa,2505.0,spd,23.0,23.0
Germany,2017,germany_2017_15,2017-09-08,16,Forsa,2505.0,linke,10.0,10.0
Germany,2017,germany_2017_15,2017-09-08,16,Forsa,2505.0,gruene,8.0,8.0
Germany,2017,germany_2017_15,2017-09-08,16,Forsa,2505.0,fdp,8.0,8.0
Germany,2017,germany_2017_15,2017-09-08,16,Forsa,2505.0,afd,9.0,9.0
Germany,2017,germany_2017_16,2017-09-07,17,Forschungsgruppe Wahlen,1378.0,union,38.0,38.0
Germany,2017,germany_2017_16,2017-09-07,17,Forschungsgruppe Wahlen,1378.0,spd,22.0,22.0
Germany,2017,germany_2017_16,2017-09-07,17,Forschungsgruppe Wahlen,1378.0,linke,9.0,9.0
Germany,2017,germany_2017_16,2017-09-07,17,Forschungsgruppe Wahlen,1378.0,gruene,8.0,8.0
Germany,2017,germany_2017_16,2017-09-07,17,Forschungsgruppe Wahlen,1378.0,fdp,9.0,9.0
Germany,2017,germany_2017_16,2017-09-07,17,Forschungsgruppe Wahlen,1378.0,afd,9.0,9.0
Germany,2017,germany_2017_17,2017-09-07,17,Forsa,2001.0,union,37.0,37.0
Germany,2017,germany_2017_17,2017-09-07,17,Forsa,2001.0,spd,23.0,23.0
Germany,2017,germany_2017_17,2017-09-07,17,Forsa,2001.0,linke,10.0,10.0
Germany,2017,germany_2017_17,2017-09-07,17,Forsa,2001.0,gruene,8.0,8.0
Germany,2017,germany_2017_17,2017-09-07,17,Forsa,2001.0,fdp,9.0,9.0
Germany,2017,germany_2017_17,2017-09-07,17,Forsa,2001.0,afd,9.0,9.0
Germany,2017,germany_2017_18,2017-09-06,18,Infratest dimap,1503.0,union,37.0,37.0
Germany,2017,germany_2017_18,2017-09-06,18,Infratest dimap,1503.0,spd,21.0,21.0
Germany,2017,germany_2017_18,2017-09-06,18,Infratest dimap,1503.0,linke,10.0,10.0
Germany,2017,germany_2017_18,2017-09-06,18,Infratest dimap,1503.0,gruene,8.0,8.0
Germany,2017,germany_2017_18,2017-09-06,18,Infratest dimap,1503.0,fdp,9.0,9.0
Germany,2017,germany_2017_18,2017-09-06,18,Infratest dimap,1503.0,afd,11.0,11.0
Germany,2017,germany_2017_19,2017-09-06,18,YouGov,1617.0,union,34.0,34.0
Germany,2017,germany_2017_19,2017-09-06,18,YouGov,1617.0,spd,24.0,24.0
Germany,2017,germany_2017_19,2017-09-06,18,YouGov,1617.0,linke,9.0,9.0
Germany,2017,germany_2017_19,2017-09-06,18,YouGov,1617.0,gruene,7.0,7.0
Germany,2017,germany_2017_19,2017-09-06,18,YouGov,1617.0,fdp,9.0,9.0
Germany,2017,germany_2017_19,2017-09-06,18,YouGov,1617.0,afd,11.0,11.0
Germany,2017,germany_2017_20,2017-09-06,18,Trend Research,1045.0,union,37.0,37.0
Germany,2017,germany_2017_20,2017-09-06,18,Trend Research,1045.0,spd,24.0,24.0
Germany,2017,germany_2017_20,2017-09-06,18,Trend Research,1045.0,linke,10.0,10.0
Germany,2017,germany_2017_20,2017-09-06,18,Trend Research,1045.0,gruene,7.0,7.0
Germany,2017,germany_2017_20,2017-09-06,18,Trend Research,1045.0,fdp,8.0,8.0
Germany,2017,germany_2017_20,2017-09-06,18,Trend Research,1045.0,afd,10.0,10.0
Germany,2017,germany_2017_21,2017-09-06,18,Emnid,1869.0,union,37.0,37.0
Germany,2017,germany_2017_21,2017-09-06,18,Emnid,1869.0,spd,24.0,24.0
Germany,2017,germany_2017_21,2017-09-06,18,Emnid,1869.0,linke,9.0,9.0
Germany,2017,germany_2017_21,2017-09-06,18,Emnid,1869.0,gruene,8.0,8.0
Germany,2017,germany_2017_21,2017-09-06,18,Emnid,1869.0,fdp,8.0,8.0
Germany,2017,germany_2017_21,2017-09-06,18,Emnid,1869.0,afd,9.0,9.0
Germany,2017,germany_2017_22,2017-09-06,18,GMS,1012.0,union,38.0,38.0
Germany,2017,germany_2017_22,2017-09-06,18,GMS,1012.0,spd,22.0,22.0
Germany,2017,germany_2017_22,2017-09-06,18,GMS,1012.0,linke,9.0,9.0
Germany,2017,germany_2017_22,2017-09-06,18,GMS,1012.0,gruene,9.0,9.0
Germany,2017,germany_2017_22,2017-09-06,18,GMS,1012.0,fdp,10.0,10.0
Germany,2017,germany_2017_22,2017-09-06,18,GMS,1012.0,afd,8.0,8.0
Germany,2017,germany_2017_23,2017-09-04,20,INSA,2048.0,union,36.5,36.5
Germany,2017,germany_2017_23,2017-09-04,20,INSA,2048.0,spd,23.5,23.5
Germany,2017,germany_2017_23,2017-09-04,20,INSA,2048.0,linke,10.0,10.0
Germany,2017,germany_2017_23,2017-09-04,20,INSA,2048.0,gruene,6.5,6.5
Germany,2017,germany_2017_23,2017-09-04,20,INSA,2048.0,fdp,8.5,8.5
Germany,2017,germany_2017_23,2017-09-04,20,INSA,2048.0,afd,10.5,10.5
Germany,2017,germany_2017_24,2017-09-01,23,Forsa,2503.0,union,38.0,38.0
Germany,2017,germany_2017_24,2017-09-01,23,Forsa,2503.0,spd,23.0,23.0
Germany,2017,germany_2017_24,2017-09-01,23,Forsa,2503.0,linke,9.0,9.0
Germany,2017,germany_2017_24,2017-09-01,23,Forsa,2503.0,gruene,8.0,8.0
Germany,2017,germany_2017_24,2017-09-01,23,Forsa,2503.0,fdp,8.0,8.0
Germany,2017,germany_2017_24,2017-09-01,23,Forsa,2503.0,afd,9.0,9.0
Germany,2017,germany_2017_25,2017-08-31,24,Forschungsgruppe Wahlen,1309.0,union,39.0,39.0
Germany,2017,germany_2017_25,2017-08-31,24,Forschungsgruppe Wahlen,1309.0,spd,22.0,22.0
Germany,2017,germany_2017_25,2017-08-31,24,Forschungsgruppe Wahlen,1309.0,linke,9.0,9.0
Germany,2017,germany_2017_25,2017-08-31,24,Forschungsgruppe Wahlen,1309.0,gruene,8.0,8.0
Germany,2017,germany_2017_25,2017-08-31,24,Forschungsgruppe Wahlen,1309.0,fdp,10.0,10.0
Germany,2017,germany_2017_25,2017-08-31,24,Forschungsgruppe Wahlen,1309.0,afd,8.0,8.0
Germany,2017,germany_2017_26,2017-08-31,24,Allensbach,1043.0,union,38.5,38.5
Germany,2017,germany_2017_26,2017-08-31,24,Allensbach,1043.0,spd,24.0,24.0
Germany,2017,germany_2017_26,2017-08-31,24,Allensbach,1043.0,linke,8.0,8.0
Germany,2017,germany_2017_26,2017-08-31,24,Allensbach,1043.0,gruene,7.5,7.5
Germany,2017,germany_2017_26,2017-08-31,24,Allensbach,1043.0,fdp,10.0,10.0
Germany,2017,germany_2017_26,2017-08-31,24,Allensbach,1043.0,afd,8.0,8.0
Germany,2017,germany_2017_27,2017-08-30,25,Infratest dimap,1411.0,union,37.0,37.0
Germany,2017,germany_2017_27,2017-08-30,25,Infratest dimap,1411.0,spd,23.0,23.0
Germany,2017,germany_2017_27,2017-08-30,25,Infratest dimap,1411.0,linke,9.0,9.0
Germany,2017,germany_2017_27,2017-08-30,25,Infratest dimap,1411.0,gruene,8.0,8.0
Germany,2017,germany_2017_27,2017-08-30,25,Infratest dimap,1411.0,fdp,8.0,8.0
Germany,2017,germany_2017_27,2017-08-30,25,Infratest dimap,1411.0,afd,11.0,11.0
Germany,2017,germany_2017_28,2017-08-30,25,Emnid,1889.0,union,38.0,38.0
Germany,2017,germany_2017_28,2017-08-30,25,Emnid,1889.0,spd,24.0,24.0
Germany,2017,germany_2017_28,2017-08-30,25,Emnid,1889.0,linke,9.0,9.0
Germany,2017,germany_2017_28,2017-08-30,25,Emnid,1889.0,gruene,8.0,8.0
Germany,2017,germany_2017_28,2017-08-30,25,Emnid,1889.0,fdp,8.0,8.0
Germany,2017,germany_2017_28,2017-08-30,25,Emnid,1889.0,afd,8.0,8.0
Germany,2017,germany_2017_29,2017-08-29,26,YouGov,1557.0,union,36.0,36.0
Germany,2017,germany_2017_29,2017-08-29,26,YouGov,1557.0,spd,25.0,25.0
Germany,2017,germany_2017_29,2017-08-29,26,YouGov,1557.0,linke,10.0,10.0
Germany,2017,germany_2017_29,2017-08-29,26,YouGov,1557.0,gruene,7.0,7.0
Germany,2017,germany_2017_29,2017-08-29,26,YouGov,1557.0,fdp,7.0,7.0
Germany,2017,germany_2017_29,2017-08-29,26,YouGov,1557.0,afd,10.0,10.0
Germany,2017,germany_2017_30,2017-08-28,27,INSA,2034.0,union,37.0,37.0
Germany,2017,germany_2017_30,2017-08-28,27,INSA,2034.0,spd,24.0,24.0
Germany,2017,germany_2017_30,2017-08-28,27,INSA,2034.0,linke,10.0,10.0
Germany,2017,germany_2017_30,2017-08-28,27,INSA,2034.0,gruene,6.5,6.5
Germany,2017,germany_2017_30,2017-08-28,27,INSA,2034.0,fdp,8.0,8.0
Germany,2017,germany_2017_30,2017-08-28,27,INSA,2034.0,afd,10.0,10.0
Germany,2017,germany_2017_31,2017-08-28,27,Trend Research,1049.0,union,38.0,38.0
Germany,2017,germany_2017_31,2017-08-28,27,Trend Research,1049.0,spd,23.0,23.0
Germany,2017,germany_2017_31,2017-08-28,27,Trend Research,1049.0,linke,9.0,9.0
Germany,2017,germany_2017_31,2017-08-28,27,Trend Research,1049.0,gruene,6.0,6.0
Germany,2017,germany_2017_31,2017-08-28,27,Trend Research,1049.0,fdp,9.0,9.0
Germany,2017,germany_2017_31,2017-08-28,27,Trend Research,1049.0,afd,10.0,10.0
Germany,2017,germany_2017_32,2017-08-25,30,Forsa,2501.0,union,38.0,38.0
Germany,2017,germany_2017_32,2017-08-25,30,Forsa,2501.0,spd,24.0,24.0
Germany,2017,germany_2017_32,2017-08-25,30,Forsa,2501.0,linke,9.0,9.0
Germany,2017,germany_2017_32,2017-08-25,30,Forsa,2501.0,gruene,7.0,7.0
Germany,2017,germany_2017_32,2017-08-25,30,Forsa,2501.0,fdp,8.0,8.0
Germany,2017,germany_2017_32,2017-08-25,30,Forsa,2501.0,afd,9.0,9.0
Germany,2017,germany_2017_33,2017-08-24,31,Forschungsgruppe Wahlen,1283.0,union,39.0,39.0
Germany,2017,germany_2017_33,2017-08-24,31,Forschungsgruppe Wahlen,1283.0,spd,22.0,22.0
Germany,2017,germany_2017_33,2017-08-24,31,Forschungsgruppe Wahlen,1283.0,linke,9.0,9.0
Germany,2017,germany_2017_33,2017-08-24,31,Forschungsgruppe Wahlen,1283.0,gruene,8.0,8.0
Germany,2017,germany_2017_33,2017-08-24,31,Forschungsgruppe Wahlen,1283.0,fdp,9.0,9.0
Germany,2017,germany_2017_33,2017-08-24,31,Forschungsgruppe Wahlen,1283.0,afd,9.0,9.0
Germany,2017,germany_2017_34,2017-08-23,32,Infratest dimap,1035.0,union,38.0,38.0
Germany,2017,germany_2017_34,2017-08-23,32,Infratest dimap,1035.0,spd,22.0,22.0
Germany,2017,germany_2017_34,2017-08-23,32,Infratest dimap,1035.0,linke,9.0,9.0
Germany,2017,germany_2017_34,2017-08-23,32,Infratest dimap,1035.0,gruene,8.0,8.0
Germany,2017,germany_2017_34,2017-08-23,32,Infratest dimap,1035.0,fdp,9.0,9.0
Germany,2017,germany_2017_34,2017-08-23,32,Infratest dimap,1035.0,afd,10.0,10.0
Germany,2017,germany_2017_35,2017-08-23,32,Emnid,1979.0,union,38.0,38.0
Germany,2017,germany_2017_35,2017-08-23,32,Emnid,1979.0,spd,23.0,23.0
Germany,2017,germany_2017_35,2017-08-23,32,Emnid,1979.0,linke,9.0,9.0
Germany,2017,germany_2017_35,2017-08-23,32,Emnid,1979.0,gruene,7.0,7.0
Germany,2017,germany_2017_35,2017-08-23,32,Emnid,1979.0,fdp,9.0,9.0
Germany,2017,germany_2017_35,2017-08-23,32,Emnid,1979.0,afd,8.0,8.0
Germany,2017,germany_2017_36,2017-08-22,33,YouGov,1520.0,union,37.0,37.0
Germany,2017,germany_2017_36,2017-08-22,33,YouGov,1520.0,spd,25.0,25.0
Germany,2017,germany_2017_36,2017-08-22,33,YouGov,1520.0,linke,9.0,9.0
Germany,2017,germany_2017_36,2017-08-22,33,YouGov,1520.0,gruene,7.0,7.0
Germany,2017,germany_2017_36,2017-08-22,33,YouGov,1520.0,fdp,8.0,8.0
Germany,2017,germany_2017_36,2017-08-22,33,YouGov,1520.0,afd,9.0,9.0
Germany,2017,germany_2017_37,2017-08-18,37,Forsa,2501.0,union,38.0,38.0
Germany,2017,germany_2017_37,2017-08-18,37,Forsa,2501.0,spd,24.0,24.0
Germany,2017,germany_2017_37,2017-08-18,37,Forsa,2501.0,linke,9.0,9.0
Germany,2017,germany_2017_37,2017-08-18,37,Forsa,2501.0,gruene,7.0,7.0
Germany,2017,germany_2017_37,2017-08-18,37,Forsa,2501.0,fdp,8.0,8.0
Germany,2017,germany_2017_37,2017-08-18,37,Forsa,2501.0,afd,9.0,9.0
Germany,2017,germany_2017_38,2017-08-17,38,Allensbach,1421.0,union,39.5,39.5
Germany,2017,germany_2017_38,2017-08-17,38,Allensbach,1421.0,spd,24.0,24.0
Germany,2017,germany_2017_38,2017-08-17,38,Allensbach,1421.0,linke,8.0,8.0
Germany,2017,germany_2017_38,2017-08-17,38,Allensbach,1421.0,gruene,7.5,7.5
Germany,2017,germany_2017_38,2017-08-17,38,Allensbach,1421.0,fdp,10.0,10.0
Germany,2017,germany_2017_38,2017-08-17,38,Allensbach,1421.0,afd,7.0,7.0
Germany,2017,germany_2017_39,2017-08-21,34,INSA,2036.0,union,38.0,38.0
Germany,2017,germany_2017_39,2017-08-21,34,INSA,2036.0,spd,24.0,24.0
Germany,2017,germany_2017_39,2017-08-21,34,INSA,2036.0,linke,9.0,9.0
Germany,2017,germany_2017_39,2017-08-21,34,INSA,2036.0,gruene,7.0,7.0
Germany,2017,germany_2017_39,2017-08-21,34,INSA,2036.0,fdp,9.0,9.0
Germany,2017,germany_2017_39,2017-08-21,34,INSA,2036.0,afd,10.0,10.0
Germany,2017,germany_2017_40,2017-08-16,39,Emnid,1426.0,union,39.0,39.0
Germany,2017,germany_2017_40,2017-08-16,39,Emnid,1426.0,spd,24.0,24.0
Germany,2017,germany_2017_40,2017-08-16,39,Emnid,1426.0,linke,9.0,9.0
Germany,2017,germany_2017_40,2017-08-16,39,Emnid,1426.0,gruene,8.0,8.0
Germany,2017,germany_2017_40,2017-08-16,39,Emnid,1426.0,fdp,8.0,8.0
Germany,2017,germany_2017_40,2017-08-16,39,Emnid,1426.0,afd,7.0,7.0
Germany,2017,germany_2017_41,2017-08-15,40,YouGov,1538.0,union,37.0,37.0
Germany,2017,germany_2017_41,2017-08-15,40,YouGov,1538.0,spd,25.0,25.0
Germany,2017,germany_2017_41,2017-08-15,40,YouGov,1538.0,linke,9.0,9.0
Germany,2017,germany_2017_41,2017-08-15,40,YouGov,1538.0,gruene,7.0,7.0
Germany,2017,germany_2017_41,2017-08-15,40,YouGov,1538.0,fdp,9.0,9.0
Germany,2017,germany_2017_41,2017-08-15,40,YouGov,1538.0,afd,9.0,9.0
Germany,2017,germany_2017_42,2017-08-15,40,GMS,1007.0,union,40.0,40.0
Germany,2017,germany_2017_42,2017-08-15,40,GMS,1007.0,spd,22.0,22.0
Germany,2017,germany_2017_42,2017-08-15,40,GMS,1007.0,linke,8.0,8.0
Germany,2017,germany_2017_42,2017-08-15,40,GMS,1007.0,gruene,8.0,8.0
Germany,2017,germany_2017_42,2017-08-15,40,GMS,1007.0,fdp,9.0,9.0
Germany,2017,germany_2017_42,2017-08-15,40,GMS,1007.0,afd,7.0,7.0
Germany,2017,germany_2017_43,2017-08-14,41,INSA,2025.0,union,37.0,37.0
Germany,2017,germany_2017_43,2017-08-14,41,INSA,2025.0,spd,25.0,25.0
Germany,2017,germany_2017_43,2017-08-14,41,INSA,2025.0,linke,9.0,9.0
Germany,2017,germany_2017_43,2017-08-14,41,INSA,2025.0,gruene,7.0,7.0
Germany,2017,germany_2017_43,2017-08-14,41,INSA,2025.0,fdp,9.0,9.0
Germany,2017,germany_2017_43,2017-08-14,41,INSA,2025.0,afd,10.0,10.0
Germany,2017,germany_2017_44,2017-08-11,44,Forsa,2507.0,union,39.0,39.0
Germany,2017,germany_2017_44,2017-08-11,44,Forsa,2507.0,spd,23.0,23.0
Germany,2017,germany_2017_44,2017-08-11,44,Forsa,2507.0,linke,9.0,9.0
Germany,2017,germany_2017_44,2017-08-11,44,Forsa,2507.0,gruene,8.0,8.0
Germany,2017,germany_2017_44,2017-08-11,44,Forsa,2507.0,fdp,8.0,8.0
Germany,2017,germany_2017_44,2017-08-11,44,Forsa,2507.0,afd,8.0,8.0
Germany,2017,germany_2017_45,2017-08-10,45,Forschungsgruppe Wahlen,1277.0,union,40.0,40.0
Germany,2017,germany_2017_45,2017-08-10,45,Forschungsgruppe Wahlen,1277.0,spd,24.0,24.0
Germany,2017,germany_2017_45,2017-08-10,45,Forschungsgruppe Wahlen,1277.0,linke,8.0,8.0
Germany,2017,germany_2017_45,2017-08-10,45,Forschungsgruppe Wahlen,1277.0,gruene,8.0,8.0
Germany,2017,germany_2017_45,2017-08-10,45,Forschungsgruppe Wahlen,1277.0,fdp,8.0,8.0
Germany,2017,germany_2017_45,2017-08-10,45,Forschungsgruppe Wahlen,1277.0,afd,8.0,8.0
Germany,2017,germany_2017_46,2017-08-09,46,Emnid,1886.0,union,38.0,38.0
Germany,2017,germany_2017_46,2017-08-09,46,Emnid,1886.0,spd,24.0,24.0
Germany,2017,germany_2017_46,2017-08-09,46,Emnid,1886.0,linke,10.0,10.0
Germany,2017,germany_2017_46,2017-08-09,46,Emnid,1886.0,gruene,7.0,7.0
Germany,2017,germany_2017_46,2017-08-09,46,Emnid,1886.0,fdp,8.0,8.0
Germany,2017,germany_2017_46,2017-08-09,46,Emnid,1886.0,afd,8.0,8.0
Germany,2017,germany_2017_47,2017-08-08,47,YouGov,1513.0,union,38.0,38.0
Germany,2017,germany_2017_47,2017-08-08,47,YouGov,1513.0,spd,24.0,24.0
Germany,2017,germany_2017_47,2017-08-08,47,YouGov,1513.0,linke,9.0,9.0
Germany,2017,germany_2017_47,2017-08-08,47,YouGov,1513.0,gruene,6.0,6.0
Germany,2017,germany_2017_47,2017-08-08,47,YouGov,1513.0,fdp,9.0,9.0
Germany,2017,germany_2017_47,2017-08-08,47,YouGov,1513.0,afd,9.0,9.0
Germany,2017,germany_2017_48,2017-08-08,47,Infratest dimap,1505.0,union,39.0,39.0
Germany,2017,germany_2017_48,2017-08-08,47,Infratest dimap,1505.0,spd,24.0,24.0
Germany,2017,germany_2017_48,2017-08-08,47,Infratest dimap,1505.0,linke,9.0,9.0
Germany,2017,germany_2017_48,2017-08-08,47,Infratest dimap,1505.0,gruene,8.0,8.0
Germany,2017,germany_2017_48,2017-08-08,47,Infratest dimap,1505.0,fdp,8.0,8.0
Germany,2017,germany_2017_48,2017-08-08,47,Infratest dimap,1505.0,afd,8.0,8.0
Germany,2017,germany_2017_49,2017-08-07,48,INSA,2046.0,union,37.0,37.0
Germany,2017,germany_2017_49,2017-08-07,48,INSA,2046.0,spd,25.0,25.0
Germany,2017,germany_2017_49,2017-08-07,48,INSA,2046.0,linke,10.5,10.5
Germany,2017,germany_2017_49,2017-08-07,48,INSA,2046.0,gruene,6.5,6.5
Germany,2017,germany_2017_49,2017-08-07,48,INSA,2046.0,fdp,9.0,9.0
Germany,2017,germany_2017_49,2017-08-07,48,INSA,2046.0,afd,9.0,9.0
Germany,2017,germany_2017_50,2017-08-04,51,Forsa,2503.0,union,40.0,40.0
Germany,2017,germany_2017_50,2017-08-04,51,Forsa,2503.0,spd,23.0,23.0
Germany,2017,germany_2017_50,2017-08-04,51,Forsa,2503.0,linke,8.0,8.0
Germany,2017,germany_2017_50,2017-08-04,51,Forsa,2503.0,gruene,8.0,8.0
Germany,2017,germany_2017_50,2017-08-04,51,Forsa,2503.0,fdp,7.0,7.0
Germany,2017,germany_2017_50,2017-08-04,51,Forsa,2503.0,afd,8.0,8.0
Germany,2017,germany_2017_51,2017-08-02,53,Emnid,2453.0,union,38.0,38.0
Germany,2017,germany_2017_51,2017-08-02,53,Emnid,2453.0,spd,23.0,23.0
Germany,2017,germany_2017_51,2017-08-02,53,Emnid,2453.0,linke,10.0,10.0
Germany,2017,germany_2017_51,2017-08-02,53,Emnid,2453.0,gruene,8.0,8.0
Germany,2017,germany_2017_51,2017-08-02,53,Emnid,2453.0,fdp,8.0,8.0
Germany,2017,germany_2017_51,2017-08-02,53,Emnid,2453.0,afd,8.0,8.0
Germany,2017,germany_2017_52,2017-08-01,54,YouGov,2000.0,union,37.0,37.0
Germany,2017,germany_2017_52,2017-08-01,54,YouGov,2000.0,spd,25.0,25.0
Germany,2017,germany_2017_52,2017-08-01,54,YouGov,2000.0,linke,9.0,9.0
Germany,2017,germany_2017_52,2017-08-01,54,YouGov,2000.0,gruene,7.0,7.0
Germany,2017,germany_2017_52,2017-08-01,54,YouGov,2000.0,fdp,9.0,9.0
Germany,2017,germany_2017_52,2017-08-01,54,YouGov,2000.0,afd,8.0,8.0
Germany,2017,germany_2017_53,2017-07-31,55,INSA,2046.0,union,37.0,37.0
Germany,2017,germany_2017_53,2017-07-31,55,INSA,2046.0,spd,24.5,24.5
Germany,2017,germany_2017_53,2017-07-31,55,INSA,2046.0,linke,10.0,10.0
Germany,2017,germany_2017_53,2017-07-31,55,INSA,2046.0,gruene,7.0,7.0
Germany,2017,germany_2017_53,2017-07-31,55,INSA,2046.0,fdp,9.0,9.0
Germany,2017,germany_2017_53,2017-07-31,55,INSA,2046.0,afd,9.5,9.5
Germany,2017,germany_2017_54,2017-07-28,58,Forsa,2501.0,union,40.0,40.0
Germany,2017,germany_2017_54,2017-07-28,58,Forsa,2501.0,spd,22.0,22.0
Germany,2017,germany_2017_54,2017-07-28,58,Forsa,2501.0,linke,8.0,8.0
Germany,2017,germany_2017_54,2017-07-28,58,Forsa,2501.0,gruene,8.0,8.0
Germany,2017,germany_2017_54,2017-07-28,58,Forsa,2501.0,fdp,8.0,8.0
Germany,2017,germany_2017_54,2017-07-28,58,Forsa,2501.0,afd,8.0,8.0
Germany,2017,germany_2017_55,2017-07-26,60,Infratest dimap,1004.0,union,40.0,40.0
Germany,2017,germany_2017_55,2017-07-26,60,Infratest dimap,1004.0,spd,23.0,23.0
Germany,2017,germany_2017_55,2017-07-26,60,Infratest dimap,1004.0,linke,8.0,8.0
Germany,2017,germany_2017_55,2017-07-26,60,Infratest dimap,1004.0,gruene,8.0,8.0
Germany,2017,germany_2017_55,2017-07-26,60,Infratest dimap,1004.0,fdp,8.0,8.0
Germany,2017,germany_2017_55,2017-07-26,60,Infratest dimap,1004.0,afd,9.0,9.0
Germany,2017,germany_2017_56,2017-07-26,60,Emnid,1921.0,union,38.0,38.0
Germany,2017,germany_2017_56,2017-07-26,60,Emnid,1921.0,spd,24.0,24.0
Germany,2017,germany_2017_56,2017-07-26,60,Emnid,1921.0,linke,9.0,9.0
Germany,2017,germany_2017_56,2017-07-26,60,Emnid,1921.0,gruene,8.0,8.0
Germany,2017,germany_2017_56,2017-07-26,60,Emnid,1921.0,fdp,8.0,8.0
Germany,2017,germany_2017_56,2017-07-26,60,Emnid,1921.0,afd,9.0,9.0
Germany,2017,germany_2017_57,2017-07-25,61,YouGov,2000.0,union,38.0,38.0
Germany,2017,germany_2017_57,2017-07-25,61,YouGov,2000.0,spd,25.0,25.0
Germany,2017,germany_2017_57,2017-07-25,61,YouGov,2000.0,linke,9.0,9.0
Germany,2017,germany_2017_57,2017-07-25,61,YouGov,2000.0,gruene,7.0,7.0
Germany,2017,germany_2017_57,2017-07-25,61,YouGov,2000.0,fdp,9.0,9.0
Germany,2017,germany_2017_57,2017-07-25,61,YouGov,2000.0,afd,8.0,8.0
Germany,2017,germany_2017_58,2017-07-24,62,INSA,2009.0,union,37.5,37.5
Germany,2017,germany_2017_58,2017-07-24,62,INSA,2009.0,spd,25.0,25.0
Germany,2017,germany_2017_58,2017-07-24,62,INSA,2009.0,linke,10.5,10.5
Germany,2017,germany_2017_58,2017-07-24,62,INSA,2009.0,gruene,6.5,6.5
Germany,2017,germany_2017_58,2017-07-24,62,INSA,2009.0,fdp,8.5,8.5
Germany,2017,germany_2017_58,2017-07-24,62,INSA,2009.0,afd,9.0,9.0
Germany,2017,germany_2017_59,2017-07-21,65,Forsa,2507.0,union,40.0,40.0
Germany,2017,germany_2017_59,2017-07-21,65,Forsa,2507.0,spd,22.0,22.0
Germany,2017,germany_2017_59,2017-07-21,65,Forsa,2507.0,linke,9.0,9.0
Germany,2017,germany_2017_59,2017-07-21,65,Forsa,2507.0,gruene,8.0,8.0
Germany,2017,germany_2017_59,2017-07-21,65,Forsa,2507.0,fdp,8.0,8.0
Germany,2017,germany_2017_59,2017-07-21,65,Forsa,2507.0,afd,7.0,7.0
Germany,2017,germany_2017_60,2017-07-20,66,Forschungsgruppe Wahlen,1277.0,union,40.0,40.0
Germany,2017,germany_2017_60,2017-07-20,66,Forschungsgruppe Wahlen,1277.0,spd,24.0,24.0
Germany,2017,germany_2017_60,2017-07-20,66,Forschungsgruppe Wahlen,1277.0,linke,8.0,8.0
Germany,2017,germany_2017_60,2017-07-20,66,Forschungsgruppe Wahlen,1277.0,gruene,8.0,8.0
Germany,2017,germany_2017_60,2017-07-20,66,Forschungsgruppe Wahlen,1277.0,fdp,8.0,8.0
Germany,2017,germany_2017_60,2017-07-20,66,Forschungsgruppe Wahlen,1277.0,afd,8.0,8.0
Germany,2017,germany_2017_61,2017-07-19,67,Emnid,2349.0,union,38.0,38.0
Germany,2017,germany_2017_61,2017-07-19,67,Emnid,2349.0,spd,25.0,25.0
Germany,2017,germany_2017_61,2017-07-19,67,Emnid,2349.0,linke,9.0,9.0
Germany,2017,germany_2017_61,2017-07-19,67,Emnid,2349.0,gruene,8.0,8.0
Germany,2017,germany_2017_61,2017-07-19,67,Emnid,2349.0,fdp,8.0,8.0
Germany,2017,germany_2017_61,2017-07-19,67,Emnid,2349.0,afd,8.0,8.0
Germany,2017,germany_2017_62,2017-07-17,69,INSA,2026.0,union,36.0,36.0
Germany,2017,germany_2017_62,2017-07-17,69,INSA,2026.0,spd,25.0,25.0
Germany,2017,germany_2017_62,2017-07-17,69,INSA,2026.0,linke,9.5,9.5
Germany,2017,germany_2017_62,2017-07-17,69,INSA,2026.0,gruene,6.5,6.5
Germany,2017,germany_2017_62,2017-07-17,69,INSA,2026.0,fdp,8.5,8.5
Germany,2017,germany_2017_62,2017-07-17,69,INSA,2026.0,afd,10.0,10.0
Germany,2017,germany_2017_63,2017-07-14,72,Forsa,2502.0,union,40.0,40.0
Germany,2017,germany_2017_63,2017-07-14,72,Forsa,2502.0,spd,22.0,22.0
Germany,2017,germany_2017_63,2017-07-14,72,Forsa,2502.0,linke,9.0,9.0
Germany,2017,germany_2017_63,2017-07-14,72,Forsa,2502.0,gruene,8.0,8.0
Germany,2017,germany_2017_63,2017-07-14,72,Forsa,2502.0,fdp,8.0,8.0
Germany,2017,germany_2017_63,2017-07-14,72,Forsa,2502.0,afd,7.0,7.0
Germany,2017,germany_2017_64,2017-07-12,74,YouGov,1535.0,union,38.0,38.0
Germany,2017,germany_2017_64,2017-07-12,74,YouGov,1535.0,spd,24.0,24.0
Germany,2017,germany_2017_64,2017-07-12,74,YouGov,1535.0,linke,9.0,9.0
Germany,2017,germany_2017_64,2017-07-12,74,YouGov,1535.0,gruene,8.0,8.0
Germany,2017,germany_2017_64,2017-07-12,74,YouGov,1535.0,fdp,9.0,9.0
Germany,2017,germany_2017_64,2017-07-12,74,YouGov,1535.0,afd,8.0,8.0
Germany,2017,germany_2017_65,2017-07-12,74,Emnid,1263.0,union,38.0,38.0
Germany,2017,germany_2017_65,2017-07-12,74,Emnid,1263.0,spd,25.0,25.0
Germany,2017,germany_2017_65,2017-07-12,74,Emnid,1263.0,linke,9.0,9.0
Germany,2017,germany_2017_65,2017-07-12,74,Emnid,1263.0,gruene,8.0,8.0
Germany,2017,germany_2017_65,2017-07-12,74,Emnid,1263.0,fdp,7.0,7.0
Germany,2017,germany_2017_65,2017-07-12,74,Emnid,1263.0,afd,8.0,8.0
Germany,2017,germany_2017_66,2017-07-12,74,Allensbach,1403.0,union,39.5,39.5
Germany,2017,germany_2017_66,2017-07-12,74,Allensbach,1403.0,spd,25.0,25.0
Germany,2017,germany_2017_66,2017-07-12,74,Allensbach,1403.0,linke,9.0,9.0
Germany,2017,germany_2017_66,2017-07-12,74,Allensbach,1403.0,gruene,7.0,7.0
Germany,2017,germany_2017_66,2017-07-12,74,Allensbach,1403.0,fdp,9.0,9.0
Germany,2017,germany_2017_66,2017-07-12,74,Allensbach,1403.0,afd,7.0,7.0
Germany,2017,germany_2017_67,2017-07-11,75,Ipsos,1047.0,union,39.0,39.0
Germany,2017,germany_2017_67,2017-07-11,75,Ipsos,1047.0,spd,26.0,26.0
Germany,2017,germany_2017_67,2017-07-11,75,Ipsos,1047.0,linke,8.0,8.0
Germany,2017,germany_2017_67,2017-07-11,75,Ipsos,1047.0,gruene,7.0,7.0
Germany,2017,germany_2017_67,2017-07-11,75,Ipsos,1047.0,fdp,8.0,8.0
Germany,2017,germany_2017_67,2017-07-11,75,Ipsos,1047.0,afd,8.0,8.0
Germany,2017,germany_2017_68,2017-07-10,76,INSA,2009.0,union,36.0,36.0
Germany,2017,germany_2017_68,2017-07-10,76,INSA,2009.0,spd,25.0,25.0
Germany,2017,germany_2017_68,2017-07-10,76,INSA,2009.0,linke,9.5,9.5
Germany,2017,germany_2017_68,2017-07-10,76,INSA,2009.0,gruene,6.5,6.5
Germany,2017,germany_2017_68,2017-07-10,76,INSA,2009.0,fdp,9.0,9.0
Germany,2017,germany_2017_68,2017-07-10,76,INSA,2009.0,afd,9.5,9.5
Germany,2017,germany_2017_69,2017-07-07,79,Forsa,2501.0,union,39.0,39.0
Germany,2017,germany_2017_69,2017-07-07,79,Forsa,2501.0,spd,22.0,22.0
Germany,2017,germany_2017_69,2017-07-07,79,Forsa,2501.0,linke,9.0,9.0
Germany,2017,germany_2017_69,2017-07-07,79,Forsa,2501.0,gruene,8.0,8.0
Germany,2017,germany_2017_69,2017-07-07,79,Forsa,2501.0,fdp,8.0,8.0
Germany,2017,germany_2017_69,2017-07-07,79,Forsa,2501.0,afd,8.0,8.0
Germany,2017,germany_2017_70,2017-07-06,80,Forschungsgruppe Wahlen,1321.0,union,40.0,40.0
Germany,2017,germany_2017_70,2017-07-06,80,Forschungsgruppe Wahlen,1321.0,spd,24.0,24.0
Germany,2017,germany_2017_70,2017-07-06,80,Forschungsgruppe Wahlen,1321.0,linke,9.0,9.0
Germany,2017,germany_2017_70,2017-07-06,80,Forschungsgruppe Wahlen,1321.0,gruene,8.0,8.0
Germany,2017,germany_2017_70,2017-07-06,80,Forschungsgruppe Wahlen,1321.0,fdp,8.0,8.0
Germany,2017,germany_2017_70,2017-07-06,80,Forschungsgruppe Wahlen,1321.0,afd,7.0,7.0
Germany,2017,germany_2017_71,2017-07-05,81,Infratest dimap,1500.0,union,39.0,39.0
Germany,2017,germany_2017_71,2017-07-05,81,Infratest dimap,1500.0,spd,23.0,23.0
Germany,2017,germany_2017_71,2017-07-05,81,Infratest dimap,1500.0,linke,9.0,9.0
Germany,2017,germany_2017_71,2017-07-05,81,Infratest dimap,1500.0,gruene,8.0,8.0
Germany,2017,germany_2017_71,2017-07-05,81,Infratest dimap,1500.0,fdp,9.0,9.0
Germany,2017,germany_2017_71,2017-07-05,81,Infratest dimap,1500.0,afd,9.0,9.0
Germany,2017,germany_2017_72,2017-07-05,81,Emnid,1878.0,union,38.0,38.0
Germany,2017,germany_2017_72,2017-07-05,81,Emnid,1878.0,spd,25.0,25.0
Germany,2017,germany_2017_72,2017-07-05,81,Emnid,1878.0,linke,9.0,9.0
Germany,2017,germany_2017_72,2017-07-05,81,Emnid,1878.0,gruene,8.0,8.0
Germany,2017,germany_2017_72,2017-07-05,81,Emnid,1878.0,fdp,8.0,8.0
Germany,2017,germany_2017_72,2017-07-05,81,Emnid,1878.0,afd,7.0,7.0
Germany,2017,germany_2017_73,2017-07-05,81,GMS,1009.0,union,39.0,39.0
Germany,2017,germany_2017_73,2017-07-05,81,GMS,1009.0,spd,23.0,23.0
Germany,2017,germany_2017_73,2017-07-05,81,GMS,1009.0,linke,8.0,8.0
Germany,2017,germany_2017_73,2017-07-05,81,GMS,1009.0,gruene,9.0,9.0
Germany,2017,germany_2017_73,2017-07-05,81,GMS,1009.0,fdp,9.0,9.0
Germany,2017,germany_2017_73,2017-07-05,81,GMS,1009.0,afd,7.0,7.0
Germany,2017,germany_2017_74,2017-07-03,83,INSA,2044.0,union,36.5,36.5
Germany,2017,germany_2017_74,2017-07-03,83,INSA,2044.0,spd,25.0,25.0
Germany,2017,germany_2017_74,2017-07-03,83,INSA,2044.0,linke,10.5,10.5
Germany,2017,germany_2017_74,2017-07-03,83,INSA,2044.0,gruene,6.5,6.5
Germany,2017,germany_2017_74,2017-07-03,83,INSA,2044.0,fdp,9.0,9.0
Germany,2017,germany_2017_74,2017-07-03,83,INSA,2044.0,afd,9.0,9.0
Germany,2017,germany_2017_75,2017-06-30,86,Forsa,2503.0,union,39.0,39.0
Germany,2017,germany_2017_75,2017-06-30,86,Forsa,2503.0,spd,23.0,23.0
Germany,2017,germany_2017_75,2017-06-30,86,Forsa,2503.0,linke,9.0,9.0
Germany,2017,germany_2017_75,2017-06-30,86,Forsa,2503.0,gruene,8.0,8.0
Germany,2017,germany_2017_75,2017-06-30,86,Forsa,2503.0,fdp,8.0,8.0
Germany,2017,germany_2017_75,2017-06-30,86,Forsa,2503.0,afd,7.0,7.0
Germany,2017,germany_2017_76,2017-06-28,88,Forsa,1507.0,union,40.0,40.0
Germany,2017,germany_2017_76,2017-06-28,88,Forsa,1507.0,spd,23.0,23.0
Germany,2017,germany_2017_76,2017-06-28,88,Forsa,1507.0,linke,9.0,9.0
Germany,2017,germany_2017_76,2017-06-28,88,Forsa,1507.0,gruene,9.0,9.0
Germany,2017,germany_2017_76,2017-06-28,88,Forsa,1507.0,fdp,8.0,8.0
Germany,2017,germany_2017_76,2017-06-28,88,Forsa,1507.0,afd,7.0,7.0
Germany,2017,germany_2017_77,2017-06-28,88,YouGov,2000.0,union,38.0,38.0
Germany,2017,germany_2017_77,2017-06-28,88,YouGov,2000.0,spd,25.0,25.0
Germany,2017,germany_2017_77,2017-06-28,88,YouGov,2000.0,linke,9.0,9.0
Germany,2017,germany_2017_77,2017-06-28,88,YouGov,2000.0,gruene,8.0,8.0
Germany,2017,germany_2017_77,2017-06-28,88,YouGov,2000.0,fdp,8.0,8.0
Germany,2017,germany_2017_77,2017-06-28,88,YouGov,2000.0,afd,8.0,8.0
Germany,2017,germany_2017_78,2017-06-26,90,Ipsos,1052.0,union,39.0,39.0
Germany,2017,germany_2017_78,2017-06-26,90,Ipsos,1052.0,spd,25.0,25.0
Germany,2017,germany_2017_78,2017-06-26,90,Ipsos,1052.0,linke,8.0,8.0
Germany,2017,germany_2017_78,2017-06-26,90,Ipsos,1052.0,gruene,7.0,7.0
Germany,2017,germany_2017_78,2017-06-26,90,Ipsos,1052.0,fdp,8.0,8.0
Germany,2017,germany_2017_78,2017-06-26,90,Ipsos,1052.0,afd,9.0,9.0
Germany,2017,germany_2017_79,2017-06-26,90,INSA,2056.0,union,37.0,37.0
Germany,2017,germany_2017_79,2017-06-26,90,INSA,2056.0,spd,26.0,26.0
Germany,2017,germany_2017_79,2017-06-26,90,INSA,2056.0,linke,10.0,10.0
Germany,2017,germany_2017_79,2017-06-26,90,INSA,2056.0,gruene,6.5,6.5
Germany,2017,germany_2017_79,2017-06-26,90,INSA,2056.0,fdp,9.0,9.0
Germany,2017,germany_2017_79,2017-06-26,90,INSA,2056.0,afd,8.5,8.5
Germany,2017,germany_2017_80,2017-06-24,92,Emnid,936.0,union,39.0,39.0
Germany,2017,germany_2017_80,2017-06-24,92,Emnid,936.0,spd,24.0,24.0
Germany,2017,germany_2017_80,2017-06-24,92,Emnid,936.0,linke,9.0,9.0
Germany,2017,germany_2017_80,2017-06-24,92,Emnid,936.0,gruene,8.0,8.0
Germany,2017,germany_2017_80,2017-06-24,92,Emnid,936.0,fdp,8.0,8.0
Germany,2017,germany_2017_80,2017-06-24,92,Emnid,936.0,afd,7.0,7.0
Germany,2017,germany_2017_81,2017-06-23,93,Forsa,2502.0,union,40.0,40.0
Germany,2017,germany_2017_81,2017-06-23,93,Forsa,2502.0,spd,23.0,23.0
Germany,2017,germany_2017_81,2017-06-23,93,Forsa,2502.0,linke,9.0,9.0
Germany,2017,germany_2017_81,2017-06-23,93,Forsa,2502.0,gruene,9.0,9.0
Germany,2017,germany_2017_81,2017-06-23,93,Forsa,2502.0,fdp,7.0,7.0
Germany,2017,germany_2017_81,2017-06-23,93,Forsa,2502.0,afd,7.0,7.0
Germany,2017,germany_2017_82,2017-06-22,94,Forschungsgruppe Wahlen,1261.0,union,39.0,39.0
Germany,2017,germany_2017_82,2017-06-22,94,Forschungsgruppe Wahlen,1261.0,spd,25.0,25.0
Germany,2017,germany_2017_82,2017-06-22,94,Forschungsgruppe Wahlen,1261.0,linke,9.0,9.0
Germany,2017,germany_2017_82,2017-06-22,94,Forschungsgruppe Wahlen,1261.0,gruene,8.0,8.0
Germany,2017,germany_2017_82,2017-06-22,94,Forschungsgruppe Wahlen,1261.0,fdp,8.0,8.0
Germany,2017,germany_2017_82,2017-06-22,94,Forschungsgruppe Wahlen,1261.0,afd,7.0,7.0
Germany,2017,germany_2017_83,2017-06-22,94,YouGov,1523.0,union,36.0,36.0
Germany,2017,germany_2017_83,2017-06-22,94,YouGov,1523.0,spd,25.0,25.0
Germany,2017,germany_2017_83,2017-06-22,94,YouGov,1523.0,linke,10.0,10.0
Germany,2017,germany_2017_83,2017-06-22,94,YouGov,1523.0,gruene,8.0,8.0
Germany,2017,germany_2017_83,2017-06-22,94,YouGov,1523.0,fdp,9.0,9.0
Germany,2017,germany_2017_83,2017-06-22,94,YouGov,1523.0,afd,7.0,7.0
Germany,2017,germany_2017_84,2017-06-21,95,Emnid,1363.0,union,39.0,39.0
Germany,2017,germany_2017_84,2017-06-21,95,Emnid,1363.0,spd,24.0,24.0
Germany,2017,germany_2017_84,2017-06-21,95,Emnid,1363.0,linke,9.0,9.0
Germany,2017,germany_2017_84,2017-06-21,95,Emnid,1363.0,gruene,8.0,8.0
Germany,2017,germany_2017_84,2017-06-21,95,Emnid,1363.0,fdp,7.0,7.0
Germany,2017,germany_2017_84,2017-06-21,95,Emnid,1363.0,afd,8.0,8.0
Germany,2017,germany_2017_85,2017-06-19,97,INSA,2037.0,union,36.5,36.5
Germany,2017,germany_2017_85,2017-06-19,97,INSA,2037.0,spd,25.0,25.0
Germany,2017,germany_2017_85,2017-06-19,97,INSA,2037.0,linke,11.0,11.0
Germany,2017,germany_2017_85,2017-06-19,97,INSA,2037.0,gruene,6.5,6.5
Germany,2017,germany_2017_85,2017-06-19,97,INSA,2037.0,fdp,9.0,9.0
Germany,2017,germany_2017_85,2017-06-19,97,INSA,2037.0,afd,9.0,9.0
Germany,2017,germany_2017_86,2017-06-16,100,Forsa,2505.0,union,39.0,39.0
Germany,2017,germany_2017_86,2017-06-16,100,Forsa,2505.0,spd,23.0,23.0
Germany,2017,germany_2017_86,2017-06-16,100,Forsa,2505.0,linke,10.0,10.0
Germany,2017,germany_2017_86,2017-06-16,100,Forsa,2505.0,gruene,8.0,8.0
Germany,2017,germany_2017_86,2017-06-16,100,Forsa,2505.0,fdp,8.0,8.0
Germany,2017,germany_2017_86,2017-06-16,100,Forsa,2505.0,afd,7.0,7.0
Germany,2017,germany_2017_87,2017-06-15,101,Allensbach,1437.0,union,40.0,40.0
Germany,2017,germany_2017_87,2017-06-15,101,Allensbach,1437.0,spd,24.0,24.0
Germany,2017,germany_2017_87,2017-06-15,101,Allensbach,1437.0,linke,8.5,8.5
Germany,2017,germany_2017_87,2017-06-15,101,Allensbach,1437.0,gruene,7.0,7.0
Germany,2017,germany_2017_87,2017-06-15,101,Allensbach,1437.0,fdp,10.5,10.5
Germany,2017,germany_2017_87,2017-06-15,101,Allensbach,1437.0,afd,6.5,6.5
Germany,2017,germany_2017_88,2017-06-13,103,Emnid,2054.0,union,39.0,39.0
Germany,2017,germany_2017_88,2017-06-13,103,Emnid,2054.0,spd,25.0,25.0
Germany,2017,germany_2017_88,2017-06-13,103,Emnid,2054.0,linke,9.0,9.0
Germany,2017,germany_2017_88,2017-06-13,103,Emnid,2054.0,gruene,7.0,7.0
Germany,2017,germany_2017_88,2017-06-13,103,Emnid,2054.0,fdp,7.0,7.0
Germany,2017,germany_2017_88,2017-06-13,103,Emnid,2054.0,afd,8.0,8.0
Germany,2017,germany_2017_89,2017-06-13,103,Infratest dimap,1018.0,union,39.0,39.0
Germany,2017,germany_2017_89,2017-06-13,103,Infratest dimap,1018.0,spd,24.0,24.0
Germany,2017,germany_2017_89,2017-06-13,103,Infratest dimap,1018.0,linke,8.0,8.0
Germany,2017,germany_2017_89,2017-06-13,103,Infratest dimap,1018.0,gruene,7.0,7.0
Germany,2017,germany_2017_89,2017-06-13,103,Infratest dimap,1018.0,fdp,9.0,9.0
Germany,2017,germany_2017_89,2017-06-13,103,Infratest dimap,1018.0,afd,8.0,8.0
Germany,2017,germany_2017_90,2017-06-12,104,Ipsos,1054.0,union,38.0,38.0
Germany,2017,germany_2017_90,2017-06-12,104,Ipsos,1054.0,spd,26.0,26.0
Germany,2017,germany_2017_90,2017-06-12,104,Ipsos,1054.0,linke,8.0,8.0
Germany,2017,germany_2017_90,2017-06-12,104,Ipsos,1054.0,gruene,7.0,7.0
Germany,2017,germany_2017_90,2017-06-12,104,Ipsos,1054.0,fdp,7.0,7.0
Germany,2017,germany_2017_90,2017-06-12,104,Ipsos,1054.0,afd,9.0,9.0
Germany,2017,germany_2017_91,2017-06-12,104,INSA,2037.0,union,37.5,37.5
Germany,2017,germany_2017_91,2017-06-12,104,INSA,2037.0,spd,23.5,23.5
Germany,2017,germany_2017_91,2017-06-12,104,INSA,2037.0,linke,11.0,11.0
Germany,2017,germany_2017_91,2017-06-12,104,INSA,2037.0,gruene,6.5,6.5
Germany,2017,germany_2017_91,2017-06-12,104,INSA,2037.0,fdp,9.0,9.0
Germany,2017,germany_2017_91,2017-06-12,104,INSA,2037.0,afd,9.0,9.0
Germany,2017,germany_2017_92,2017-06-09,107,Forsa,2004.0,union,38.0,38.0
Germany,2017,germany_2017_92,2017-06-09,107,Forsa,2004.0,spd,24.0,24.0
Germany,2017,germany_2017_92,2017-06-09,107,Forsa,2004.0,linke,8.0,8.0
Germany,2017,germany_2017_92,2017-06-09,107,Forsa,2004.0,gruene,8.0,8.0
Germany,2017,germany_2017_92,2017-06-09,107,Forsa,2004.0,fdp,9.0,9.0
Germany,2017,germany_2017_92,2017-06-09,107,Forsa,2004.0,afd,7.0,7.0
Germany,2017,germany_2017_93,2017-06-07,109,Infratest dimap,1503.0,union,38.0,38.0
Germany,2017,germany_2017_93,2017-06-07,109,Infratest dimap,1503.0,spd,24.0,24.0
Germany,2017,germany_2017_93,2017-06-07,109,Infratest dimap,1503.0,linke,8.0,8.0
Germany,2017,germany_2017_93,2017-06-07,109,Infratest dimap,1503.0,gruene,7.0,7.0
Germany,2017,germany_2017_93,2017-06-07,109,Infratest dimap,1503.0,fdp,10.0,10.0
Germany,2017,germany_2017_93,2017-06-07,109,Infratest dimap,1503.0,afd,9.0,9.0
Germany,2017,germany_2017_94,2017-06-07,109,Emnid,1398.0,union,39.0,39.0
Germany,2017,germany_2017_94,2017-06-07,109,Emnid,1398.0,spd,25.0,25.0
Germany,2017,germany_2017_94,2017-06-07,109,Emnid,1398.0,linke,9.0,9.0
Germany,2017,germany_2017_94,2017-06-07,109,Emnid,1398.0,gruene,8.0,8.0
Germany,2017,germany_2017_94,2017-06-07,109,Emnid,1398.0,fdp,7.0,7.0
Germany,2017,germany_2017_94,2017-06-07,109,Emnid,1398.0,afd,8.0,8.0
Germany,2017,germany_2017_95,2017-06-06,110,INSA,2037.0,union,38.0,38.0
Germany,2017,germany_2017_95,2017-06-06,110,INSA,2037.0,spd,23.0,23.0
Germany,2017,germany_2017_95,2017-06-06,110,INSA,2037.0,linke,11.0,11.0
Germany,2017,germany_2017_95,2017-06-06,110,INSA,2037.0,gruene,7.0,7.0
Germany,2017,germany_2017_95,2017-06-06,110,INSA,2037.0,fdp,9.0,9.0
Germany,2017,germany_2017_95,2017-06-06,110,INSA,2037.0,afd,8.0,8.0
Germany,2017,germany_2017_96,2017-06-02,114,Forsa,2501.0,union,39.0,39.0
Germany,2017,germany_2017_96,2017-06-02,114,Forsa,2501.0,spd,24.0,24.0
Germany,2017,germany_2017_96,2017-06-02,114,Forsa,2501.0,linke,8.0,8.0
Germany,2017,germany_2017_96,2017-06-02,114,Forsa,2501.0,gruene,8.0,8.0
Germany,2017,germany_2017_96,2017-06-02,114,Forsa,2501.0,fdp,8.0,8.0
Germany,2017,germany_2017_96,2017-06-02,114,Forsa,2501.0,afd,7.0,7.0
Germany,2017,germany_2017_97,2017-06-01,115,Forschungsgruppe Wahlen,1301.0,union,39.0,39.0
Germany,2017,germany_2017_97,2017-06-01,115,Forschungsgruppe Wahlen,1301.0,spd,25.0,25.0
Germany,2017,germany_2017_97,2017-06-01,115,Forschungsgruppe Wahlen,1301.0,linke,9.0,9.0
Germany,2017,germany_2017_97,2017-06-01,115,Forschungsgruppe Wahlen,1301.0,gruene,7.0,7.0
Germany,2017,germany_2017_97,2017-06-01,115,Forschungsgruppe Wahlen,1301.0,fdp,8.0,8.0
Germany,2017,germany_2017_97,2017-06-01,115,Forschungsgruppe Wahlen,1301.0,afd,8.0,8.0
Germany,2017,germany_2017_98,2017-05-31,116,YouGov,2040.0,union,37.0,37.0
Germany,2017,germany_2017_98,2017-05-31,116,YouGov,2040.0,spd,23.0,23.0
Germany,2017,germany_2017_98,2017-05-31,116,YouGov,2040.0,linke,10.0,10.0
Germany,2017,germany_2017_98,2017-05-31,116,YouGov,2040.0,gruene,8.0,8.0
Germany,2017,germany_2017_98,2017-05-31,116,YouGov,2040.0,fdp,9.0,9.0
Germany,2017,germany_2017_98,2017-05-31,116,YouGov,2040.0,afd,9.0,9.0
Germany,2017,germany_2017_99,2017-05-31,116,GMS,1016.0,union,39.0,39.0
Germany,2017,germany_2017_99,2017-05-31,116,GMS,1016.0,spd,23.0,23.0
Germany,2017,germany_2017_99,2017-05-31,116,GMS,1016.0,linke,8.0,8.0
Germany,2017,germany_2017_99,2017-05-31,116,GMS,1016.0,gruene,8.0,8.0
Germany,2017,germany_2017_99,2017-05-31,116,GMS,1016.0,fdp,10.0,10.0
Germany,2017,germany_2017_99,2017-05-31,116,GMS,1016.0,afd,8.0,8.0
Germany,2017,germany_2017_100,2017-05-31,116,Emnid,1838.0,union,38.0,38.0
Germany,2017,germany_2017_100,2017-05-31,116,Emnid,1838.0,spd,27.0,27.0
Germany,2017,germany_2017_100,2017-05-31,116,Emnid,1838.0,linke,8.0,8.0
Germany,2017,germany_2017_100,2017-05-31,116,Emnid,1838.0,gruene,7.0,7.0
Germany,2017,germany_2017_100,2017-05-31,116,Emnid,1838.0,fdp,7.0,7.0
Germany,2017,germany_2017_100,2017-05-31,116,Emnid,1838.0,afd,8.0,8.0
Germany,2017,germany_2017_101,2017-05-29,118,Ipsos,1093.0,union,38.0,38.0
Germany,2017,germany_2017_101,2017-05-29,118,Ipsos,1093.0,spd,28.0,28.0
Germany,2017,germany_2017_101,2017-05-29,118,Ipsos,1093.0,linke,8.0,8.0
Germany,2017,germany_2017_101,2017-05-29,118,Ipsos,1093.0,gruene,7.0,7.0
Germany,2017,germany_2017_101,2017-05-29,118,Ipsos,1093.0,fdp,7.0,7.0
Germany,2017,germany_2017_101,2017-05-29,118,Ipsos,1093.0,afd,8.0,8.0
Germany,2017,germany_2017_102,2017-05-29,118,INSA,2053.0,union,35.5,35.5
Germany,2017,germany_2017_102,2017-05-29,118,INSA,2053.0,spd,26.0,26.0
Germany,2017,germany_2017_102,2017-05-29,118,INSA,2053.0,linke,10.0,10.0
Germany,2017,germany_2017_102,2017-05-29,118,INSA,2053.0,gruene,6.0,6.0
Germany,2017,germany_2017_102,2017-05-29,118,INSA,2053.0,fdp,10.0,10.0
Germany,2017,germany_2017_102,2017-05-29,118,INSA,2053.0,afd,9.0,9.0
Germany,2021,germany_2021_0,2021-09-24,2,Wahlkreisprognose,1400.0,union,22.5,22.5
Germany,2021,germany_2021_0,2021-09-24,2,Wahlkreisprognose,1400.0,spd,25.5,25.5
Germany,2021,germany_2021_0,2021-09-24,2,Wahlkreisprognose,1400.0,afd,11.0,11.0
Germany,2021,germany_2021_0,2021-09-24,2,Wahlkreisprognose,1400.0,fdp,12.0,12.0
Germany,2021,germany_2021_0,2021-09-24,2,Wahlkreisprognose,1400.0,linke,7.0,7.0
Germany,2021,germany_2021_0,2021-09-24,2,Wahlkreisprognose,1400.0,gruene,14.0,14.0
Germany,2021,germany_2021_1,2021-09-23,3,Ipsos,2000.0,union,22.0,22.0
Germany,2021,germany_2021_1,2021-09-23,3,Ipsos,2000.0,spd,26.0,26.0
Germany,2021,germany_2021_1,2021-09-23,3,Ipsos,2000.0,afd,11.0,11.0
Germany,2021,germany_2021_1,2021-09-23,3,Ipsos,2000.0,fdp,12.0,12.0
Germany,2021,germany_2021_1,2021-09-23,3,Ipsos,2000.0,linke,7.0,7.0
Germany,2021,germany_2021_1,2021-09-23,3,Ipsos,2000.0,gruene,16.0,16.0
Germany,2021,germany_2021_2,2021-09-23,3,Forschungsgruppe Wahlen,1273.0,union,23.0,23.0
Germany,2021,germany_2021_2,2021-09-23,3,Forschungsgruppe Wahlen,1273.0,spd,25.0,25.0
Germany,2021,germany_2021_2,2021-09-23,3,Forschungsgruppe Wahlen,1273.0,afd,10.0,10.0
Germany,2021,germany_2021_2,2021-09-23,3,Forschungsgruppe Wahlen,1273.0,fdp,11.0,11.0
Germany,2021,germany_2021_2,2021-09-23,3,Forschungsgruppe Wahlen,1273.0,linke,6.0,6.0
Germany,2021,germany_2021_2,2021-09-23,3,Forschungsgruppe Wahlen,1273.0,gruene,16.5,16.5
Germany,2021,germany_2021_2,2021-09-23,3,Forschungsgruppe Wahlen,1273.0,fw,3.0,3.0
Germany,2021,germany_2021_3,2021-09-23,3,Forsa,2002.0,union,22.0,22.0
Germany,2021,germany_2021_3,2021-09-23,3,Forsa,2002.0,spd,25.0,25.0
Germany,2021,germany_2021_3,2021-09-23,3,Forsa,2002.0,afd,10.0,10.0
Germany,2021,germany_2021_3,2021-09-23,3,Forsa,2002.0,fdp,12.0,12.0
Germany,2021,germany_2021_3,2021-09-23,3,Forsa,2002.0,linke,6.0,6.0
Germany,2021,germany_2021_3,2021-09-23,3,Forsa,2002.0,gruene,17.0,17.0
Germany,2021,germany_2021_3,2021-09-23,3,Forsa,2002.0,fw,3.0,3.0
Germany,2021,germany_2021_4,2021-09-23,3,Allensbach,1554.0,union,25.0,25.0
Germany,2021,germany_2021_4,2021-09-23,3,Allensbach,1554.0,spd,26.0,26.0
Germany,2021,germany_2021_4,2021-09-23,3,Allensbach,1554.0,afd,10.0,10.0
Germany,2021,germany_2021_4,2021-09-23,3,Allensbach,1554.0,fdp,10.5,10.5
Germany,2021,germany_2021_4,2021-09-23,3,Allensbach,1554.0,linke,5.0,5.0
Germany,2021,germany_2021_4,2021-09-23,3,Allensbach,1554.0,gruene,16.0,16.0
Germany,2021,germany_2021_5,2021-09-23,3,Civey,10012.0,union,23.0,23.0
Germany,2021,germany_2021_5,2021-09-23,3,Civey,10012.0,spd,25.0,25.0
Germany,2021,germany_2021_5,2021-09-23,3,Civey,10012.0,afd,10.0,10.0
Germany,2021,germany_2021_5,2021-09-23,3,Civey,10012.0,fdp,12.0,12.0
Germany,2021,germany_2021_5,2021-09-23,3,Civey,10012.0,linke,6.0,6.0
Germany,2021,germany_2021_5,2021-09-23,3,Civey,10012.0,gruene,16.0,16.0
Germany,2021,germany_2021_6,2021-09-22,4,YouGov,2364.0,union,21.0,21.0
Germany,2021,germany_2021_6,2021-09-22,4,YouGov,2364.0,spd,25.0,25.0
Germany,2021,germany_2021_6,2021-09-22,4,YouGov,2364.0,afd,12.0,12.0
Germany,2021,germany_2021_6,2021-09-22,4,YouGov,2364.0,fdp,11.0,11.0
Germany,2021,germany_2021_6,2021-09-22,4,YouGov,2364.0,linke,7.0,7.0
Germany,2021,germany_2021_6,2021-09-22,4,YouGov,2364.0,gruene,14.0,14.0
Germany,2021,germany_2021_6,2021-09-22,4,YouGov,2364.0,fw,2.0,2.0
Germany,2021,germany_2021_7,2021-09-21,5,Wahlkreisprognose,1801.0,union,21.5,21.5
Germany,2021,germany_2021_7,2021-09-21,5,Wahlkreisprognose,1801.0,spd,25.0,25.0
Germany,2021,germany_2021_7,2021-09-21,5,Wahlkreisprognose,1801.0,afd,11.0,11.0
Germany,2021,germany_2021_7,2021-09-21,5,Wahlkreisprognose,1801.0,fdp,12.5,12.5
Germany,2021,germany_2021_7,2021-09-21,5,Wahlkreisprognose,1801.0,linke,6.5,6.5
Germany,2021,germany_2021_7,2021-09-21,5,Wahlkreisprognose,1801.0,gruene,15.0,15.0
Germany,2021,germany_2021_8,2021-09-21,5,Kantar,1433.0,union,21.0,21.0
Germany,2021,germany_2021_8,2021-09-21,5,Kantar,1433.0,spd,25.0,25.0
Germany,2021,germany_2021_8,2021-09-21,5,Kantar,1433.0,afd,11.0,11.0
Germany,2021,germany_2021_8,2021-09-21,5,Kantar,1433.0,fdp,11.0,11.0
Germany,2021,germany_2021_8,2021-09-21,5,Kantar,1433.0,linke,7.0,7.0
Germany,2021,germany_2021_8,2021-09-21,5,Kantar,1433.0,gruene,16.0,16.0
Germany,2021,germany_2021_9,2021-09-20,6,INSA,2054.0,union,22.0,22.0
Germany,2021,germany_2021_9,2021-09-20,6,INSA,2054.0,spd,25.0,25.0
Germany,2021,germany_2021_9,2021-09-20,6,INSA,2054.0,afd,11.0,11.0
Germany,2021,germany_2021_9,2021-09-20,6,INSA,2054.0,fdp,12.0,12.0
Germany,2021,germany_2021_9,2021-09-20,6,INSA,2054.0,linke,6.5,6.5
Germany,2021,germany_2021_9,2021-09-20,6,INSA,2054.0,gruene,15.0,15.0
Germany,2021,germany_2021_10,2021-09-20,6,Forsa,2502.0,union,22.0,22.0
Germany,2021,germany_2021_10,2021-09-20,6,Forsa,2502.0,spd,25.0,25.0
Germany,2021,germany_2021_10,2021-09-20,6,Forsa,2502.0,afd,11.0,11.0
Germany,2021,germany_2021_10,2021-09-20,6,Forsa,2502.0,fdp,11.0,11.0
Germany,2021,germany_2021_10,2021-09-20,6,Forsa,2502.0,linke,6.0,6.0
Germany,2021,germany_2021_10,2021-09-20,6,Forsa,2502.0,gruene,17.0,17.0
Germany,2021,germany_2021_10,2021-09-20,6,Forsa,2502.0,fw,3.0,3.0
Germany,2021,germany_2021_11,2021-09-17,9,INSA,1502.0,union,21.0,21.0
Germany,2021,germany_2021_11,2021-09-17,9,INSA,1502.0,spd,26.0,26.0
Germany,2021,germany_2021_11,2021-09-17,9,INSA,1502.0,afd,11.0,11.0
Germany,2021,germany_2021_11,2021-09-17,9,INSA,1502.0,fdp,12.0,12.0
Germany,2021,germany_2021_11,2021-09-17,9,INSA,1502.0,linke,6.0,6.0
Germany,2021,germany_2021_11,2021-09-17,9,INSA,1502.0,gruene,15.0,15.0
Germany,2021,germany_2021_11,2021-09-17,9,INSA,1502.0,fw,3.0,3.0
Germany,2021,germany_2021_12,2021-09-16,10,Ipsos,2000.0,union,21.0,21.0
Germany,2021,germany_2021_12,2021-09-16,10,Ipsos,2000.0,spd,27.0,27.0
Germany,2021,germany_2021_12,2021-09-16,10,Ipsos,2000.0,afd,11.0,11.0
Germany,2021,germany_2021_12,2021-09-16,10,Ipsos,2000.0,fdp,10.0,10.0
Germany,2021,germany_2021_12,2021-09-16,10,Ipsos,2000.0,linke,7.0,7.0
Germany,2021,germany_2021_12,2021-09-16,10,Ipsos,2000.0,gruene,18.0,18.0
Germany,2021,germany_2021_13,2021-09-16,10,Forschungsgruppe Wahlen,1406.0,union,22.0,22.0
Germany,2021,germany_2021_13,2021-09-16,10,Forschungsgruppe Wahlen,1406.0,spd,25.0,25.0
Germany,2021,germany_2021_13,2021-09-16,10,Forschungsgruppe Wahlen,1406.0,afd,11.0,11.0
Germany,2021,germany_2021_13,2021-09-16,10,Forschungsgruppe Wahlen,1406.0,fdp,11.0,11.0
Germany,2021,germany_2021_13,2021-09-16,10,Forschungsgruppe Wahlen,1406.0,linke,6.0,6.0
Germany,2021,germany_2021_13,2021-09-16,10,Forschungsgruppe Wahlen,1406.0,gruene,16.0,16.0
Germany,2021,germany_2021_14,2021-09-16,10,Trend Research,1097.0,union,22.0,22.0
Germany,2021,germany_2021_14,2021-09-16,10,Trend Research,1097.0,spd,27.0,27.0
Germany,2021,germany_2021_14,2021-09-16,10,Trend Research,1097.0,afd,11.0,11.0
Germany,2021,germany_2021_14,2021-09-16,10,Trend Research,1097.0,fdp,12.0,12.0
Germany,2021,germany_2021_14,2021-09-16,10,Trend Research,1097.0,linke,7.0,7.0
Germany,2021,germany_2021_14,2021-09-16,10,Trend Research,1097.0,gruene,15.0,15.0
Germany,2021,germany_2021_15,2021-09-15,11,Infratest dimap,1512.0,union,22.0,22.0
Germany,2021,germany_2021_15,2021-09-15,11,Infratest dimap,1512.0,spd,26.0,26.0
Germany,2021,germany_2021_15,2021-09-15,11,Infratest dimap,1512.0,afd,11.0,11.0
Germany,2021,germany_2021_15,2021-09-15,11,Infratest dimap,1512.0,fdp,11.0,11.0
Germany,2021,germany_2021_15,2021-09-15,11,Infratest dimap,1512.0,linke,6.0,6.0
Germany,2021,germany_2021_15,2021-09-15,11,Infratest dimap,1512.0,gruene,15.0,15.0
Germany,2021,germany_2021_15,2021-09-15,11,Infratest dimap,1512.0,fw,3.0,3.0
Germany,2021,germany_2021_16,2021-09-15,11,Wahlkreisprognose,1400.0,union,20.0,20.0
Germany,2021,germany_2021_16,2021-09-15,11,Wahlkreisprognose,1400.0,spd,27.0,27.0
Germany,2021,germany_2021_16,2021-09-15,11,Wahlkreisprognose,1400.0,afd,11.0,11.0
Germany,2021,germany_2021_16,2021-09-15,11,Wahlkreisprognose,1400.0,fdp,12.5,12.5
Germany,2021,germany_2021_16,2021-09-15,11,Wahlkreisprognose,1400.0,linke,6.5,6.5
Germany,2021,germany_2021_16,2021-09-15,11,Wahlkreisprognose,1400.0,gruene,15.0,15.0
Germany,2021,germany_2021_17,2021-09-15,11,Civey,10029.0,union,23.0,23.0
Germany,2021,germany_2021_17,2021-09-15,11,Civey,10029.0,spd,25.0,25.0
Germany,2021,germany_2021_17,2021-09-15,11,Civey,10029.0,afd,10.0,10.0
Germany,2021,germany_2021_17,2021-09-15,11,Civey,10029.0,fdp,12.0,12.0
Germany,2021,germany_2021_17,2021-09-15,11,Civey,10029.0,linke,6.0,6.0
Germany,2021,germany_2021_17,2021-09-15,11,Civey,10029.0,gruene,17.0,17.0
Germany,2021,germany_2021_18,2021-09-14,12,YouGov,1816.0,union,20.0,20.0
Germany,2021,germany_2021_18,2021-09-14,12,YouGov,1816.0,spd,25.0,25.0
Germany,2021,germany_2021_18,2021-09-14,12,YouGov,1816.0,afd,11.0,11.0
Germany,2021,germany_2021_18,2021-09-14,12,YouGov,1816.0,fdp,10.0,10.0
Germany,2021,germany_2021_18,2021-09-14,12,YouGov,1816.0,linke,8.0,8.0
Germany,2021,germany_2021_18,2021-09-14,12,YouGov,1816.0,gruene,15.0,15.0
Germany,2021,germany_2021_18,2021-09-14,12,YouGov,1816.0,fw,3.0,3.0
Germany,2021,germany_2021_19,2021-09-14,12,Kantar,1543.0,union,20.0,20.0
Germany,2021,germany_2021_19,2021-09-14,12,Kantar,1543.0,spd,26.0,26.0
Germany,2021,germany_2021_19,2021-09-14,12,Kantar,1543.0,afd,12.0,12.0
Germany,2021,germany_2021_19,2021-09-14,12,Kantar,1543.0,fdp,11.0,11.0
Germany,2021,germany_2021_19,2021-09-14,12,Kantar,1543.0,linke,6.0,6.0
Germany,2021,germany_2021_19,2021-09-14,12,Kantar,1543.0,gruene,17.0,17.0
Germany,2021,germany_2021_20,2021-09-13,13,INSA,2062.0,union,20.5,20.5
Germany,2021,germany_2021_20,2021-09-13,13,INSA,2062.0,spd,26.0,26.0
Germany,2021,germany_2021_20,2021-09-13,13,INSA,2062.0,afd,11.5,11.5
Germany,2021,germany_2021_20,2021-09-13,13,INSA,2062.0,fdp,12.5,12.5
Germany,2021,germany_2021_20,2021-09-13,13,INSA,2062.0,linke,6.5,6.5
Germany,2021,germany_2021_20,2021-09-13,13,INSA,2062.0,gruene,15.0,15.0
Germany,2021,germany_2021_21,2021-09-13,13,GMS,1003.0,union,23.0,23.0
Germany,2021,germany_2021_21,2021-09-13,13,GMS,1003.0,spd,25.0,25.0
Germany,2021,germany_2021_21,2021-09-13,13,GMS,1003.0,afd,11.0,11.0
Germany,2021,germany_2021_21,2021-09-13,13,GMS,1003.0,fdp,13.0,13.0
Germany,2021,germany_2021_21,2021-09-13,13,GMS,1003.0,linke,6.0,6.0
Germany,2021,germany_2021_21,2021-09-13,13,GMS,1003.0,gruene,16.0,16.0
Germany,2021,germany_2021_22,2021-09-13,13,Forsa,2501.0,union,21.0,21.0
Germany,2021,germany_2021_22,2021-09-13,13,Forsa,2501.0,spd,25.0,25.0
Germany,2021,germany_2021_22,2021-09-13,13,Forsa,2501.0,afd,11.0,11.0
Germany,2021,germany_2021_22,2021-09-13,13,Forsa,2501.0,fdp,11.0,11.0
Germany,2021,germany_2021_22,2021-09-13,13,Forsa,2501.0,linke,6.0,6.0
Germany,2021,germany_2021_22,2021-09-13,13,Forsa,2501.0,gruene,17.0,17.0
Germany,2021,germany_2021_22,2021-09-13,13,Forsa,2501.0,fw,3.0,3.0
Germany,2021,germany_2021_23,2021-09-10,16,INSA,1152.0,union,20.0,20.0
Germany,2021,germany_2021_23,2021-09-10,16,INSA,1152.0,spd,26.0,26.0
Germany,2021,germany_2021_23,2021-09-10,16,INSA,1152.0,afd,11.0,11.0
Germany,2021,germany_2021_23,2021-09-10,16,INSA,1152.0,fdp,13.0,13.0
Germany,2021,germany_2021_23,2021-09-10,16,INSA,1152.0,linke,6.0,6.0
Germany,2021,germany_2021_23,2021-09-10,16,INSA,1152.0,gruene,15.0,15.0
Germany,2021,germany_2021_24,2021-09-09,17,Forschungsgruppe Wahlen,1281.0,union,22.0,22.0
Germany,2021,germany_2021_24,2021-09-09,17,Forschungsgruppe Wahlen,1281.0,spd,25.0,25.0
Germany,2021,germany_2021_24,2021-09-09,17,Forschungsgruppe Wahlen,1281.0,afd,11.0,11.0
Germany,2021,germany_2021_24,2021-09-09,17,Forschungsgruppe Wahlen,1281.0,fdp,11.0,11.0
Germany,2021,germany_2021_24,2021-09-09,17,Forschungsgruppe Wahlen,1281.0,linke,6.0,6.0
Germany,2021,germany_2021_24,2021-09-09,17,Forschungsgruppe Wahlen,1281.0,gruene,17.0,17.0
Germany,2021,germany_2021_24,2021-09-09,17,Forschungsgruppe Wahlen,1281.0,fw,3.0,3.0
Germany,2021,germany_2021_25,2021-09-07,19,Kantar,1901.0,union,21.0,21.0
Germany,2021,germany_2021_25,2021-09-07,19,Kantar,1901.0,spd,25.0,25.0
Germany,2021,germany_2021_25,2021-09-07,19,Kantar,1901.0,afd,12.0,12.0
Germany,2021,germany_2021_25,2021-09-07,19,Kantar,1901.0,fdp,12.0,12.0
Germany,2021,germany_2021_25,2021-09-07,19,Kantar,1901.0,linke,6.0,6.0
Germany,2021,germany_2021_25,2021-09-07,19,Kantar,1901.0,gruene,17.0,17.0
Germany,2021,germany_2021_26,2021-09-08,18,Wahlkreisprognose,1208.0,union,19.0,19.0
Germany,2021,germany_2021_26,2021-09-08,18,Wahlkreisprognose,1208.0,spd,28.0,28.0
Germany,2021,germany_2021_26,2021-09-08,18,Wahlkreisprognose,1208.0,afd,11.0,11.0
Germany,2021,germany_2021_26,2021-09-08,18,Wahlkreisprognose,1208.0,fdp,12.0,12.0
Germany,2021,germany_2021_26,2021-09-08,18,Wahlkreisprognose,1208.0,linke,6.0,6.0
Germany,2021,germany_2021_26,2021-09-08,18,Wahlkreisprognose,1208.0,gruene,14.0,14.0
Germany,2021,germany_2021_27,2021-09-08,18,Civey,10082.0,union,23.0,23.0
Germany,2021,germany_2021_27,2021-09-08,18,Civey,10082.0,spd,25.0,25.0
Germany,2021,germany_2021_27,2021-09-08,18,Civey,10082.0,afd,11.0,11.0
Germany,2021,germany_2021_27,2021-09-08,18,Civey,10082.0,fdp,11.0,11.0
Germany,2021,germany_2021_27,2021-09-08,18,Civey,10082.0,linke,6.0,6.0
Germany,2021,germany_2021_27,2021-09-08,18,Civey,10082.0,gruene,17.0,17.0
Germany,2021,germany_2021_28,2021-09-07,19,YouGov,1700.0,union,21.0,21.0
Germany,2021,germany_2021_28,2021-09-07,19,YouGov,1700.0,spd,26.0,26.0
Germany,2021,germany_2021_28,2021-09-07,19,YouGov,1700.0,afd,12.0,12.0
Germany,2021,germany_2021_28,2021-09-07,19,YouGov,1700.0,fdp,10.0,10.0
Germany,2021,germany_2021_28,2021-09-07,19,YouGov,1700.0,linke,6.0,6.0
Germany,2021,germany_2021_28,2021-09-07,19,YouGov,1700.0,gruene,15.0,15.0
Germany,2021,germany_2021_29,2021-09-07,19,Allensbach,1258.0,union,25.0,25.0
Germany,2021,germany_2021_29,2021-09-07,19,Allensbach,1258.0,spd,27.0,27.0
Germany,2021,germany_2021_29,2021-09-07,19,Allensbach,1258.0,afd,11.0,11.0
Germany,2021,germany_2021_29,2021-09-07,19,Allensbach,1258.0,fdp,9.5,9.5
Germany,2021,germany_2021_29,2021-09-07,19,Allensbach,1258.0,linke,6.0,6.0
Germany,2021,germany_2021_29,2021-09-07,19,Allensbach,1258.0,gruene,15.5,15.5
Germany,2021,germany_2021_30,2021-09-06,20,INSA,2052.0,union,20.5,20.5
Germany,2021,germany_2021_30,2021-09-06,20,INSA,2052.0,spd,26.0,26.0
Germany,2021,germany_2021_30,2021-09-06,20,INSA,2052.0,afd,11.0,11.0
Germany,2021,germany_2021_30,2021-09-06,20,INSA,2052.0,fdp,12.5,12.5
Germany,2021,germany_2021_30,2021-09-06,20,INSA,2052.0,linke,6.5,6.5
Germany,2021,germany_2021_30,2021-09-06,20,INSA,2052.0,gruene,15.5,15.5
Germany,2021,germany_2021_30,2021-09-06,20,INSA,2052.0,fw,3.0,3.0
Germany,2021,germany_2021_31,2021-09-06,20,GMS,1004.0,union,23.0,23.0
Germany,2021,germany_2021_31,2021-09-06,20,GMS,1004.0,spd,25.0,25.0
Germany,2021,germany_2021_31,2021-09-06,20,GMS,1004.0,afd,11.0,11.0
Germany,2021,germany_2021_31,2021-09-06,20,GMS,1004.0,fdp,12.0,12.0
Germany,2021,germany_2021_31,2021-09-06,20,GMS,1004.0,linke,6.0,6.0
Germany,2021,germany_2021_31,2021-09-06,20,GMS,1004.0,gruene,17.0,17.0
Germany,2021,germany_2021_32,2021-09-06,20,Forsa,2505.0,union,19.0,19.0
Germany,2021,germany_2021_32,2021-09-06,20,Forsa,2505.0,spd,25.0,25.0
Germany,2021,germany_2021_32,2021-09-06,20,Forsa,2505.0,afd,11.0,11.0
Germany,2021,germany_2021_32,2021-09-06,20,Forsa,2505.0,fdp,13.0,13.0
Germany,2021,germany_2021_32,2021-09-06,20,Forsa,2505.0,linke,6.0,6.0
Germany,2021,germany_2021_32,2021-09-06,20,Forsa,2505.0,gruene,17.0,17.0
Germany,2021,germany_2021_33,2021-09-03,23,INSA,1427.0,union,20.0,20.0
Germany,2021,germany_2021_33,2021-09-03,23,INSA,1427.0,spd,25.0,25.0
Germany,2021,germany_2021_33,2021-09-03,23,INSA,1427.0,afd,12.0,12.0
Germany,2021,germany_2021_33,2021-09-03,23,INSA,1427.0,fdp,13.0,13.0
Germany,2021,germany_2021_33,2021-09-03,23,INSA,1427.0,linke,7.0,7.0
Germany,2021,germany_2021_33,2021-09-03,23,INSA,1427.0,gruene,16.0,16.0
Germany,2021,germany_2021_34,2021-09-02,24,Forschungsgruppe Wahlen,1301.0,union,22.0,22.0
Germany,2021,germany_2021_34,2021-09-02,24,Forschungsgruppe Wahlen,1301.0,spd,25.0,25.0
Germany,2021,germany_2021_34,2021-09-02,24,Forschungsgruppe Wahlen,1301.0,afd,11.0,11.0
Germany,2021,germany_2021_34,2021-09-02,24,Forschungsgruppe Wahlen,1301.0,fdp,11.0,11.0
Germany,2021,germany_2021_34,2021-09-02,24,Forschungsgruppe Wahlen,1301.0,linke,7.0,7.0
Germany,2021,germany_2021_34,2021-09-02,24,Forschungsgruppe Wahlen,1301.0,gruene,17.0,17.0
Germany,2021,germany_2021_35,2021-09-02,24,Trend Research,1065.0,union,20.0,20.0
Germany,2021,germany_2021_35,2021-09-02,24,Trend Research,1065.0,spd,26.0,26.0
Germany,2021,germany_2021_35,2021-09-02,24,Trend Research,1065.0,afd,12.0,12.0
Germany,2021,germany_2021_35,2021-09-02,24,Trend Research,1065.0,fdp,13.0,13.0
Germany,2021,germany_2021_35,2021-09-02,24,Trend Research,1065.0,linke,7.0,7.0
Germany,2021,germany_2021_35,2021-09-02,24,Trend Research,1065.0,gruene,15.0,15.0
Germany,2021,germany_2021_36,2021-09-01,25,Infratest dimap,1337.0,union,20.0,20.0
Germany,2021,germany_2021_36,2021-09-01,25,Infratest dimap,1337.0,spd,25.0,25.0
Germany,2021,germany_2021_36,2021-09-01,25,Infratest dimap,1337.0,afd,12.0,12.0
Germany,2021,germany_2021_36,2021-09-01,25,Infratest dimap,1337.0,fdp,13.0,13.0
Germany,2021,germany_2021_36,2021-09-01,25,Infratest dimap,1337.0,linke,6.0,6.0
Germany,2021,germany_2021_36,2021-09-01,25,Infratest dimap,1337.0,gruene,16.0,16.0
Germany,2021,germany_2021_37,2021-09-01,25,Civey,10032.0,union,23.0,23.0
Germany,2021,germany_2021_37,2021-09-01,25,Civey,10032.0,spd,25.0,25.0
Germany,2021,germany_2021_37,2021-09-01,25,Civey,10032.0,afd,10.0,10.0
Germany,2021,germany_2021_37,2021-09-01,25,Civey,10032.0,fdp,11.0,11.0
Germany,2021,germany_2021_37,2021-09-01,25,Civey,10032.0,linke,6.0,6.0
Germany,2021,germany_2021_37,2021-09-01,25,Civey,10032.0,gruene,18.0,18.0
Germany,2021,germany_2021_38,2021-08-31,26,Wahlkreisprognose,2340.0,union,19.5,19.5
Germany,2021,germany_2021_38,2021-08-31,26,Wahlkreisprognose,2340.0,spd,27.0,27.0
Germany,2021,germany_2021_38,2021-08-31,26,Wahlkreisprognose,2340.0,afd,10.5,10.5
Germany,2021,germany_2021_38,2021-08-31,26,Wahlkreisprognose,2340.0,fdp,13.0,13.0
Germany,2021,germany_2021_38,2021-08-31,26,Wahlkreisprognose,2340.0,linke,6.5,6.5
Germany,2021,germany_2021_38,2021-08-31,26,Wahlkreisprognose,2340.0,gruene,15.5,15.5
Germany,2021,germany_2021_39,2021-08-31,26,YouGov,1729.0,union,20.0,20.0
Germany,2021,germany_2021_39,2021-08-31,26,YouGov,1729.0,spd,25.0,25.0
Germany,2021,germany_2021_39,2021-08-31,26,YouGov,1729.0,afd,12.0,12.0
Germany,2021,germany_2021_39,2021-08-31,26,YouGov,1729.0,fdp,13.0,13.0
Germany,2021,germany_2021_39,2021-08-31,26,YouGov,1729.0,linke,8.0,8.0
Germany,2021,germany_2021_39,2021-08-31,26,YouGov,1729.0,gruene,15.0,15.0
Germany,2021,germany_2021_40,2021-08-31,26,Kantar,1439.0,union,21.0,21.0
Germany,2021,germany_2021_40,2021-08-31,26,Kantar,1439.0,spd,25.0,25.0
Germany,2021,germany_2021_40,2021-08-31,26,Kantar,1439.0,afd,11.0,11.0
Germany,2021,germany_2021_40,2021-08-31,26,Kantar,1439.0,fdp,11.0,11.0
Germany,2021,germany_2021_40,2021-08-31,26,Kantar,1439.0,linke,7.0,7.0
Germany,2021,germany_2021_40,2021-08-31,26,Kantar,1439.0,gruene,19.0,19.0
Germany,2021,germany_2021_41,2021-08-30,27,INSA,2015.0,union,20.0,20.0
Germany,2021,germany_2021_41,2021-08-30,27,INSA,2015.0,spd,25.0,25.0
Germany,2021,germany_2021_41,2021-08-30,27,INSA,2015.0,afd,11.0,11.0
Germany,2021,germany_2021_41,2021-08-30,27,INSA,2015.0,fdp,13.5,13.5
Germany,2021,germany_2021_41,2021-08-30,27,INSA,2015.0,linke,7.0,7.0
Germany,2021,germany_2021_41,2021-08-30,27,INSA,2015.0,gruene,16.5,16.5
Germany,2021,germany_2021_42,2021-08-30,27,Forsa,2508.0,union,21.0,21.0
Germany,2021,germany_2021_42,2021-08-30,27,Forsa,2508.0,spd,23.0,23.0
Germany,2021,germany_2021_42,2021-08-30,27,Forsa,2508.0,afd,11.0,11.0
Germany,2021,germany_2021_42,2021-08-30,27,Forsa,2508.0,fdp,12.0,12.0
Germany,2021,germany_2021_42,2021-08-30,27,Forsa,2508.0,linke,6.0,6.0
Germany,2021,germany_2021_42,2021-08-30,27,Forsa,2508.0,gruene,18.0,18.0
Germany,2021,germany_2021_43,2021-08-29,28,Ipsos,2001.0,union,21.0,21.0
Germany,2021,germany_2021_43,2021-08-29,28,Ipsos,2001.0,spd,25.0,25.0
Germany,2021,germany_2021_43,2021-08-29,28,Ipsos,2001.0,afd,11.0,11.0
Germany,2021,germany_2021_43,2021-08-29,28,Ipsos,2001.0,fdp,11.0,11.0
Germany,2021,germany_2021_43,2021-08-29,28,Ipsos,2001.0,linke,7.0,7.0
Germany,2021,germany_2021_43,2021-08-29,28,Ipsos,2001.0,gruene,19.0,19.0
Germany,2021,germany_2021_44,2021-08-27,30,INSA,1247.0,union,21.0,21.0
Germany,2021,germany_2021_44,2021-08-27,30,INSA,1247.0,spd,24.0,24.0
Germany,2021,germany_2021_44,2021-08-27,30,INSA,1247.0,afd,11.0,11.0
Germany,2021,germany_2021_44,2021-08-27,30,INSA,1247.0,fdp,13.0,13.0
Germany,2021,germany_2021_44,2021-08-27,30,INSA,1247.0,linke,6.0,6.0
Germany,2021,germany_2021_44,2021-08-27,30,INSA,1247.0,gruene,17.0,17.0
Germany,2021,germany_2021_45,2021-08-26,31,Forschungsgruppe Wahlen,1300.0,union,22.0,22.0
Germany,2021,germany_2021_45,2021-08-26,31,Forschungsgruppe Wahlen,1300.0,spd,22.0,22.0
Germany,2021,germany_2021_45,2021-08-26,31,Forschungsgruppe Wahlen,1300.0,afd,11.0,11.0
Germany,2021,germany_2021_45,2021-08-26,31,Forschungsgruppe Wahlen,1300.0,fdp,10.0,10.0
Germany,2021,germany_2021_45,2021-08-26,31,Forschungsgruppe Wahlen,1300.0,linke,6.0,6.0
Germany,2021,germany_2021_45,2021-08-26,31,Forschungsgruppe Wahlen,1300.0,gruene,20.0,20.0
Germany,2021,germany_2021_45,2021-08-26,31,Forschungsgruppe Wahlen,1300.0,fw,3.0,3.0
Germany,2021,germany_2021_46,2021-08-26,31,Allensbach,1038.0,union,26.0,26.0
Germany,2021,germany_2021_46,2021-08-26,31,Allensbach,1038.0,spd,24.0,24.0
Germany,2021,germany_2021_46,2021-08-26,31,Allensbach,1038.0,afd,10.5,10.5
Germany,2021,germany_2021_46,2021-08-26,31,Allensbach,1038.0,fdp,10.5,10.5
Germany,2021,germany_2021_46,2021-08-26,31,Allensbach,1038.0,linke,6.0,6.0
Germany,2021,germany_2021_46,2021-08-26,31,Allensbach,1038.0,gruene,17.0,17.0
Germany,2021,germany_2021_47,2021-08-25,32,Civey,10054.0,union,22.0,22.0
Germany,2021,germany_2021_47,2021-08-25,32,Civey,10054.0,spd,22.0,22.0
Germany,2021,germany_2021_47,2021-08-25,32,Civey,10054.0,afd,12.0,12.0
Germany,2021,germany_2021_47,2021-08-25,32,Civey,10054.0,fdp,12.0,12.0
Germany,2021,germany_2021_47,2021-08-25,32,Civey,10054.0,linke,7.0,7.0
Germany,2021,germany_2021_47,2021-08-25,32,Civey,10054.0,gruene,18.0,18.0
Germany,2021,germany_2021_48,2021-08-24,33,YouGov,1689.0,union,22.0,22.0
Germany,2021,germany_2021_48,2021-08-24,33,YouGov,1689.0,spd,24.0,24.0
Germany,2021,germany_2021_48,2021-08-24,33,YouGov,1689.0,afd,11.0,11.0
Germany,2021,germany_2021_48,2021-08-24,33,YouGov,1689.0,fdp,13.0,13.0
Germany,2021,germany_2021_48,2021-08-24,33,YouGov,1689.0,linke,8.0,8.0
Germany,2021,germany_2021_48,2021-08-24,33,YouGov,1689.0,gruene,16.0,16.0
Germany,2021,germany_2021_49,2021-08-24,33,Kantar,1919.0,union,23.0,23.0
Germany,2021,germany_2021_49,2021-08-24,33,Kantar,1919.0,spd,23.0,23.0
Germany,2021,germany_2021_49,2021-08-24,33,Kantar,1919.0,afd,11.0,11.0
Germany,2021,germany_2021_49,2021-08-24,33,Kantar,1919.0,fdp,12.0,12.0
Germany,2021,germany_2021_49,2021-08-24,33,Kantar,1919.0,linke,7.0,7.0
Germany,2021,germany_2021_49,2021-08-24,33,Kantar,1919.0,gruene,18.0,18.0
Germany,2021,germany_2021_50,2021-08-23,34,INSA,2119.0,union,23.0,23.0
Germany,2021,germany_2021_50,2021-08-23,34,INSA,2119.0,spd,23.0,23.0
Germany,2021,germany_2021_50,2021-08-23,34,INSA,2119.0,afd,11.0,11.0
Germany,2021,germany_2021_50,2021-08-23,34,INSA,2119.0,fdp,13.0,13.0
Germany,2021,germany_2021_50,2021-08-23,34,INSA,2119.0,linke,7.0,7.0
Germany,2021,germany_2021_50,2021-08-23,34,INSA,2119.0,gruene,17.0,17.0
Germany,2021,germany_2021_51,2021-08-23,34,Forsa,2504.0,union,22.0,22.0
Germany,2021,germany_2021_51,2021-08-23,34,Forsa,2504.0,spd,23.0,23.0
Germany,2021,germany_2021_51,2021-08-23,34,Forsa,2504.0,afd,10.0,10.0
Germany,2021,germany_2021_51,2021-08-23,34,Forsa,2504.0,fdp,12.0,12.0
Germany,2021,germany_2021_51,2021-08-23,34,Forsa,2504.0,linke,6.0,6.0
Germany,2021,germany_2021_51,2021-08-23,34,Forsa,2504.0,gruene,18.0,18.0
Germany,2021,germany_2021_52,2021-08-20,37,INSA,1352.0,union,22.0,22.0
Germany,2021,germany_2021_52,2021-08-20,37,INSA,1352.0,spd,22.0,22.0
Germany,2021,germany_2021_52,2021-08-20,37,INSA,1352.0,afd,12.0,12.0
Germany,2021,germany_2021_52,2021-08-20,37,INSA,1352.0,fdp,13.0,13.0
Germany,2021,germany_2021_52,2021-08-20,37,INSA,1352.0,linke,7.0,7.0
Germany,2021,germany_2021_52,2021-08-20,37,INSA,1352.0,gruene,17.0,17.0
Germany,2021,germany_2021_53,2021-08-18,39,Infratest dimap,1219.0,union,23.0,23.0
Germany,2021,germany_2021_53,2021-08-18,39,Infratest dimap,1219.0,spd,21.0,21.0
Germany,2021,germany_2021_53,2021-08-18,39,Infratest dimap,1219.0,afd,11.0,11.0
Germany,2021,germany_2021_53,2021-08-18,39,Infratest dimap,1219.0,fdp,13.0,13.0
Germany,2021,germany_2021_53,2021-08-18,39,Infratest dimap,1219.0,linke,7.0,7.0
Germany,2021,germany_2021_53,2021-08-18,39,Infratest dimap,1219.0,gruene,17.0,17.0
Germany,2021,germany_2021_54,2021-08-18,39,Trend Research,1798.0,union,23.0,23.0
Germany,2021,germany_2021_54,2021-08-18,39,Trend Research,1798.0,spd,21.0,21.0
Germany,2021,germany_2021_54,2021-08-18,39,Trend Research,1798.0,afd,12.0,12.0
Germany,2021,germany_2021_54,2021-08-18,39,Trend Research,1798.0,fdp,13.0,13.0
Germany,2021,germany_2021_54,2021-08-18,39,Trend Research,1798.0,linke,7.0,7.0
Germany,2021,germany_2021_54,2021-08-18,39,Trend Research,1798.0,gruene,17.0,17.0
Germany,2021,germany_2021_55,2021-08-18,39,Civey,10117.0,union,24.0,24.0
Germany,2021,germany_2021_55,2021-08-18,39,Civey,10117.0,spd,19.0,19.0
Germany,2021,germany_2021_55,2021-08-18,39,Civey,10117.0,afd,11.0,11.0
Germany,2021,germany_2021_55,2021-08-18,39,Civey,10117.0,fdp,12.0,12.0
Germany,2021,germany_2021_55,2021-08-18,39,Civey,10117.0,linke,7.0,7.0
Germany,2021,germany_2021_55,2021-08-18,39,Civey,10117.0,gruene,20.0,20.0
Germany,2021,germany_2021_56,2021-08-17,40,Wahlkreisprognose,2005.0,union,22.0,22.0
Germany,2021,germany_2021_56,2021-08-17,40,Wahlkreisprognose,2005.0,spd,22.0,22.0
Germany,2021,germany_2021_56,2021-08-17,40,Wahlkreisprognose,2005.0,afd,11.0,11.0
Germany,2021,germany_2021_56,2021-08-17,40,Wahlkreisprognose,2005.0,fdp,11.0,11.0
Germany,2021,germany_2021_56,2021-08-17,40,Wahlkreisprognose,2005.0,linke,7.0,7.0
Germany,2021,germany_2021_56,2021-08-17,40,Wahlkreisprognose,2005.0,gruene,17.5,17.5
Germany,2021,germany_2021_57,2021-08-17,40,Kantar,1920.0,union,22.0,22.0
Germany,2021,germany_2021_57,2021-08-17,40,Kantar,1920.0,spd,21.0,21.0
Germany,2021,germany_2021_57,2021-08-17,40,Kantar,1920.0,afd,11.0,11.0
Germany,2021,germany_2021_57,2021-08-17,40,Kantar,1920.0,fdp,12.0,12.0
Germany,2021,germany_2021_57,2021-08-17,40,Kantar,1920.0,linke,7.0,7.0
Germany,2021,germany_2021_57,2021-08-17,40,Kantar,1920.0,gruene,19.0,19.0
Germany,2021,germany_2021_58,2021-08-17,40,Allensbach,1018.0,union,27.5,27.5
Germany,2021,germany_2021_58,2021-08-17,40,Allensbach,1018.0,spd,19.5,19.5
Germany,2021,germany_2021_58,2021-08-17,40,Allensbach,1018.0,afd,11.0,11.0
Germany,2021,germany_2021_58,2021-08-17,40,Allensbach,1018.0,fdp,11.0,11.0
Germany,2021,germany_2021_58,2021-08-17,40,Allensbach,1018.0,linke,7.5,7.5
Germany,2021,germany_2021_58,2021-08-17,40,Allensbach,1018.0,gruene,17.5,17.5
Germany,2021,germany_2021_59,2021-08-16,41,INSA,2080.0,union,25.0,25.0
Germany,2021,germany_2021_59,2021-08-16,41,INSA,2080.0,spd,20.0,20.0
Germany,2021,germany_2021_59,2021-08-16,41,INSA,2080.0,afd,11.0,11.0
Germany,2021,germany_2021_59,2021-08-16,41,INSA,2080.0,fdp,12.5,12.5
Germany,2021,germany_2021_59,2021-08-16,41,INSA,2080.0,linke,6.5,6.5
Germany,2021,germany_2021_59,2021-08-16,41,INSA,2080.0,gruene,17.5,17.5
Germany,2021,germany_2021_60,2021-08-16,41,Forsa,2501.0,union,23.0,23.0
Germany,2021,germany_2021_60,2021-08-16,41,Forsa,2501.0,spd,21.0,21.0
Germany,2021,germany_2021_60,2021-08-16,41,Forsa,2501.0,afd,10.0,10.0
Germany,2021,germany_2021_60,2021-08-16,41,Forsa,2501.0,fdp,12.0,12.0
Germany,2021,germany_2021_60,2021-08-16,41,Forsa,2501.0,linke,6.0,6.0
Germany,2021,germany_2021_60,2021-08-16,41,Forsa,2501.0,gruene,19.0,19.0
Germany,2021,germany_2021_61,2021-08-13,44,INSA,1450.0,union,25.0,25.0
Germany,2021,germany_2021_61,2021-08-13,44,INSA,1450.0,spd,20.0,20.0
Germany,2021,germany_2021_61,2021-08-13,44,INSA,1450.0,afd,11.0,11.0
Germany,2021,germany_2021_61,2021-08-13,44,INSA,1450.0,fdp,12.0,12.0
Germany,2021,germany_2021_61,2021-08-13,44,INSA,1450.0,linke,7.0,7.0
Germany,2021,germany_2021_61,2021-08-13,44,INSA,1450.0,gruene,18.0,18.0
Germany,2021,germany_2021_62,2021-08-12,45,Forschungsgruppe Wahlen,1252.0,union,26.0,26.0
Germany,2021,germany_2021_62,2021-08-12,45,Forschungsgruppe Wahlen,1252.0,spd,19.0,19.0
Germany,2021,germany_2021_62,2021-08-12,45,Forschungsgruppe Wahlen,1252.0,afd,11.0,11.0
Germany,2021,germany_2021_62,2021-08-12,45,Forschungsgruppe Wahlen,1252.0,fdp,11.0,11.0
Germany,2021,germany_2021_62,2021-08-12,45,Forschungsgruppe Wahlen,1252.0,linke,7.0,7.0
Germany,2021,germany_2021_62,2021-08-12,45,Forschungsgruppe Wahlen,1252.0,gruene,19.0,19.0
Germany,2021,germany_2021_63,2021-08-11,46,Civey,10116.0,union,24.0,24.0
Germany,2021,germany_2021_63,2021-08-11,46,Civey,10116.0,spd,18.0,18.0
Germany,2021,germany_2021_63,2021-08-11,46,Civey,10116.0,afd,11.0,11.0
Germany,2021,germany_2021_63,2021-08-11,46,Civey,10116.0,fdp,12.0,12.0
Germany,2021,germany_2021_63,2021-08-11,46,Civey,10116.0,linke,7.0,7.0
Germany,2021,germany_2021_63,2021-08-11,46,Civey,10116.0,gruene,20.0,20.0
Germany,2021,germany_2021_64,2021-08-10,47,Kantar,1446.0,union,22.0,22.0
Germany,2021,germany_2021_64,2021-08-10,47,Kantar,1446.0,spd,19.0,19.0
Germany,2021,germany_2021_64,2021-08-10,47,Kantar,1446.0,afd,11.0,11.0
Germany,2021,germany_2021_64,2021-08-10,47,Kantar,1446.0,fdp,12.0,12.0
Germany,2021,germany_2021_64,2021-08-10,47,Kantar,1446.0,linke,7.0,7.0
Germany,2021,germany_2021_64,2021-08-10,47,Kantar,1446.0,gruene,21.0,21.0
Germany,2021,germany_2021_65,2021-08-09,48,INSA,2118.0,union,25.5,25.5
Germany,2021,germany_2021_65,2021-08-09,48,INSA,2118.0,spd,17.5,17.5
Germany,2021,germany_2021_65,2021-08-09,48,INSA,2118.0,afd,11.5,11.5
Germany,2021,germany_2021_65,2021-08-09,48,INSA,2118.0,fdp,12.5,12.5
Germany,2021,germany_2021_65,2021-08-09,48,INSA,2118.0,linke,6.5,6.5
Germany,2021,germany_2021_65,2021-08-09,48,INSA,2118.0,gruene,17.5,17.5
Germany,2021,germany_2021_65,2021-08-09,48,INSA,2118.0,fw,3.5,3.5
Germany,2021,germany_2021_66,2021-08-09,48,Forsa,2509.0,union,23.0,23.0
Germany,2021,germany_2021_66,2021-08-09,48,Forsa,2509.0,spd,19.0,19.0
Germany,2021,germany_2021_66,2021-08-09,48,Forsa,2509.0,afd,10.0,10.0
Germany,2021,germany_2021_66,2021-08-09,48,Forsa,2509.0,fdp,12.0,12.0
Germany,2021,germany_2021_66,2021-08-09,48,Forsa,2509.0,linke,7.0,7.0
Germany,2021,germany_2021_66,2021-08-09,48,Forsa,2509.0,gruene,20.0,20.0
Germany,2021,germany_2021_67,2021-08-06,51,INSA,2002.0,union,26.0,26.0
Germany,2021,germany_2021_67,2021-08-06,51,INSA,2002.0,spd,18.0,18.0
Germany,2021,germany_2021_67,2021-08-06,51,INSA,2002.0,afd,11.0,11.0
Germany,2021,germany_2021_67,2021-08-06,51,INSA,2002.0,fdp,12.0,12.0
Germany,2021,germany_2021_67,2021-08-06,51,INSA,2002.0,linke,7.0,7.0
Germany,2021,germany_2021_67,2021-08-06,51,INSA,2002.0,gruene,18.0,18.0
Germany,2021,germany_2021_68,2021-08-04,53,Infratest dimap,1312.0,union,27.0,27.0
Germany,2021,germany_2021_68,2021-08-04,53,Infratest dimap,1312.0,spd,18.0,18.0
Germany,2021,germany_2021_68,2021-08-04,53,Infratest dimap,1312.0,afd,10.0,10.0
Germany,2021,germany_2021_68,2021-08-04,53,Infratest dimap,1312.0,fdp,12.0,12.0
Germany,2021,germany_2021_68,2021-08-04,53,Infratest dimap,1312.0,linke,6.0,6.0
Germany,2021,germany_2021_68,2021-08-04,53,Infratest dimap,1312.0,gruene,19.0,19.0
Germany,2021,germany_2021_69,2021-08-04,53,Civey,10217.0,union,25.0,25.0
Germany,2021,germany_2021_69,2021-08-04,53,Civey,10217.0,spd,17.0,17.0
Germany,2021,germany_2021_69,2021-08-04,53,Civey,10217.0,afd,11.0,11.0
Germany,2021,germany_2021_69,2021-08-04,53,Civey,10217.0,fdp,12.0,12.0
Germany,2021,germany_2021_69,2021-08-04,53,Civey,10217.0,linke,6.0,6.0
Germany,2021,germany_2021_69,2021-08-04,53,Civey,10217.0,gruene,21.0,21.0
Germany,2021,germany_2021_70,2021-08-03,54,Kantar,1413.0,union,24.0,24.0
Germany,2021,germany_2021_70,2021-08-03,54,Kantar,1413.0,spd,18.0,18.0
Germany,2021,germany_2021_70,2021-08-03,54,Kantar,1413.0,afd,11.0,11.0
Germany,2021,germany_2021_70,2021-08-03,54,Kantar,1413.0,fdp,13.0,13.0
Germany,2021,germany_2021_70,2021-08-03,54,Kantar,1413.0,linke,6.0,6.0
Germany,2021,germany_2021_70,2021-08-03,54,Kantar,1413.0,gruene,22.0,22.0
Germany,2021,germany_2021_71,2021-08-02,55,INSA,2080.0,union,27.5,27.5
Germany,2021,germany_2021_71,2021-08-02,55,INSA,2080.0,spd,18.0,18.0
Germany,2021,germany_2021_71,2021-08-02,55,INSA,2080.0,afd,11.0,11.0
Germany,2021,germany_2021_71,2021-08-02,55,INSA,2080.0,fdp,13.0,13.0
Germany,2021,germany_2021_71,2021-08-02,55,INSA,2080.0,linke,7.0,7.0
Germany,2021,germany_2021_71,2021-08-02,55,INSA,2080.0,gruene,18.0,18.0
Germany,2021,germany_2021_72,2021-08-02,55,Forsa,2502.0,union,26.0,26.0
Germany,2021,germany_2021_72,2021-08-02,55,Forsa,2502.0,spd,16.0,16.0
Germany,2021,germany_2021_72,2021-08-02,55,Forsa,2502.0,afd,10.0,10.0
Germany,2021,germany_2021_72,2021-08-02,55,Forsa,2502.0,fdp,13.0,13.0
Germany,2021,germany_2021_72,2021-08-02,55,Forsa,2502.0,linke,6.0,6.0
Germany,2021,germany_2021_72,2021-08-02,55,Forsa,2502.0,gruene,20.0,20.0
Germany,2021,germany_2021_73,2021-07-31,57,Ipsos,2002.0,union,27.0,27.0
Germany,2021,germany_2021_73,2021-07-31,57,Ipsos,2002.0,spd,18.0,18.0
Germany,2021,germany_2021_73,2021-07-31,57,Ipsos,2002.0,afd,11.0,11.0
Germany,2021,germany_2021_73,2021-07-31,57,Ipsos,2002.0,fdp,10.0,10.0
Germany,2021,germany_2021_73,2021-07-31,57,Ipsos,2002.0,linke,7.0,7.0
Germany,2021,germany_2021_73,2021-07-31,57,Ipsos,2002.0,gruene,20.0,20.0
Germany,2021,germany_2021_74,2021-07-30,58,INSA,1196.0,union,27.0,27.0
Germany,2021,germany_2021_74,2021-07-30,58,INSA,1196.0,spd,17.0,17.0
Germany,2021,germany_2021_74,2021-07-30,58,INSA,1196.0,afd,11.0,11.0
Germany,2021,germany_2021_74,2021-07-30,58,INSA,1196.0,fdp,13.0,13.0
Germany,2021,germany_2021_74,2021-07-30,58,INSA,1196.0,linke,6.0,6.0
Germany,2021,germany_2021_74,2021-07-30,58,INSA,1196.0,gruene,18.0,18.0
Germany,2021,germany_2021_75,2021-07-29,59,Forschungsgruppe Wahlen,1268.0,union,28.0,28.0
Germany,2021,germany_2021_75,2021-07-29,59,Forschungsgruppe Wahlen,1268.0,spd,16.0,16.0
Germany,2021,germany_2021_75,2021-07-29,59,Forschungsgruppe Wahlen,1268.0,afd,11.0,11.0
Germany,2021,germany_2021_75,2021-07-29,59,Forschungsgruppe Wahlen,1268.0,fdp,10.0,10.0
Germany,2021,germany_2021_75,2021-07-29,59,Forschungsgruppe Wahlen,1268.0,linke,7.0,7.0
Germany,2021,germany_2021_75,2021-07-29,59,Forschungsgruppe Wahlen,1268.0,gruene,21.0,21.0
Germany,2021,germany_2021_75,2021-07-29,59,Forschungsgruppe Wahlen,1268.0,fw,3.0,3.0
Germany,2021,germany_2021_76,2021-07-28,60,Civey,10111.0,union,26.0,26.0
Germany,2021,germany_2021_76,2021-07-28,60,Civey,10111.0,spd,17.0,17.0
Germany,2021,germany_2021_76,2021-07-28,60,Civey,10111.0,afd,11.0,11.0
Germany,2021,germany_2021_76,2021-07-28,60,Civey,10111.0,fdp,12.0,12.0
Germany,2021,germany_2021_76,2021-07-28,60,Civey,10111.0,linke,7.0,7.0
Germany,2021,germany_2021_76,2021-07-28,60,Civey,10111.0,gruene,21.0,21.0
Germany,2021,germany_2021_77,2021-07-27,61,GMS,1003.0,union,30.0,30.0
Germany,2021,germany_2021_77,2021-07-27,61,GMS,1003.0,spd,15.0,15.0
Germany,2021,germany_2021_77,2021-07-27,61,GMS,1003.0,afd,10.0,10.0
Germany,2021,germany_2021_77,2021-07-27,61,GMS,1003.0,fdp,12.0,12.0
Germany,2021,germany_2021_77,2021-07-27,61,GMS,1003.0,linke,7.0,7.0
Germany,2021,germany_2021_77,2021-07-27,61,GMS,1003.0,gruene,18.0,18.0
Germany,2021,germany_2021_78,2021-07-27,61,Kantar,1441.0,union,27.0,27.0
Germany,2021,germany_2021_78,2021-07-27,61,Kantar,1441.0,spd,17.0,17.0
Germany,2021,germany_2021_78,2021-07-27,61,Kantar,1441.0,afd,11.0,11.0
Germany,2021,germany_2021_78,2021-07-27,61,Kantar,1441.0,fdp,13.0,13.0
Germany,2021,germany_2021_78,2021-07-27,61,Kantar,1441.0,linke,6.0,6.0
Germany,2021,germany_2021_78,2021-07-27,61,Kantar,1441.0,gruene,19.0,19.0
Germany,2021,germany_2021_79,2021-07-26,62,YouGov,1748.0,union,28.0,28.0
Germany,2021,germany_2021_79,2021-07-26,62,YouGov,1748.0,spd,16.0,16.0
Germany,2021,germany_2021_79,2021-07-26,62,YouGov,1748.0,afd,12.0,12.0
Germany,2021,germany_2021_79,2021-07-26,62,YouGov,1748.0,fdp,12.0,12.0
Germany,2021,germany_2021_79,2021-07-26,62,YouGov,1748.0,linke,8.0,8.0
Germany,2021,germany_2021_79,2021-07-26,62,YouGov,1748.0,gruene,16.0,16.0
Germany,2021,germany_2021_80,2021-07-26,62,INSA,2007.0,union,27.0,27.0
Germany,2021,germany_2021_80,2021-07-26,62,INSA,2007.0,spd,17.5,17.5
Germany,2021,germany_2021_80,2021-07-26,62,INSA,2007.0,afd,12.0,12.0
Germany,2021,germany_2021_80,2021-07-26,62,INSA,2007.0,fdp,13.0,13.0
Germany,2021,germany_2021_80,2021-07-26,62,INSA,2007.0,linke,6.0,6.0
Germany,2021,germany_2021_80,2021-07-26,62,INSA,2007.0,gruene,17.5,17.5
Germany,2021,germany_2021_81,2021-07-26,62,Forsa,2501.0,union,26.0,26.0
Germany,2021,germany_2021_81,2021-07-26,62,Forsa,2501.0,spd,15.0,15.0
Germany,2021,germany_2021_81,2021-07-26,62,Forsa,2501.0,afd,10.0,10.0
Germany,2021,germany_2021_81,2021-07-26,62,Forsa,2501.0,fdp,13.0,13.0
Germany,2021,germany_2021_81,2021-07-26,62,Forsa,2501.0,linke,7.0,7.0
Germany,2021,germany_2021_81,2021-07-26,62,Forsa,2501.0,gruene,21.0,21.0
Germany,2021,germany_2021_82,2021-07-23,65,INSA,1316.0,union,27.0,27.0
Germany,2021,germany_2021_82,2021-07-23,65,INSA,1316.0,spd,17.0,17.0
Germany,2021,germany_2021_82,2021-07-23,65,INSA,1316.0,afd,11.0,11.0
Germany,2021,germany_2021_82,2021-07-23,65,INSA,1316.0,fdp,13.0,13.0
Germany,2021,germany_2021_82,2021-07-23,65,INSA,1316.0,linke,7.0,7.0
Germany,2021,germany_2021_82,2021-07-23,65,INSA,1316.0,gruene,18.0,18.0
Germany,2021,germany_2021_83,2021-07-22,66,Allensbach,1243.0,union,30.0,30.0
Germany,2021,germany_2021_83,2021-07-22,66,Allensbach,1243.0,spd,16.0,16.0
Germany,2021,germany_2021_83,2021-07-22,66,Allensbach,1243.0,afd,9.5,9.5
Germany,2021,germany_2021_83,2021-07-22,66,Allensbach,1243.0,fdp,12.0,12.0
Germany,2021,germany_2021_83,2021-07-22,66,Allensbach,1243.0,linke,7.0,7.0
Germany,2021,germany_2021_83,2021-07-22,66,Allensbach,1243.0,gruene,19.5,19.5
Germany,2021,germany_2021_84,2021-07-21,67,Infratest dimap,1188.0,union,29.0,29.0
Germany,2021,germany_2021_84,2021-07-21,67,Infratest dimap,1188.0,spd,16.0,16.0
Germany,2021,germany_2021_84,2021-07-21,67,Infratest dimap,1188.0,afd,10.0,10.0
Germany,2021,germany_2021_84,2021-07-21,67,Infratest dimap,1188.0,fdp,12.0,12.0
Germany,2021,germany_2021_84,2021-07-21,67,Infratest dimap,1188.0,linke,6.0,6.0
Germany,2021,germany_2021_84,2021-07-21,67,Infratest dimap,1188.0,gruene,19.0,19.0
Germany,2021,germany_2021_84,2021-07-21,67,Infratest dimap,1188.0,fw,3.0,3.0
Germany,2021,germany_2021_85,2021-07-21,67,Civey,9999.0,union,26.0,26.0
Germany,2021,germany_2021_85,2021-07-21,67,Civey,9999.0,spd,17.0,17.0
Germany,2021,germany_2021_85,2021-07-21,67,Civey,9999.0,afd,11.0,11.0
Germany,2021,germany_2021_85,2021-07-21,67,Civey,9999.0,fdp,11.0,11.0
Germany,2021,germany_2021_85,2021-07-21,67,Civey,9999.0,linke,6.0,6.0
Germany,2021,germany_2021_85,2021-07-21,67,Civey,9999.0,gruene,21.0,21.0
Germany,2021,germany_2021_86,2021-07-20,68,Kantar,1421.0,union,28.0,28.0
Germany,2021,germany_2021_86,2021-07-20,68,Kantar,1421.0,spd,16.0,16.0
Germany,2021,germany_2021_86,2021-07-20,68,Kantar,1421.0,afd,11.0,11.0
Germany,2021,germany_2021_86,2021-07-20,68,Kantar,1421.0,fdp,12.0,12.0
Germany,2021,germany_2021_86,2021-07-20,68,Kantar,1421.0,linke,7.0,7.0
Germany,2021,germany_2021_86,2021-07-20,68,Kantar,1421.0,gruene,19.0,19.0
Germany,2021,germany_2021_87,2021-07-19,69,INSA,2064.0,union,29.0,29.0
Germany,2021,germany_2021_87,2021-07-19,69,INSA,2064.0,spd,16.5,16.5
Germany,2021,germany_2021_87,2021-07-19,69,INSA,2064.0,afd,11.5,11.5
Germany,2021,germany_2021_87,2021-07-19,69,INSA,2064.0,fdp,12.0,12.0
Germany,2021,germany_2021_87,2021-07-19,69,INSA,2064.0,linke,6.0,6.0
Germany,2021,germany_2021_87,2021-07-19,69,INSA,2064.0,gruene,18.0,18.0
Germany,2021,germany_2021_88,2021-07-19,69,Forsa,2503.0,union,28.0,28.0
Germany,2021,germany_2021_88,2021-07-19,69,Forsa,2503.0,spd,16.0,16.0
Germany,2021,germany_2021_88,2021-07-19,69,Forsa,2503.0,afd,10.0,10.0
Germany,2021,germany_2021_88,2021-07-19,69,Forsa,2503.0,fdp,12.0,12.0
Germany,2021,germany_2021_88,2021-07-19,69,Forsa,2503.0,linke,7.0,7.0
Germany,2021,germany_2021_88,2021-07-19,69,Forsa,2503.0,gruene,19.0,19.0
Germany,2021,germany_2021_89,2021-07-16,72,INSA,1354.0,union,28.0,28.0
Germany,2021,germany_2021_89,2021-07-16,72,INSA,1354.0,spd,17.0,17.0
Germany,2021,germany_2021_89,2021-07-16,72,INSA,1354.0,afd,11.0,11.0
Germany,2021,germany_2021_89,2021-07-16,72,INSA,1354.0,fdp,12.0,12.0
Germany,2021,germany_2021_89,2021-07-16,72,INSA,1354.0,linke,7.0,7.0
Germany,2021,germany_2021_89,2021-07-16,72,INSA,1354.0,gruene,18.0,18.0
Germany,2021,germany_2021_90,2021-07-15,73,Forschungsgruppe Wahlen,1224.0,union,30.0,30.0
Germany,2021,germany_2021_90,2021-07-15,73,Forschungsgruppe Wahlen,1224.0,spd,15.0,15.0
Germany,2021,germany_2021_90,2021-07-15,73,Forschungsgruppe Wahlen,1224.0,afd,10.0,10.0
Germany,2021,germany_2021_90,2021-07-15,73,Forschungsgruppe Wahlen,1224.0,fdp,10.0,10.0
Germany,2021,germany_2021_90,2021-07-15,73,Forschungsgruppe Wahlen,1224.0,linke,7.0,7.0
Germany,2021,germany_2021_90,2021-07-15,73,Forschungsgruppe Wahlen,1224.0,gruene,20.0,20.0
Germany,2021,germany_2021_91,2021-07-14,74,Civey,10110.0,union,28.0,28.0
Germany,2021,germany_2021_91,2021-07-14,74,Civey,10110.0,spd,19.0,19.0
Germany,2021,germany_2021_91,2021-07-14,74,Civey,10110.0,afd,10.0,10.0
Germany,2021,germany_2021_91,2021-07-14,74,Civey,10110.0,fdp,11.0,11.0
Germany,2021,germany_2021_91,2021-07-14,74,Civey,10110.0,linke,6.0,6.0
Germany,2021,germany_2021_91,2021-07-14,74,Civey,10110.0,gruene,20.0,20.0
Germany,2021,germany_2021_92,2021-07-13,75,Kantar,1495.0,union,28.0,28.0
Germany,2021,germany_2021_92,2021-07-13,75,Kantar,1495.0,spd,15.0,15.0
Germany,2021,germany_2021_92,2021-07-13,75,Kantar,1495.0,afd,11.0,11.0
Germany,2021,germany_2021_92,2021-07-13,75,Kantar,1495.0,fdp,11.0,11.0
Germany,2021,germany_2021_92,2021-07-13,75,Kantar,1495.0,linke,8.0,8.0
Germany,2021,germany_2021_92,2021-07-13,75,Kantar,1495.0,gruene,20.0,20.0
Germany,2021,germany_2021_93,2021-07-12,76,INSA,2087.0,union,28.0,28.0
Germany,2021,germany_2021_93,2021-07-12,76,INSA,2087.0,spd,17.0,17.0
Germany,2021,germany_2021_93,2021-07-12,76,INSA,2087.0,afd,11.0,11.0
Germany,2021,germany_2021_93,2021-07-12,76,INSA,2087.0,fdp,12.5,12.5
Germany,2021,germany_2021_93,2021-07-12,76,INSA,2087.0,linke,7.0,7.0
Germany,2021,germany_2021_93,2021-07-12,76,INSA,2087.0,gruene,17.0,17.0
Germany,2021,germany_2021_94,2021-07-12,76,Forsa,2502.0,union,30.0,30.0
Germany,2021,germany_2021_94,2021-07-12,76,Forsa,2502.0,spd,15.0,15.0
Germany,2021,germany_2021_94,2021-07-12,76,Forsa,2502.0,afd,9.0,9.0
Germany,2021,germany_2021_94,2021-07-12,76,Forsa,2502.0,fdp,12.0,12.0
Germany,2021,germany_2021_94,2021-07-12,76,Forsa,2502.0,linke,7.0,7.0
Germany,2021,germany_2021_94,2021-07-12,76,Forsa,2502.0,gruene,19.0,19.0
Germany,2021,germany_2021_95,2021-07-09,79,INSA,1352.0,union,28.0,28.0
Germany,2021,germany_2021_95,2021-07-09,79,INSA,1352.0,spd,17.0,17.0
Germany,2021,germany_2021_95,2021-07-09,79,INSA,1352.0,afd,11.0,11.0
Germany,2021,germany_2021_95,2021-07-09,79,INSA,1352.0,fdp,12.0,12.0
Germany,2021,germany_2021_95,2021-07-09,79,INSA,1352.0,linke,8.0,8.0
Germany,2021,germany_2021_95,2021-07-09,79,INSA,1352.0,gruene,17.0,17.0
Germany,2021,germany_2021_96,2021-07-07,81,Civey,10069.0,union,30.0,30.0
Germany,2021,germany_2021_96,2021-07-07,81,Civey,10069.0,spd,18.0,18.0
Germany,2021,germany_2021_96,2021-07-07,81,Civey,10069.0,afd,9.0,9.0
Germany,2021,germany_2021_96,2021-07-07,81,Civey,10069.0,fdp,11.0,11.0
Germany,2021,germany_2021_96,2021-07-07,81,Civey,10069.0,linke,6.0,6.0
Germany,2021,germany_2021_96,2021-07-07,81,Civey,10069.0,gruene,21.0,21.0
Germany,2021,germany_2021_97,2021-07-06,82,Kantar,1405.0,union,29.0,29.0
Germany,2021,germany_2021_97,2021-07-06,82,Kantar,1405.0,spd,15.0,15.0
Germany,2021,germany_2021_97,2021-07-06,82,Kantar,1405.0,afd,11.0,11.0
Germany,2021,germany_2021_97,2021-07-06,82,Kantar,1405.0,fdp,11.0,11.0
Germany,2021,germany_2021_97,2021-07-06,82,Kantar,1405.0,linke,8.0,8.0
Germany,2021,germany_2021_97,2021-07-06,82,Kantar,1405.0,gruene,19.0,19.0
Germany,2021,germany_2021_98,2021-07-05,83,INSA,2056.0,union,29.0,29.0
Germany,2021,germany_2021_98,2021-07-05,83,INSA,2056.0,spd,16.5,16.5
Germany,2021,germany_2021_98,2021-07-05,83,INSA,2056.0,afd,10.0,10.0
Germany,2021,germany_2021_98,2021-07-05,83,INSA,2056.0,fdp,12.5,12.5
Germany,2021,germany_2021_98,2021-07-05,83,INSA,2056.0,linke,7.0,7.0
Germany,2021,germany_2021_98,2021-07-05,83,INSA,2056.0,gruene,18.0,18.0
Germany,2021,germany_2021_99,2021-07-05,83,Forsa,2505.0,union,30.0,30.0
Germany,2021,germany_2021_99,2021-07-05,83,Forsa,2505.0,spd,15.0,15.0
Germany,2021,germany_2021_99,2021-07-05,83,Forsa,2505.0,afd,10.0,10.0
Germany,2021,germany_2021_99,2021-07-05,83,Forsa,2505.0,fdp,11.0,11.0
Germany,2021,germany_2021_99,2021-07-05,83,Forsa,2505.0,linke,7.0,7.0
Germany,2021,germany_2021_99,2021-07-05,83,Forsa,2505.0,gruene,19.0,19.0
Germany,2021,germany_2021_100,2021-07-02,86,INSA,1352.0,union,28.0,28.0
Germany,2021,germany_2021_100,2021-07-02,86,INSA,1352.0,spd,17.0,17.0
Germany,2021,germany_2021_100,2021-07-02,86,INSA,1352.0,afd,10.0,10.0
Germany,2021,germany_2021_100,2021-07-02,86,INSA,1352.0,fdp,12.0,12.0
Germany,2021,germany_2021_100,2021-07-02,86,INSA,1352.0,linke,7.0,7.0
Germany,2021,germany_2021_100,2021-07-02,86,INSA,1352.0,gruene,18.0,18.0
Germany,2021,germany_2021_101,2021-06-30,88,Infratest dimap,1317.0,union,28.0,28.0
Germany,2021,germany_2021_101,2021-06-30,88,Infratest dimap,1317.0,spd,15.0,15.0
Germany,2021,germany_2021_101,2021-06-30,88,Infratest dimap,1317.0,afd,11.0,11.0
Germany,2021,germany_2021_101,2021-06-30,88,Infratest dimap,1317.0,fdp,11.0,11.0
Germany,2021,germany_2021_101,2021-06-30,88,Infratest dimap,1317.0,linke,7.0,7.0
Germany,2021,germany_2021_101,2021-06-30,88,Infratest dimap,1317.0,gruene,20.0,20.0
Germany,2021,germany_2021_102,2021-06-30,88,Civey,10068.0,union,29.0,29.0
Germany,2021,germany_2021_102,2021-06-30,88,Civey,10068.0,spd,17.0,17.0
Germany,2021,germany_2021_102,2021-06-30,88,Civey,10068.0,afd,9.0,9.0
Germany,2021,germany_2021_102,2021-06-30,88,Civey,10068.0,fdp,12.0,12.0
Germany,2021,germany_2021_102,2021-06-30,88,Civey,10068.0,linke,6.0,6.0
Germany,2021,germany_2021_102,2021-06-30,88,Civey,10068.0,gruene,22.0,22.0
Germany,2021,germany_2021_103,2021-06-29,89,Kantar,1418.0,union,28.0,28.0
Germany,2021,germany_2021_103,2021-06-29,89,Kantar,1418.0,spd,16.0,16.0
Germany,2021,germany_2021_103,2021-06-29,89,Kantar,1418.0,afd,11.0,11.0
Germany,2021,germany_2021_103,2021-06-29,89,Kantar,1418.0,fdp,10.0,10.0
Germany,2021,germany_2021_103,2021-06-29,89,Kantar,1418.0,linke,7.0,7.0
Germany,2021,germany_2021_103,2021-06-29,89,Kantar,1418.0,gruene,20.0,20.0
Germany,2021,germany_2021_104,2021-06-28,90,YouGov,1648.0,union,30.0,30.0
Germany,2021,germany_2021_104,2021-06-28,90,YouGov,1648.0,spd,15.0,15.0
Germany,2021,germany_2021_104,2021-06-28,90,YouGov,1648.0,afd,11.0,11.0
Germany,2021,germany_2021_104,2021-06-28,90,YouGov,1648.0,fdp,11.0,11.0
Germany,2021,germany_2021_104,2021-06-28,90,YouGov,1648.0,linke,7.0,7.0
Germany,2021,germany_2021_104,2021-06-28,90,YouGov,1648.0,gruene,19.0,19.0
Germany,2021,germany_2021_105,2021-06-28,90,INSA,2060.0,union,29.5,29.5
Germany,2021,germany_2021_105,2021-06-28,90,INSA,2060.0,spd,16.0,16.0
Germany,2021,germany_2021_105,2021-06-28,90,INSA,2060.0,afd,11.0,11.0
Germany,2021,germany_2021_105,2021-06-28,90,INSA,2060.0,fdp,13.0,13.0
Germany,2021,germany_2021_105,2021-06-28,90,INSA,2060.0,linke,7.5,7.5
Germany,2021,germany_2021_105,2021-06-28,90,INSA,2060.0,gruene,18.0,18.0
Germany,2021,germany_2021_106,2021-06-28,90,Forsa,2501.0,union,30.0,30.0
Germany,2021,germany_2021_106,2021-06-28,90,Forsa,2501.0,spd,14.0,14.0
Germany,2021,germany_2021_106,2021-06-28,90,Forsa,2501.0,afd,9.0,9.0
Germany,2021,germany_2021_106,2021-06-28,90,Forsa,2501.0,fdp,12.0,12.0
Germany,2021,germany_2021_106,2021-06-28,90,Forsa,2501.0,linke,7.0,7.0
Germany,2021,germany_2021_106,2021-06-28,90,Forsa,2501.0,gruene,20.0,20.0
Germany,2021,germany_2021_107,2021-06-27,91,Ipsos,2002.0,union,28.0,28.0
Germany,2021,germany_2021_107,2021-06-27,91,Ipsos,2002.0,spd,15.0,15.0
Germany,2021,germany_2021_107,2021-06-27,91,Ipsos,2002.0,afd,10.0,10.0
Germany,2021,germany_2021_107,2021-06-27,91,Ipsos,2002.0,fdp,11.0,11.0
Germany,2021,germany_2021_107,2021-06-27,91,Ipsos,2002.0,linke,8.0,8.0
Germany,2021,germany_2021_107,2021-06-27,91,Ipsos,2002.0,gruene,21.0,21.0
Germany,2021,germany_2021_108,2021-06-25,93,INSA,1203.0,union,28.0,28.0
Germany,2021,germany_2021_108,2021-06-25,93,INSA,1203.0,spd,17.0,17.0
Germany,2021,germany_2021_108,2021-06-25,93,INSA,1203.0,afd,11.0,11.0
Germany,2021,germany_2021_108,2021-06-25,93,INSA,1203.0,fdp,12.0,12.0
Germany,2021,germany_2021_108,2021-06-25,93,INSA,1203.0,linke,7.0,7.0
Germany,2021,germany_2021_108,2021-06-25,93,INSA,1203.0,gruene,19.0,19.0
Germany,2021,germany_2021_109,2021-06-24,94,Forschungsgruppe Wahlen,1271.0,union,29.0,29.0
Germany,2021,germany_2021_109,2021-06-24,94,Forschungsgruppe Wahlen,1271.0,spd,14.0,14.0
Germany,2021,germany_2021_109,2021-06-24,94,Forschungsgruppe Wahlen,1271.0,afd,10.0,10.0
Germany,2021,germany_2021_109,2021-06-24,94,Forschungsgruppe Wahlen,1271.0,fdp,10.0,10.0
Germany,2021,germany_2021_109,2021-06-24,94,Forschungsgruppe Wahlen,1271.0,linke,7.0,7.0
Germany,2021,germany_2021_109,2021-06-24,94,Forschungsgruppe Wahlen,1271.0,gruene,22.0,22.0
Germany,2021,germany_2021_110,2021-06-23,95,Infratest dimap,1217.0,union,28.0,28.0
Germany,2021,germany_2021_110,2021-06-23,95,Infratest dimap,1217.0,spd,15.0,15.0
Germany,2021,germany_2021_110,2021-06-23,95,Infratest dimap,1217.0,afd,12.0,12.0
Germany,2021,germany_2021_110,2021-06-23,95,Infratest dimap,1217.0,fdp,11.0,11.0
Germany,2021,germany_2021_110,2021-06-23,95,Infratest dimap,1217.0,linke,6.0,6.0
Germany,2021,germany_2021_110,2021-06-23,95,Infratest dimap,1217.0,gruene,21.0,21.0
Germany,2021,germany_2021_111,2021-06-23,95,Civey,10087.0,union,30.0,30.0
Germany,2021,germany_2021_111,2021-06-23,95,Civey,10087.0,spd,16.0,16.0
Germany,2021,germany_2021_111,2021-06-23,95,Civey,10087.0,afd,9.0,9.0
Germany,2021,germany_2021_111,2021-06-23,95,Civey,10087.0,fdp,12.0,12.0
Germany,2021,germany_2021_111,2021-06-23,95,Civey,10087.0,linke,6.0,6.0
Germany,2021,germany_2021_111,2021-06-23,95,Civey,10087.0,gruene,22.0,22.0
Germany,2021,germany_2021_112,2021-06-22,96,Kantar,1430.0,union,28.0,28.0
Germany,2021,germany_2021_112,2021-06-22,96,Kantar,1430.0,spd,17.0,17.0
Germany,2021,germany_2021_112,2021-06-22,96,Kantar,1430.0,afd,10.0,10.0
Germany,2021,germany_2021_112,2021-06-22,96,Kantar,1430.0,fdp,11.0,11.0
Germany,2021,germany_2021_112,2021-06-22,96,Kantar,1430.0,linke,7.0,7.0
Germany,2021,germany_2021_112,2021-06-22,96,Kantar,1430.0,gruene,19.0,19.0
Germany,2021,germany_2021_113,2021-06-21,97,Forsa,2502.0,union,29.0,29.0
Germany,2021,germany_2021_113,2021-06-21,97,Forsa,2502.0,spd,15.0,15.0
Germany,2021,germany_2021_113,2021-06-21,97,Forsa,2502.0,afd,9.0,9.0
Germany,2021,germany_2021_113,2021-06-21,97,Forsa,2502.0,fdp,13.0,13.0
Germany,2021,germany_2021_113,2021-06-21,97,Forsa,2502.0,linke,6.0,6.0
Germany,2021,germany_2021_113,2021-06-21,97,Forsa,2502.0,gruene,21.0,21.0
Germany,2021,germany_2021_114,2021-06-21,97,INSA,2082.0,union,28.5,28.5
Germany,2021,germany_2021_114,2021-06-21,97,INSA,2082.0,spd,15.5,15.5
Germany,2021,germany_2021_114,2021-06-21,97,INSA,2082.0,afd,10.5,10.5
Germany,2021,germany_2021_114,2021-06-21,97,INSA,2082.0,fdp,14.0,14.0
Germany,2021,germany_2021_114,2021-06-21,97,INSA,2082.0,linke,7.0,7.0
Germany,2021,germany_2021_114,2021-06-21,97,INSA,2082.0,gruene,19.0,19.0
Germany,2021,germany_2021_115,2021-06-21,97,GMS,1002.0,union,28.0,28.0
Germany,2021,germany_2021_115,2021-06-21,97,GMS,1002.0,spd,16.0,16.0
Germany,2021,germany_2021_115,2021-06-21,97,GMS,1002.0,afd,10.0,10.0
Germany,2021,germany_2021_115,2021-06-21,97,GMS,1002.0,fdp,12.0,12.0
Germany,2021,germany_2021_115,2021-06-21,97,GMS,1002.0,linke,8.0,8.0
Germany,2021,germany_2021_115,2021-06-21,97,GMS,1002.0,gruene,20.0,20.0
Germany,2021,germany_2021_117,2021-06-18,100,INSA,1502.0,union,28.0,28.0
Germany,2021,germany_2021_117,2021-06-18,100,INSA,1502.0,spd,16.0,16.0
Germany,2021,germany_2021_117,2021-06-18,100,INSA,1502.0,afd,11.0,11.0
Germany,2021,germany_2021_117,2021-06-18,100,INSA,1502.0,fdp,13.0,13.0
Germany,2021,germany_2021_117,2021-06-18,100,INSA,1502.0,linke,6.0,6.0
Germany,2021,germany_2021_117,2021-06-18,100,INSA,1502.0,gruene,20.0,20.0
Germany,2021,germany_2021_118,2021-06-16,102,Civey,10094.0,union,30.0,30.0
Germany,2021,germany_2021_118,2021-06-16,102,Civey,10094.0,spd,16.0,16.0
Germany,2021,germany_2021_118,2021-06-16,102,Civey,10094.0,afd,9.0,9.0
Germany,2021,germany_2021_118,2021-06-16,102,Civey,10094.0,fdp,13.0,13.0
Germany,2021,germany_2021_118,2021-06-16,102,Civey,10094.0,linke,6.0,6.0
Germany,2021,germany_2021_118,2021-06-16,102,Civey,10094.0,gruene,21.0,21.0
Germany,2021,germany_2021_119,2021-06-15,103,Kantar,1413.0,union,27.0,27.0
Germany,2021,germany_2021_119,2021-06-15,103,Kantar,1413.0,spd,17.0,17.0
Germany,2021,germany_2021_119,2021-06-15,103,Kantar,1413.0,afd,10.0,10.0
Germany,2021,germany_2021_119,2021-06-15,103,Kantar,1413.0,fdp,12.0,12.0
Germany,2021,germany_2021_119,2021-06-15,103,Kantar,1413.0,linke,7.0,7.0
Germany,2021,germany_2021_119,2021-06-15,103,Kantar,1413.0,gruene,20.0,20.0
Germany,2021,germany_2021_120,2021-06-14,104,INSA,2038.0,union,27.5,27.5
Germany,2021,germany_2021_120,2021-06-14,104,INSA,2038.0,spd,16.5,16.5
Germany,2021,germany_2021_120,2021-06-14,104,INSA,2038.0,afd,11.0,11.0
Germany,2021,germany_2021_120,2021-06-14,104,INSA,2038.0,fdp,13.5,13.5
Germany,2021,germany_2021_120,2021-06-14,104,INSA,2038.0,linke,6.0,6.0
Germany,2021,germany_2021_120,2021-06-14,104,INSA,2038.0,gruene,19.5,19.5
Germany,2021,germany_2021_121,2021-06-14,104,Forsa,2501.0,union,28.0,28.0
Germany,2021,germany_2021_121,2021-06-14,104,Forsa,2501.0,spd,14.0,14.0
Germany,2021,germany_2021_121,2021-06-14,104,Forsa,2501.0,afd,9.0,9.0
Germany,2021,germany_2021_121,2021-06-14,104,Forsa,2501.0,fdp,14.0,14.0
Germany,2021,germany_2021_121,2021-06-14,104,Forsa,2501.0,linke,7.0,7.0
Germany,2021,germany_2021_121,2021-06-14,104,Forsa,2501.0,gruene,21.0,21.0
Germany,2021,germany_2021_122,2021-06-11,107,INSA,1401.0,union,27.0,27.0
Germany,2021,germany_2021_122,2021-06-11,107,INSA,1401.0,spd,16.0,16.0
Germany,2021,germany_2021_122,2021-06-11,107,INSA,1401.0,afd,11.0,11.0
Germany,2021,germany_2021_122,2021-06-11,107,INSA,1401.0,fdp,13.0,13.0
Germany,2021,germany_2021_122,2021-06-11,107,INSA,1401.0,linke,7.0,7.0
Germany,2021,germany_2021_122,2021-06-11,107,INSA,1401.0,gruene,20.0,20.0
Germany,2021,germany_2021_123,2021-06-09,109,Redfield & Wilton Strategies,1500.0,union,23.0,23.0
Germany,2021,germany_2021_123,2021-06-09,109,Redfield & Wilton Strategies,1500.0,spd,18.0,18.0
Germany,2021,germany_2021_123,2021-06-09,109,Redfield & Wilton Strategies,1500.0,afd,13.0,13.0
Germany,2021,germany_2021_123,2021-06-09,109,Redfield & Wilton Strategies,1500.0,fdp,14.0,14.0
Germany,2021,germany_2021_123,2021-06-09,109,Redfield & Wilton Strategies,1500.0,linke,12.0,12.0
Germany,2021,germany_2021_123,2021-06-09,109,Redfield & Wilton Strategies,1500.0,gruene,15.0,15.0
Germany,2021,germany_2021_124,2021-06-09,109,Infratest dimap,1316.0,union,28.0,28.0
Germany,2021,germany_2021_124,2021-06-09,109,Infratest dimap,1316.0,spd,14.0,14.0
Germany,2021,germany_2021_124,2021-06-09,109,Infratest dimap,1316.0,afd,12.0,12.0
Germany,2021,germany_2021_124,2021-06-09,109,Infratest dimap,1316.0,fdp,12.0,12.0
Germany,2021,germany_2021_124,2021-06-09,109,Infratest dimap,1316.0,linke,7.0,7.0
Germany,2021,germany_2021_124,2021-06-09,109,Infratest dimap,1316.0,gruene,20.0,20.0
Germany,2021,germany_2021_125,2021-06-09,109,Forschungsgruppe Wahlen,1232.0,union,28.0,28.0
Germany,2021,germany_2021_125,2021-06-09,109,Forschungsgruppe Wahlen,1232.0,spd,15.0,15.0
Germany,2021,germany_2021_125,2021-06-09,109,Forschungsgruppe Wahlen,1232.0,afd,11.0,11.0
Germany,2021,germany_2021_125,2021-06-09,109,Forschungsgruppe Wahlen,1232.0,fdp,10.0,10.0
Germany,2021,germany_2021_125,2021-06-09,109,Forschungsgruppe Wahlen,1232.0,linke,7.0,7.0
Germany,2021,germany_2021_125,2021-06-09,109,Forschungsgruppe Wahlen,1232.0,gruene,22.0,22.0
Germany,2021,germany_2021_125,2021-06-09,109,Forschungsgruppe Wahlen,1232.0,fw,3.0,3.0
Germany,2021,germany_2021_126,2021-06-09,109,Civey,10096.0,union,29.0,29.0
Germany,2021,germany_2021_126,2021-06-09,109,Civey,10096.0,spd,16.0,16.0
Germany,2021,germany_2021_126,2021-06-09,109,Civey,10096.0,afd,10.0,10.0
Germany,2021,germany_2021_126,2021-06-09,109,Civey,10096.0,fdp,12.0,12.0
Germany,2021,germany_2021_126,2021-06-09,109,Civey,10096.0,linke,6.0,6.0
Germany,2021,germany_2021_126,2021-06-09,109,Civey,10096.0,gruene,21.0,21.0
Germany,2021,germany_2021_127,2021-06-09,109,Allensbach,1070.0,union,29.5,29.5
Germany,2021,germany_2021_127,2021-06-09,109,Allensbach,1070.0,spd,17.0,17.0
Germany,2021,germany_2021_127,2021-06-09,109,Allensbach,1070.0,afd,9.0,9.0
Germany,2021,germany_2021_127,2021-06-09,109,Allensbach,1070.0,fdp,11.0,11.0
Germany,2021,germany_2021_127,2021-06-09,109,Allensbach,1070.0,linke,7.0,7.0
Germany,2021,germany_2021_127,2021-06-09,109,Allensbach,1070.0,gruene,21.5,21.5
Germany,2021,germany_2021_128,2021-06-08,110,Kantar,1421.0,union,26.0,26.0
Germany,2021,germany_2021_128,2021-06-08,110,Kantar,1421.0,spd,16.0,16.0
Germany,2021,germany_2021_128,2021-06-08,110,Kantar,1421.0,afd,11.0,11.0
Germany,2021,germany_2021_128,2021-06-08,110,Kantar,1421.0,fdp,13.0,13.0
Germany,2021,germany_2021_128,2021-06-08,110,Kantar,1421.0,linke,7.0,7.0
Germany,2021,germany_2021_128,2021-06-08,110,Kantar,1421.0,gruene,21.0,21.0
Germany,2021,germany_2021_129,2021-06-07,111,INSA,2015.0,union,26.5,26.5
Germany,2021,germany_2021_129,2021-06-07,111,INSA,2015.0,spd,15.5,15.5
Germany,2021,germany_2021_129,2021-06-07,111,INSA,2015.0,afd,11.0,11.0
Germany,2021,germany_2021_129,2021-06-07,111,INSA,2015.0,fdp,13.5,13.5
Germany,2021,germany_2021_129,2021-06-07,111,INSA,2015.0,linke,7.0,7.0
Germany,2021,germany_2021_129,2021-06-07,111,INSA,2015.0,gruene,20.5,20.5
Germany,2021,germany_2021_130,2021-06-07,111,Forsa,2501.0,union,27.0,27.0
Germany,2021,germany_2021_130,2021-06-07,111,Forsa,2501.0,spd,14.0,14.0
Germany,2021,germany_2021_130,2021-06-07,111,Forsa,2501.0,afd,9.0,9.0
Germany,2021,germany_2021_130,2021-06-07,111,Forsa,2501.0,fdp,14.0,14.0
Germany,2021,germany_2021_130,2021-06-07,111,Forsa,2501.0,linke,6.0,6.0
Germany,2021,germany_2021_130,2021-06-07,111,Forsa,2501.0,gruene,22.0,22.0
Germany,2021,germany_2021_131,2021-06-04,114,INSA,1380.0,union,26.0,26.0
Germany,2021,germany_2021_131,2021-06-04,114,INSA,1380.0,spd,17.0,17.0
Germany,2021,germany_2021_131,2021-06-04,114,INSA,1380.0,afd,12.0,12.0
Germany,2021,germany_2021_131,2021-06-04,114,INSA,1380.0,fdp,12.0,12.0
Germany,2021,germany_2021_131,2021-06-04,114,INSA,1380.0,linke,6.0,6.0
Germany,2021,germany_2021_131,2021-06-04,114,INSA,1380.0,gruene,21.0,21.0
Germany,2021,germany_2021_132,2021-06-02,116,Civey,10015.0,union,29.0,29.0
Germany,2021,germany_2021_132,2021-06-02,116,Civey,10015.0,spd,16.0,16.0
Germany,2021,germany_2021_132,2021-06-02,116,Civey,10015.0,afd,10.0,10.0
Germany,2021,germany_2021_132,2021-06-02,116,Civey,10015.0,fdp,12.0,12.0
Germany,2021,germany_2021_132,2021-06-02,116,Civey,10015.0,linke,6.0,6.0
Germany,2021,germany_2021_132,2021-06-02,116,Civey,10015.0,gruene,22.0,22.0
Germany,2021,germany_2021_133,2021-06-01,117,Kantar,1419.0,union,24.0,24.0
Germany,2021,germany_2021_133,2021-06-01,117,Kantar,1419.0,spd,16.0,16.0
Germany,2021,germany_2021_133,2021-06-01,117,Kantar,1419.0,afd,11.0,11.0
Germany,2021,germany_2021_133,2021-06-01,117,Kantar,1419.0,fdp,13.0,13.0
Germany,2021,germany_2021_133,2021-06-01,117,Kantar,1419.0,linke,7.0,7.0
Germany,2021,germany_2021_133,2021-06-01,117,Kantar,1419.0,gruene,22.0,22.0
Germany,2021,germany_2021_134,2021-05-31,118,INSA,2040.0,union,25.5,25.5
Germany,2021,germany_2021_134,2021-05-31,118,INSA,2040.0,spd,15.5,15.5
Germany,2021,germany_2021_134,2021-05-31,118,INSA,2040.0,afd,11.0,11.0
Germany,2021,germany_2021_134,2021-05-31,118,INSA,2040.0,fdp,13.5,13.5
Germany,2021,germany_2021_134,2021-05-31,118,INSA,2040.0,linke,6.5,6.5
Germany,2021,germany_2021_134,2021-05-31,118,INSA,2040.0,gruene,21.5,21.5
Germany,2021,germany_2021_135,2021-05-31,118,Forsa,2500.0,union,25.0,25.0
Germany,2021,germany_2021_135,2021-05-31,118,Forsa,2500.0,spd,14.0,14.0
Germany,2021,germany_2021_135,2021-05-31,118,Forsa,2500.0,afd,9.0,9.0
Germany,2021,germany_2021_135,2021-05-31,118,Forsa,2500.0,fdp,14.0,14.0
Germany,2021,germany_2021_135,2021-05-31,118,Forsa,2500.0,linke,6.0,6.0
Germany,2021,germany_2021_135,2021-05-31,118,Forsa,2500.0,gruene,24.0,24.0
Germany,2025,germany_2025_0,2025-02-22,1,INSA,2005.0,spd,15.0,15.0
Germany,2025,germany_2025_0,2025-02-22,1,INSA,2005.0,union,29.5,29.5
Germany,2025,germany_2025_0,2025-02-22,1,INSA,2005.0,gruene,12.5,12.5
Germany,2025,germany_2025_0,2025-02-22,1,INSA,2005.0,fdp,4.5,4.5
Germany,2025,germany_2025_0,2025-02-22,1,INSA,2005.0,afd,21.0,21.0
Germany,2025,germany_2025_0,2025-02-22,1,INSA,2005.0,linke,7.5,7.5
Germany,2025,germany_2025_0,2025-02-22,1,INSA,2005.0,bsw,5.0,5.0
Germany,2025,germany_2025_1,2025-02-21,2,Wahlkreisprognose,1536.0,spd,14.5,14.5
Germany,2025,germany_2025_1,2025-02-21,2,Wahlkreisprognose,1536.0,union,29.5,29.5
Germany,2025,germany_2025_1,2025-02-21,2,Wahlkreisprognose,1536.0,gruene,12.0,12.0
Germany,2025,germany_2025_1,2025-02-21,2,Wahlkreisprognose,1536.0,fdp,4.5,4.5
Germany,2025,germany_2025_1,2025-02-21,2,Wahlkreisprognose,1536.0,afd,20.5,20.5
Germany,2025,germany_2025_1,2025-02-21,2,Wahlkreisprognose,1536.0,linke,8.0,8.0
Germany,2025,germany_2025_1,2025-02-21,2,Wahlkreisprognose,1536.0,fw,2.0,2.0
Germany,2025,germany_2025_1,2025-02-21,2,Wahlkreisprognose,1536.0,bsw,4.5,4.5
Germany,2025,germany_2025_2,2025-02-21,2,Ipsos,1000.0,spd,16.0,16.0
Germany,2025,germany_2025_2,2025-02-21,2,Ipsos,1000.0,union,30.0,30.0
Germany,2025,germany_2025_2,2025-02-21,2,Ipsos,1000.0,gruene,12.0,12.0
Germany,2025,germany_2025_2,2025-02-21,2,Ipsos,1000.0,fdp,4.5,4.5
Germany,2025,germany_2025_2,2025-02-21,2,Ipsos,1000.0,afd,21.0,21.0
Germany,2025,germany_2025_2,2025-02-21,2,Ipsos,1000.0,linke,7.0,7.0
Germany,2025,germany_2025_2,2025-02-21,2,Ipsos,1000.0,bsw,4.5,4.5
Germany,2025,germany_2025_3,2025-02-20,3,Forschungsgruppe Wahlen,1349.0,spd,16.0,16.0
Germany,2025,germany_2025_3,2025-02-20,3,Forschungsgruppe Wahlen,1349.0,union,28.0,28.0
Germany,2025,germany_2025_3,2025-02-20,3,Forschungsgruppe Wahlen,1349.0,gruene,14.0,14.0
Germany,2025,germany_2025_3,2025-02-20,3,Forschungsgruppe Wahlen,1349.0,fdp,4.0,4.0
Germany,2025,germany_2025_3,2025-02-20,3,Forschungsgruppe Wahlen,1349.0,afd,21.0,21.0
Germany,2025,germany_2025_3,2025-02-20,3,Forschungsgruppe Wahlen,1349.0,linke,8.0,8.0
Germany,2025,germany_2025_3,2025-02-20,3,Forschungsgruppe Wahlen,1349.0,bsw,4.5,4.5
Germany,2025,germany_2025_4,2025-02-20,3,Forsa,2002.0,spd,15.0,15.0
Germany,2025,germany_2025_4,2025-02-20,3,Forsa,2002.0,union,29.0,29.0
Germany,2025,germany_2025_4,2025-02-20,3,Forsa,2002.0,gruene,13.0,13.0
Germany,2025,germany_2025_4,2025-02-20,3,Forsa,2002.0,fdp,5.0,5.0
Germany,2025,germany_2025_4,2025-02-20,3,Forsa,2002.0,afd,21.0,21.0
Germany,2025,germany_2025_4,2025-02-20,3,Forsa,2002.0,linke,8.0,8.0
Germany,2025,germany_2025_4,2025-02-20,3,Forsa,2002.0,bsw,3.0,3.0
Germany,2025,germany_2025_5,2025-02-20,3,YouGov,1681.0,spd,16.0,16.0
Germany,2025,germany_2025_5,2025-02-20,3,YouGov,1681.0,union,29.0,29.0
Germany,2025,germany_2025_5,2025-02-20,3,YouGov,1681.0,gruene,13.0,13.0
Germany,2025,germany_2025_5,2025-02-20,3,YouGov,1681.0,fdp,4.0,4.0
Germany,2025,germany_2025_5,2025-02-20,3,YouGov,1681.0,afd,20.0,20.0
Germany,2025,germany_2025_5,2025-02-20,3,YouGov,1681.0,linke,8.0,8.0
Germany,2025,germany_2025_5,2025-02-20,3,YouGov,1681.0,bsw,5.0,5.0
Germany,2025,germany_2025_6,2025-02-20,3,Allensbach,1064.0,spd,14.5,14.5
Germany,2025,germany_2025_6,2025-02-20,3,Allensbach,1064.0,union,32.0,32.0
Germany,2025,germany_2025_6,2025-02-20,3,Allensbach,1064.0,gruene,12.0,12.0
Germany,2025,germany_2025_6,2025-02-20,3,Allensbach,1064.0,fdp,4.5,4.5
Germany,2025,germany_2025_6,2025-02-20,3,Allensbach,1064.0,afd,20.0,20.0
Germany,2025,germany_2025_6,2025-02-20,3,Allensbach,1064.0,linke,7.5,7.5
Germany,2025,germany_2025_6,2025-02-20,3,Allensbach,1064.0,bsw,4.5,4.5
Germany,2025,germany_2025_7,2025-02-19,4,INSA,2086.0,spd,15.0,15.0
Germany,2025,germany_2025_7,2025-02-19,4,INSA,2086.0,union,30.0,30.0
Germany,2025,germany_2025_7,2025-02-19,4,INSA,2086.0,gruene,13.0,13.0
Germany,2025,germany_2025_7,2025-02-19,4,INSA,2086.0,fdp,4.0,4.0
Germany,2025,germany_2025_7,2025-02-19,4,INSA,2086.0,afd,21.0,21.0
Germany,2025,germany_2025_7,2025-02-19,4,INSA,2086.0,linke,7.0,7.0
Germany,2025,germany_2025_7,2025-02-19,4,INSA,2086.0,bsw,5.0,5.0
Germany,2025,germany_2025_8,2025-02-19,4,GMS,1016.0,spd,15.0,15.0
Germany,2025,germany_2025_8,2025-02-19,4,GMS,1016.0,union,31.0,31.0
Germany,2025,germany_2025_8,2025-02-19,4,GMS,1016.0,gruene,13.0,13.0
Germany,2025,germany_2025_8,2025-02-19,4,GMS,1016.0,fdp,4.0,4.0
Germany,2025,germany_2025_8,2025-02-19,4,GMS,1016.0,afd,20.0,20.0
Germany,2025,germany_2025_8,2025-02-19,4,GMS,1016.0,linke,6.0,6.0
Germany,2025,germany_2025_8,2025-02-19,4,GMS,1016.0,fw,2.0,2.0
Germany,2025,germany_2025_8,2025-02-19,4,GMS,1016.0,bsw,4.0,4.0
Germany,2025,germany_2025_9,2025-02-19,4,Ipsos,2000.0,spd,15.0,15.0
Germany,2025,germany_2025_9,2025-02-19,4,Ipsos,2000.0,union,31.0,31.0
Germany,2025,germany_2025_9,2025-02-19,4,Ipsos,2000.0,gruene,13.0,13.0
Germany,2025,germany_2025_9,2025-02-19,4,Ipsos,2000.0,fdp,4.5,4.5
Germany,2025,germany_2025_9,2025-02-19,4,Ipsos,2000.0,afd,20.0,20.0
Germany,2025,germany_2025_9,2025-02-19,4,Ipsos,2000.0,linke,7.0,7.0
Germany,2025,germany_2025_9,2025-02-19,4,Ipsos,2000.0,bsw,4.5,4.5
Germany,2025,germany_2025_10,2025-02-19,4,YouGov,9281.0,spd,15.6,15.6
Germany,2025,germany_2025_10,2025-02-19,4,YouGov,9281.0,union,29.9,29.9
Germany,2025,germany_2025_10,2025-02-19,4,YouGov,9281.0,gruene,12.7,12.7
Germany,2025,germany_2025_10,2025-02-19,4,YouGov,9281.0,fdp,4.5,4.5
Germany,2025,germany_2025_10,2025-02-19,4,YouGov,9281.0,afd,19.7,19.7
Germany,2025,germany_2025_10,2025-02-19,4,YouGov,9281.0,linke,7.5,7.5
Germany,2025,germany_2025_10,2025-02-19,4,YouGov,9281.0,bsw,4.6,4.6
Germany,2025,germany_2025_11,2025-02-18,5,Wahlkreisprognose,1000.0,spd,14.5,14.5
Germany,2025,germany_2025_11,2025-02-18,5,Wahlkreisprognose,1000.0,union,30.0,30.0
Germany,2025,germany_2025_11,2025-02-18,5,Wahlkreisprognose,1000.0,gruene,12.0,12.0
Germany,2025,germany_2025_11,2025-02-18,5,Wahlkreisprognose,1000.0,fdp,4.0,4.0
Germany,2025,germany_2025_11,2025-02-18,5,Wahlkreisprognose,1000.0,afd,20.0,20.0
Germany,2025,germany_2025_11,2025-02-18,5,Wahlkreisprognose,1000.0,linke,7.0,7.0
Germany,2025,germany_2025_11,2025-02-18,5,Wahlkreisprognose,1000.0,fw,2.0,2.0
Germany,2025,germany_2025_11,2025-02-18,5,Wahlkreisprognose,1000.0,bsw,5.0,5.0
Germany,2025,germany_2025_12,2025-02-18,5,Cluster 17,1457.0,spd,15.0,15.0
Germany,2025,germany_2025_12,2025-02-18,5,Cluster 17,1457.0,union,30.0,30.0
Germany,2025,germany_2025_12,2025-02-18,5,Cluster 17,1457.0,gruene,13.0,13.0
Germany,2025,germany_2025_12,2025-02-18,5,Cluster 17,1457.0,fdp,4.0,4.0
Germany,2025,germany_2025_12,2025-02-18,5,Cluster 17,1457.0,afd,21.0,21.0
Germany,2025,germany_2025_12,2025-02-18,5,Cluster 17,1457.0,linke,7.0,7.0
Germany,2025,germany_2025_12,2025-02-18,5,Cluster 17,1457.0,bsw,4.0,4.0
Germany,2025,germany_2025_13,2025-02-17,6,Forsa,2501.0,spd,16.0,16.0
Germany,2025,germany_2025_13,2025-02-17,6,Forsa,2501.0,union,30.0,30.0
Germany,2025,germany_2025_13,2025-02-17,6,Forsa,2501.0,gruene,13.0,13.0
Germany,2025,germany_2025_13,2025-02-17,6,Forsa,2501.0,fdp,5.0,5.0
Germany,2025,germany_2025_13,2025-02-17,6,Forsa,2501.0,afd,20.0,20.0
Germany,2025,germany_2025_13,2025-02-17,6,Forsa,2501.0,linke,7.0,7.0
Germany,2025,germany_2025_13,2025-02-17,6,Forsa,2501.0,bsw,4.0,4.0
Germany,2025,germany_2025_14,2025-02-17,6,YouGov,2131.0,spd,17.0,17.0
Germany,2025,germany_2025_14,2025-02-17,6,YouGov,2131.0,union,27.0,27.0
Germany,2025,germany_2025_14,2025-02-17,6,YouGov,2131.0,gruene,12.0,12.0
Germany,2025,germany_2025_14,2025-02-17,6,YouGov,2131.0,fdp,4.0,4.0
Germany,2025,germany_2025_14,2025-02-17,6,YouGov,2131.0,afd,20.0,20.0
Germany,2025,germany_2025_14,2025-02-17,6,YouGov,2131.0,linke,9.0,9.0
Germany,2025,germany_2025_14,2025-02-17,6,YouGov,2131.0,bsw,5.0,5.0
Germany,2025,germany_2025_15,2025-02-17,6,INSA,2010.0,spd,15.0,15.0
Germany,2025,germany_2025_15,2025-02-17,6,INSA,2010.0,union,30.0,30.0
Germany,2025,germany_2025_15,2025-02-17,6,INSA,2010.0,gruene,13.0,13.0
Germany,2025,germany_2025_15,2025-02-17,6,INSA,2010.0,fdp,4.5,4.5
Germany,2025,germany_2025_15,2025-02-17,6,INSA,2010.0,afd,22.0,22.0
Germany,2025,germany_2025_15,2025-02-17,6,INSA,2010.0,linke,6.5,6.5
Germany,2025,germany_2025_15,2025-02-17,6,INSA,2010.0,bsw,5.0,5.0
Germany,2025,germany_2025_16,2025-02-14,9,INSA,1205.0,spd,15.0,15.0
Germany,2025,germany_2025_16,2025-02-14,9,INSA,1205.0,union,30.0,30.0
Germany,2025,germany_2025_16,2025-02-14,9,INSA,1205.0,gruene,13.0,13.0
Germany,2025,germany_2025_16,2025-02-14,9,INSA,1205.0,fdp,4.0,4.0
Germany,2025,germany_2025_16,2025-02-14,9,INSA,1205.0,afd,21.0,21.0
Germany,2025,germany_2025_16,2025-02-14,9,INSA,1205.0,linke,6.0,6.0
Germany,2025,germany_2025_16,2025-02-14,9,INSA,1205.0,bsw,5.0,5.0
Germany,2025,germany_2025_17,2025-02-13,10,Forschungsgruppe Wahlen,1348.0,spd,16.0,16.0
Germany,2025,germany_2025_17,2025-02-13,10,Forschungsgruppe Wahlen,1348.0,union,30.0,30.0
Germany,2025,germany_2025_17,2025-02-13,10,Forschungsgruppe Wahlen,1348.0,gruene,14.0,14.0
Germany,2025,germany_2025_17,2025-02-13,10,Forschungsgruppe Wahlen,1348.0,fdp,4.0,4.0
Germany,2025,germany_2025_17,2025-02-13,10,Forschungsgruppe Wahlen,1348.0,afd,20.0,20.0
Germany,2025,germany_2025_17,2025-02-13,10,Forschungsgruppe Wahlen,1348.0,linke,7.0,7.0
Germany,2025,germany_2025_17,2025-02-13,10,Forschungsgruppe Wahlen,1348.0,bsw,4.0,4.0
Germany,2025,germany_2025_18,2025-02-13,10,Wahlkreisprognose,1700.0,spd,12.5,12.5
Germany,2025,germany_2025_18,2025-02-13,10,Wahlkreisprognose,1700.0,union,32.0,32.0
Germany,2025,germany_2025_18,2025-02-13,10,Wahlkreisprognose,1700.0,gruene,12.5,12.5
Germany,2025,germany_2025_18,2025-02-13,10,Wahlkreisprognose,1700.0,fdp,4.0,4.0
Germany,2025,germany_2025_18,2025-02-13,10,Wahlkreisprognose,1700.0,afd,20.0,20.0
Germany,2025,germany_2025_18,2025-02-13,10,Wahlkreisprognose,1700.0,linke,6.0,6.0
Germany,2025,germany_2025_18,2025-02-13,10,Wahlkreisprognose,1700.0,fw,1.5,1.5
Germany,2025,germany_2025_18,2025-02-13,10,Wahlkreisprognose,1700.0,bsw,4.5,4.5
Germany,2025,germany_2025_19,2025-02-12,11,Infratest dimap,1579.0,spd,14.0,14.0
Germany,2025,germany_2025_19,2025-02-12,11,Infratest dimap,1579.0,union,32.0,32.0
Germany,2025,germany_2025_19,2025-02-12,11,Infratest dimap,1579.0,gruene,14.0,14.0
Germany,2025,germany_2025_19,2025-02-12,11,Infratest dimap,1579.0,fdp,4.0,4.0
Germany,2025,germany_2025_19,2025-02-12,11,Infratest dimap,1579.0,afd,21.0,21.0
Germany,2025,germany_2025_19,2025-02-12,11,Infratest dimap,1579.0,linke,6.0,6.0
Germany,2025,germany_2025_19,2025-02-12,11,Infratest dimap,1579.0,bsw,4.5,4.5
Germany,2025,germany_2025_20,2025-02-12,11,Allensbach,1021.0,spd,15.0,15.0
Germany,2025,germany_2025_20,2025-02-12,11,Allensbach,1021.0,union,32.0,32.0
Germany,2025,germany_2025_20,2025-02-12,11,Allensbach,1021.0,gruene,13.0,13.0
Germany,2025,germany_2025_20,2025-02-12,11,Allensbach,1021.0,fdp,5.0,5.0
Germany,2025,germany_2025_20,2025-02-12,11,Allensbach,1021.0,afd,20.0,20.0
Germany,2025,germany_2025_20,2025-02-12,11,Allensbach,1021.0,linke,6.0,6.0
Germany,2025,germany_2025_20,2025-02-12,11,Allensbach,1021.0,bsw,4.0,4.0
Germany,2025,germany_2025_21,2025-02-12,11,Pollytix,1501.0,spd,17.0,17.0
Germany,2025,germany_2025_21,2025-02-12,11,Pollytix,1501.0,union,29.0,29.0
Germany,2025,germany_2025_21,2025-02-12,11,Pollytix,1501.0,gruene,14.0,14.0
Germany,2025,germany_2025_21,2025-02-12,11,Pollytix,1501.0,fdp,4.0,4.0
Germany,2025,germany_2025_21,2025-02-12,11,Pollytix,1501.0,afd,19.0,19.0
Germany,2025,germany_2025_21,2025-02-12,11,Pollytix,1501.0,linke,6.0,6.0
Germany,2025,germany_2025_21,2025-02-12,11,Pollytix,1501.0,bsw,5.0,5.0
Germany,2025,germany_2025_22,2025-02-10,13,YouGov,2083.0,spd,16.0,16.0
Germany,2025,germany_2025_22,2025-02-10,13,YouGov,2083.0,union,29.0,29.0
Germany,2025,germany_2025_22,2025-02-10,13,YouGov,2083.0,gruene,12.0,12.0
Germany,2025,germany_2025_22,2025-02-10,13,YouGov,2083.0,fdp,4.0,4.0
Germany,2025,germany_2025_22,2025-02-10,13,YouGov,2083.0,afd,21.0,21.0
Germany,2025,germany_2025_22,2025-02-10,13,YouGov,2083.0,linke,6.0,6.0
Germany,2025,germany_2025_22,2025-02-10,13,YouGov,2083.0,bsw,5.0,5.0
Germany,2025,germany_2025_23,2025-02-10,13,INSA,2006.0,spd,15.5,15.5
Germany,2025,germany_2025_23,2025-02-10,13,INSA,2006.0,union,30.0,30.0
Germany,2025,germany_2025_23,2025-02-10,13,INSA,2006.0,gruene,13.0,13.0
Germany,2025,germany_2025_23,2025-02-10,13,INSA,2006.0,fdp,4.0,4.0
Germany,2025,germany_2025_23,2025-02-10,13,INSA,2006.0,afd,22.0,22.0
Germany,2025,germany_2025_23,2025-02-10,13,INSA,2006.0,linke,6.0,6.0
Germany,2025,germany_2025_23,2025-02-10,13,INSA,2006.0,bsw,5.5,5.5
Germany,2025,germany_2025_24,2025-02-10,13,Forsa,2502.0,spd,16.0,16.0
Germany,2025,germany_2025_24,2025-02-10,13,Forsa,2502.0,union,29.0,29.0
Germany,2025,germany_2025_24,2025-02-10,13,Forsa,2502.0,gruene,14.0,14.0
Germany,2025,germany_2025_24,2025-02-10,13,Forsa,2502.0,fdp,4.0,4.0
Germany,2025,germany_2025_24,2025-02-10,13,Forsa,2502.0,afd,20.0,20.0
Germany,2025,germany_2025_24,2025-02-10,13,Forsa,2502.0,linke,6.0,6.0
Germany,2025,germany_2025_24,2025-02-10,13,Forsa,2502.0,bsw,4.0,4.0
Germany,2025,germany_2025_25,2025-02-07,16,GMS,1011.0,spd,15.0,15.0
Germany,2025,germany_2025_25,2025-02-07,16,GMS,1011.0,union,30.0,30.0
Germany,2025,germany_2025_25,2025-02-07,16,GMS,1011.0,gruene,14.0,14.0
Germany,2025,germany_2025_25,2025-02-07,16,GMS,1011.0,fdp,4.0,4.0
Germany,2025,germany_2025_25,2025-02-07,16,GMS,1011.0,afd,21.0,21.0
Germany,2025,germany_2025_25,2025-02-07,16,GMS,1011.0,linke,5.0,5.0
Germany,2025,germany_2025_25,2025-02-07,16,GMS,1011.0,fw,2.0,2.0
Germany,2025,germany_2025_25,2025-02-07,16,GMS,1011.0,bsw,4.0,4.0
Germany,2025,germany_2025_26,2025-02-07,16,INSA,1204.0,spd,16.0,16.0
Germany,2025,germany_2025_26,2025-02-07,16,INSA,1204.0,union,29.0,29.0
Germany,2025,germany_2025_26,2025-02-07,16,INSA,1204.0,gruene,12.0,12.0
Germany,2025,germany_2025_26,2025-02-07,16,INSA,1204.0,fdp,4.0,4.0
Germany,2025,germany_2025_26,2025-02-07,16,INSA,1204.0,afd,21.0,21.0
Germany,2025,germany_2025_26,2025-02-07,16,INSA,1204.0,linke,5.0,5.0
Germany,2025,germany_2025_26,2025-02-07,16,INSA,1204.0,bsw,6.0,6.0
Germany,2025,germany_2025_27,2025-02-06,17,Pollytix,1529.0,spd,17.0,17.0
Germany,2025,germany_2025_27,2025-02-06,17,Pollytix,1529.0,union,30.0,30.0
Germany,2025,germany_2025_27,2025-02-06,17,Pollytix,1529.0,gruene,12.0,12.0
Germany,2025,germany_2025_27,2025-02-06,17,Pollytix,1529.0,fdp,4.0,4.0
Germany,2025,germany_2025_27,2025-02-06,17,Pollytix,1529.0,afd,20.0,20.0
Germany,2025,germany_2025_27,2025-02-06,17,Pollytix,1529.0,linke,6.0,6.0
Germany,2025,germany_2025_27,2025-02-06,17,Pollytix,1529.0,bsw,5.0,5.0
Germany,2025,germany_2025_28,2025-02-06,17,Forschungsgruppe Wahlen,1341.0,spd,15.0,15.0
Germany,2025,germany_2025_28,2025-02-06,17,Forschungsgruppe Wahlen,1341.0,union,30.0,30.0
Germany,2025,germany_2025_28,2025-02-06,17,Forschungsgruppe Wahlen,1341.0,gruene,15.0,15.0
Germany,2025,germany_2025_28,2025-02-06,17,Forschungsgruppe Wahlen,1341.0,fdp,4.0,4.0
Germany,2025,germany_2025_28,2025-02-06,17,Forschungsgruppe Wahlen,1341.0,afd,20.0,20.0
Germany,2025,germany_2025_28,2025-02-06,17,Forschungsgruppe Wahlen,1341.0,linke,6.0,6.0
Germany,2025,germany_2025_28,2025-02-06,17,Forschungsgruppe Wahlen,1341.0,bsw,4.0,4.0
Germany,2025,germany_2025_29,2025-02-05,18,Infratest dimap,1302.0,spd,15.0,15.0
Germany,2025,germany_2025_29,2025-02-05,18,Infratest dimap,1302.0,union,31.0,31.0
Germany,2025,germany_2025_29,2025-02-05,18,Infratest dimap,1302.0,gruene,14.0,14.0
Germany,2025,germany_2025_29,2025-02-05,18,Infratest dimap,1302.0,fdp,4.0,4.0
Germany,2025,germany_2025_29,2025-02-05,18,Infratest dimap,1302.0,afd,21.0,21.0
Germany,2025,germany_2025_29,2025-02-05,18,Infratest dimap,1302.0,linke,5.0,5.0
Germany,2025,germany_2025_29,2025-02-05,18,Infratest dimap,1302.0,bsw,4.0,4.0
Germany,2025,germany_2025_30,2025-02-05,18,YouGov,9322.0,spd,15.3,15.3
Germany,2025,germany_2025_30,2025-02-05,18,YouGov,9322.0,union,29.0,29.0
Germany,2025,germany_2025_30,2025-02-05,18,YouGov,9322.0,gruene,13.3,13.3
Germany,2025,germany_2025_30,2025-02-05,18,YouGov,9322.0,fdp,4.1,4.1
Germany,2025,germany_2025_30,2025-02-05,18,YouGov,9322.0,afd,19.9,19.9
Germany,2025,germany_2025_30,2025-02-05,18,YouGov,9322.0,linke,5.2,5.2
Germany,2025,germany_2025_30,2025-02-05,18,YouGov,9322.0,bsw,5.4,5.4
Germany,2025,germany_2025_31,2025-02-04,19,YouGov,2181.0,spd,18.0,18.0
Germany,2025,germany_2025_31,2025-02-04,19,YouGov,2181.0,union,29.0,29.0
Germany,2025,germany_2025_31,2025-02-04,19,YouGov,2181.0,gruene,12.0,12.0
Germany,2025,germany_2025_31,2025-02-04,19,YouGov,2181.0,fdp,4.0,4.0
Germany,2025,germany_2025_31,2025-02-04,19,YouGov,2181.0,afd,22.0,22.0
Germany,2025,germany_2025_31,2025-02-04,19,YouGov,2181.0,linke,6.0,6.0
Germany,2025,germany_2025_31,2025-02-04,19,YouGov,2181.0,bsw,6.0,6.0
Germany,2025,germany_2025_32,2025-02-03,20,Wahlkreisprognose,1900.0,spd,16.5,16.5
Germany,2025,germany_2025_32,2025-02-03,20,Wahlkreisprognose,1900.0,union,28.0,28.0
Germany,2025,germany_2025_32,2025-02-03,20,Wahlkreisprognose,1900.0,gruene,12.0,12.0
Germany,2025,germany_2025_32,2025-02-03,20,Wahlkreisprognose,1900.0,fdp,4.5,4.5
Germany,2025,germany_2025_32,2025-02-03,20,Wahlkreisprognose,1900.0,afd,19.5,19.5
Germany,2025,germany_2025_32,2025-02-03,20,Wahlkreisprognose,1900.0,linke,5.0,5.0
Germany,2025,germany_2025_32,2025-02-03,20,Wahlkreisprognose,1900.0,fw,2.5,2.5
Germany,2025,germany_2025_32,2025-02-03,20,Wahlkreisprognose,1900.0,bsw,5.5,5.5
Germany,2025,germany_2025_33,2025-02-03,20,INSA,2004.0,spd,16.0,16.0
Germany,2025,germany_2025_33,2025-02-03,20,INSA,2004.0,union,30.0,30.0
Germany,2025,germany_2025_33,2025-02-03,20,INSA,2004.0,gruene,13.0,13.0
Germany,2025,germany_2025_33,2025-02-03,20,INSA,2004.0,fdp,4.5,4.5
Germany,2025,germany_2025_33,2025-02-03,20,INSA,2004.0,afd,22.0,22.0
Germany,2025,germany_2025_33,2025-02-03,20,INSA,2004.0,linke,5.0,5.0
Germany,2025,germany_2025_33,2025-02-03,20,INSA,2004.0,bsw,5.5,5.5
Germany,2025,germany_2025_34,2025-01-31,23,INSA,1203.0,spd,17.0,17.0
Germany,2025,germany_2025_34,2025-01-31,23,INSA,1203.0,union,30.0,30.0
Germany,2025,germany_2025_34,2025-01-31,23,INSA,1203.0,gruene,12.0,12.0
Germany,2025,germany_2025_34,2025-01-31,23,INSA,1203.0,fdp,4.0,4.0
Germany,2025,germany_2025_34,2025-01-31,23,INSA,1203.0,afd,22.0,22.0
Germany,2025,germany_2025_34,2025-01-31,23,INSA,1203.0,linke,4.0,4.0
Germany,2025,germany_2025_34,2025-01-31,23,INSA,1203.0,bsw,6.0,6.0
Germany,2025,germany_2025_35,2025-01-31,23,Ipsos,1000.0,spd,16.0,16.0
Germany,2025,germany_2025_35,2025-01-31,23,Ipsos,1000.0,union,29.0,29.0
Germany,2025,germany_2025_35,2025-01-31,23,Ipsos,1000.0,gruene,13.0,13.0
Germany,2025,germany_2025_35,2025-01-31,23,Ipsos,1000.0,fdp,4.0,4.0
Germany,2025,germany_2025_35,2025-01-31,23,Ipsos,1000.0,afd,21.0,21.0
Germany,2025,germany_2025_35,2025-01-31,23,Ipsos,1000.0,linke,4.0,4.0
Germany,2025,germany_2025_35,2025-01-31,23,Ipsos,1000.0,bsw,5.0,5.0
Germany,2025,germany_2025_36,2025-01-30,24,INSA,1001.0,spd,17.0,17.0
Germany,2025,germany_2025_36,2025-01-30,24,INSA,1001.0,union,29.0,29.0
Germany,2025,germany_2025_36,2025-01-30,24,INSA,1001.0,gruene,13.0,13.0
Germany,2025,germany_2025_36,2025-01-30,24,INSA,1001.0,fdp,4.0,4.0
Germany,2025,germany_2025_36,2025-01-30,24,INSA,1001.0,afd,22.0,22.0
Germany,2025,germany_2025_36,2025-01-30,24,INSA,1001.0,linke,4.0,4.0
Germany,2025,germany_2025_36,2025-01-30,24,INSA,1001.0,bsw,6.0,6.0
Germany,2025,germany_2025_37,2025-02-03,20,Forsa,2503.0,spd,16.0,16.0
Germany,2025,germany_2025_37,2025-02-03,20,Forsa,2503.0,union,28.0,28.0
Germany,2025,germany_2025_37,2025-02-03,20,Forsa,2503.0,gruene,15.0,15.0
Germany,2025,germany_2025_37,2025-02-03,20,Forsa,2503.0,fdp,4.0,4.0
Germany,2025,germany_2025_37,2025-02-03,20,Forsa,2503.0,afd,20.0,20.0
Germany,2025,germany_2025_37,2025-02-03,20,Forsa,2503.0,linke,5.0,5.0
Germany,2025,germany_2025_37,2025-02-03,20,Forsa,2503.0,bsw,4.0,4.0
Germany,2025,germany_2025_38,2025-01-30,24,Democracy Institute,2430.0,spd,15.0,15.0
Germany,2025,germany_2025_38,2025-01-30,24,Democracy Institute,2430.0,union,27.0,27.0
Germany,2025,germany_2025_38,2025-01-30,24,Democracy Institute,2430.0,gruene,13.0,13.0
Germany,2025,germany_2025_38,2025-01-30,24,Democracy Institute,2430.0,fdp,5.0,5.0
Germany,2025,germany_2025_38,2025-01-30,24,Democracy Institute,2430.0,afd,25.0,25.0
Germany,2025,germany_2025_38,2025-01-30,24,Democracy Institute,2430.0,linke,5.0,5.0
Germany,2025,germany_2025_38,2025-01-30,24,Democracy Institute,2430.0,bsw,6.0,6.0
Germany,2025,germany_2025_39,2025-01-29,25,Infratest dimap,1336.0,spd,15.0,15.0
Germany,2025,germany_2025_39,2025-01-29,25,Infratest dimap,1336.0,union,30.0,30.0
Germany,2025,germany_2025_39,2025-01-29,25,Infratest dimap,1336.0,gruene,15.0,15.0
Germany,2025,germany_2025_39,2025-01-29,25,Infratest dimap,1336.0,fdp,4.0,4.0
Germany,2025,germany_2025_39,2025-01-29,25,Infratest dimap,1336.0,afd,20.0,20.0
Germany,2025,germany_2025_39,2025-01-29,25,Infratest dimap,1336.0,linke,5.0,5.0
Germany,2025,germany_2025_39,2025-01-29,25,Infratest dimap,1336.0,bsw,4.0,4.0
Germany,2025,germany_2025_40,2025-01-29,25,Forschungsgruppe Wahlen,1428.0,spd,15.0,15.0
Germany,2025,germany_2025_40,2025-01-29,25,Forschungsgruppe Wahlen,1428.0,union,29.0,29.0
Germany,2025,germany_2025_40,2025-01-29,25,Forschungsgruppe Wahlen,1428.0,gruene,14.0,14.0
Germany,2025,germany_2025_40,2025-01-29,25,Forschungsgruppe Wahlen,1428.0,fdp,4.0,4.0
Germany,2025,germany_2025_40,2025-01-29,25,Forschungsgruppe Wahlen,1428.0,afd,21.0,21.0
Germany,2025,germany_2025_40,2025-01-29,25,Forschungsgruppe Wahlen,1428.0,linke,5.0,5.0
Germany,2025,germany_2025_40,2025-01-29,25,Forschungsgruppe Wahlen,1428.0,bsw,4.0,4.0
Germany,2025,germany_2025_41,2025-01-28,26,Verian,1461.0,spd,15.0,15.0
Germany,2025,germany_2025_41,2025-01-28,26,Verian,1461.0,union,30.0,30.0
Germany,2025,germany_2025_41,2025-01-28,26,Verian,1461.0,gruene,14.0,14.0
Germany,2025,germany_2025_41,2025-01-28,26,Verian,1461.0,fdp,4.0,4.0
Germany,2025,germany_2025_41,2025-01-28,26,Verian,1461.0,afd,20.0,20.0
Germany,2025,germany_2025_41,2025-01-28,26,Verian,1461.0,linke,4.0,4.0
Germany,2025,germany_2025_41,2025-01-28,26,Verian,1461.0,bsw,5.0,5.0
Germany,2025,germany_2025_42,2025-01-27,27,YouGov,1781.0,spd,15.0,15.0
Germany,2025,germany_2025_42,2025-01-27,27,YouGov,1781.0,union,29.0,29.0
Germany,2025,germany_2025_42,2025-01-27,27,YouGov,1781.0,gruene,13.0,13.0
Germany,2025,germany_2025_42,2025-01-27,27,YouGov,1781.0,fdp,3.0,3.0
Germany,2025,germany_2025_42,2025-01-27,27,YouGov,1781.0,afd,23.0,23.0
Germany,2025,germany_2025_42,2025-01-27,27,YouGov,1781.0,linke,5.0,5.0
Germany,2025,germany_2025_42,2025-01-27,27,YouGov,1781.0,bsw,6.0,6.0
Germany,2025,germany_2025_43,2025-01-27,27,INSA,2006.0,spd,15.5,15.5
Germany,2025,germany_2025_43,2025-01-27,27,INSA,2006.0,union,30.0,30.0
Germany,2025,germany_2025_43,2025-01-27,27,INSA,2006.0,gruene,12.5,12.5
Germany,2025,germany_2025_43,2025-01-27,27,INSA,2006.0,fdp,4.5,4.5
Germany,2025,germany_2025_43,2025-01-27,27,INSA,2006.0,afd,22.0,22.0
Germany,2025,germany_2025_43,2025-01-27,27,INSA,2006.0,linke,4.5,4.5
Germany,2025,germany_2025_43,2025-01-27,27,INSA,2006.0,bsw,6.0,6.0
Germany,2025,germany_2025_44,2025-01-27,27,Forsa,2504.0,spd,16.0,16.0
Germany,2025,germany_2025_44,2025-01-27,27,Forsa,2504.0,union,30.0,30.0
Germany,2025,germany_2025_44,2025-01-27,27,Forsa,2504.0,gruene,14.0,14.0
Germany,2025,germany_2025_44,2025-01-27,27,Forsa,2504.0,fdp,4.0,4.0
Germany,2025,germany_2025_44,2025-01-27,27,Forsa,2504.0,afd,20.0,20.0
Germany,2025,germany_2025_44,2025-01-27,27,Forsa,2504.0,linke,4.0,4.0
Germany,2025,germany_2025_44,2025-01-27,27,Forsa,2504.0,bsw,3.0,3.0
Germany,2025,germany_2025_45,2025-01-24,30,INSA,1203.0,spd,16.0,16.0
Germany,2025,germany_2025_45,2025-01-24,30,INSA,1203.0,union,30.0,30.0
Germany,2025,germany_2025_45,2025-01-24,30,INSA,1203.0,gruene,12.0,12.0
Germany,2025,germany_2025_45,2025-01-24,30,INSA,1203.0,fdp,4.0,4.0
Germany,2025,germany_2025_45,2025-01-24,30,INSA,1203.0,afd,21.0,21.0
Germany,2025,germany_2025_45,2025-01-24,30,INSA,1203.0,linke,4.0,4.0
Germany,2025,germany_2025_45,2025-01-24,30,INSA,1203.0,bsw,7.0,7.0
Germany,2025,germany_2025_46,2025-01-23,31,Forschungsgruppe Wahlen,1345.0,spd,15.0,15.0
Germany,2025,germany_2025_46,2025-01-23,31,Forschungsgruppe Wahlen,1345.0,union,30.0,30.0
Germany,2025,germany_2025_46,2025-01-23,31,Forschungsgruppe Wahlen,1345.0,gruene,14.0,14.0
Germany,2025,germany_2025_46,2025-01-23,31,Forschungsgruppe Wahlen,1345.0,fdp,4.0,4.0
Germany,2025,germany_2025_46,2025-01-23,31,Forschungsgruppe Wahlen,1345.0,afd,21.0,21.0
Germany,2025,germany_2025_46,2025-01-23,31,Forschungsgruppe Wahlen,1345.0,linke,5.0,5.0
Germany,2025,germany_2025_46,2025-01-23,31,Forschungsgruppe Wahlen,1345.0,bsw,3.0,3.0
Germany,2025,germany_2025_47,2025-01-23,31,Wahlkreisprognose,1500.0,spd,17.0,17.0
Germany,2025,germany_2025_47,2025-01-23,31,Wahlkreisprognose,1500.0,union,28.5,28.5
Germany,2025,germany_2025_47,2025-01-23,31,Wahlkreisprognose,1500.0,gruene,14.0,14.0
Germany,2025,germany_2025_47,2025-01-23,31,Wahlkreisprognose,1500.0,fdp,3.5,3.5
Germany,2025,germany_2025_47,2025-01-23,31,Wahlkreisprognose,1500.0,afd,21.5,21.5
Germany,2025,germany_2025_47,2025-01-23,31,Wahlkreisprognose,1500.0,linke,3.5,3.5
Germany,2025,germany_2025_47,2025-01-23,31,Wahlkreisprognose,1500.0,fw,1.5,1.5
Germany,2025,germany_2025_47,2025-01-23,31,Wahlkreisprognose,1500.0,bsw,4.5,4.5
Germany,2025,germany_2025_48,2025-01-20,34,YouGov,1858.0,spd,19.0,19.0
Germany,2025,germany_2025_48,2025-01-20,34,YouGov,1858.0,union,28.0,28.0
Germany,2025,germany_2025_48,2025-01-20,34,YouGov,1858.0,gruene,15.0,15.0
Germany,2025,germany_2025_48,2025-01-20,34,YouGov,1858.0,fdp,4.0,4.0
Germany,2025,germany_2025_48,2025-01-20,34,YouGov,1858.0,afd,19.0,19.0
Germany,2025,germany_2025_48,2025-01-20,34,YouGov,1858.0,linke,4.0,4.0
Germany,2025,germany_2025_48,2025-01-20,34,YouGov,1858.0,bsw,6.0,6.0
Germany,2025,germany_2025_49,2025-01-20,34,INSA,2008.0,spd,16.0,16.0
Germany,2025,germany_2025_49,2025-01-20,34,INSA,2008.0,union,29.0,29.0
Germany,2025,germany_2025_49,2025-01-20,34,INSA,2008.0,gruene,13.0,13.0
Germany,2025,germany_2025_49,2025-01-20,34,INSA,2008.0,fdp,5.0,5.0
Germany,2025,germany_2025_49,2025-01-20,34,INSA,2008.0,afd,21.5,21.5
Germany,2025,germany_2025_49,2025-01-20,34,INSA,2008.0,linke,4.0,4.0
Germany,2025,germany_2025_49,2025-01-20,34,INSA,2008.0,bsw,7.0,7.0
Germany,2025,germany_2025_50,2025-01-20,34,Forsa,2502.0,spd,16.0,16.0
Germany,2025,germany_2025_50,2025-01-20,34,Forsa,2502.0,union,31.0,31.0
Germany,2025,germany_2025_50,2025-01-20,34,Forsa,2502.0,gruene,13.0,13.0
Germany,2025,germany_2025_50,2025-01-20,34,Forsa,2502.0,fdp,4.0,4.0
Germany,2025,germany_2025_50,2025-01-20,34,Forsa,2502.0,afd,19.0,19.0
Germany,2025,germany_2025_50,2025-01-20,34,Forsa,2502.0,linke,3.0,3.0
Germany,2025,germany_2025_50,2025-01-20,34,Forsa,2502.0,bsw,4.0,4.0
Germany,2025,germany_2025_51,2025-01-19,35,Allensbach,1015.0,spd,17.0,17.0
Germany,2025,germany_2025_51,2025-01-19,35,Allensbach,1015.0,union,34.0,34.0
Germany,2025,germany_2025_51,2025-01-19,35,Allensbach,1015.0,gruene,13.5,13.5
Germany,2025,germany_2025_51,2025-01-19,35,Allensbach,1015.0,fdp,4.0,4.0
Germany,2025,germany_2025_51,2025-01-19,35,Allensbach,1015.0,afd,20.0,20.0
Germany,2025,germany_2025_51,2025-01-19,35,Allensbach,1015.0,bsw,5.0,5.0
Germany,2025,germany_2025_52,2025-01-18,36,Ipsos,1000.0,spd,16.0,16.0
Germany,2025,germany_2025_52,2025-01-18,36,Ipsos,1000.0,union,30.0,30.0
Germany,2025,germany_2025_52,2025-01-18,36,Ipsos,1000.0,gruene,14.0,14.0
Germany,2025,germany_2025_52,2025-01-18,36,Ipsos,1000.0,fdp,4.0,4.0
Germany,2025,germany_2025_52,2025-01-18,36,Ipsos,1000.0,afd,19.0,19.0
Germany,2025,germany_2025_52,2025-01-18,36,Ipsos,1000.0,linke,3.0,3.0
Germany,2025,germany_2025_52,2025-01-18,36,Ipsos,1000.0,fw,2.0,2.0
Germany,2025,germany_2025_52,2025-01-18,36,Ipsos,1000.0,bsw,6.0,6.0
Germany,2025,germany_2025_53,2025-01-17,37,INSA,1206.0,spd,16.0,16.0
Germany,2025,germany_2025_53,2025-01-17,37,INSA,1206.0,union,29.0,29.0
Germany,2025,germany_2025_53,2025-01-17,37,INSA,1206.0,gruene,13.0,13.0
Germany,2025,germany_2025_53,2025-01-17,37,INSA,1206.0,fdp,5.0,5.0
Germany,2025,germany_2025_53,2025-01-17,37,INSA,1206.0,afd,21.0,21.0
Germany,2025,germany_2025_53,2025-01-17,37,INSA,1206.0,linke,4.0,4.0
Germany,2025,germany_2025_53,2025-01-17,37,INSA,1206.0,bsw,7.0,7.0
Germany,2025,germany_2025_54,2025-01-16,38,Wahlkreisprognose,2000.0,spd,16.5,16.5
Germany,2025,germany_2025_54,2025-01-16,38,Wahlkreisprognose,2000.0,union,29.0,29.0
Germany,2025,germany_2025_54,2025-01-16,38,Wahlkreisprognose,2000.0,gruene,15.0,15.0
Germany,2025,germany_2025_54,2025-01-16,38,Wahlkreisprognose,2000.0,fdp,4.0,4.0
Germany,2025,germany_2025_54,2025-01-16,38,Wahlkreisprognose,2000.0,afd,21.0,21.0
Germany,2025,germany_2025_54,2025-01-16,38,Wahlkreisprognose,2000.0,linke,2.5,2.5
Germany,2025,germany_2025_54,2025-01-16,38,Wahlkreisprognose,2000.0,fw,2.0,2.0
Germany,2025,germany_2025_54,2025-01-16,38,Wahlkreisprognose,2000.0,bsw,4.0,4.0
Germany,2025,germany_2025_55,2025-01-15,39,YouGov,10411.0,spd,15.6,15.6
Germany,2025,germany_2025_55,2025-01-15,39,YouGov,10411.0,union,29.8,29.8
Germany,2025,germany_2025_55,2025-01-15,39,YouGov,10411.0,gruene,13.6,13.6
Germany,2025,germany_2025_55,2025-01-15,39,YouGov,10411.0,fdp,4.5,4.5
Germany,2025,germany_2025_55,2025-01-15,39,YouGov,10411.0,afd,19.7,19.7
Germany,2025,germany_2025_55,2025-01-15,39,YouGov,10411.0,linke,2.9,2.9
Germany,2025,germany_2025_55,2025-01-15,39,YouGov,10411.0,bsw,6.0,6.0
Germany,2025,germany_2025_56,2025-01-14,40,YouGov,1771.0,spd,18.0,18.0
Germany,2025,germany_2025_56,2025-01-14,40,YouGov,1771.0,union,30.0,30.0
Germany,2025,germany_2025_56,2025-01-14,40,YouGov,1771.0,gruene,14.0,14.0
Germany,2025,germany_2025_56,2025-01-14,40,YouGov,1771.0,fdp,4.0,4.0
Germany,2025,germany_2025_56,2025-01-14,40,YouGov,1771.0,afd,21.0,21.0
Germany,2025,germany_2025_56,2025-01-14,40,YouGov,1771.0,linke,4.0,4.0
Germany,2025,germany_2025_56,2025-01-14,40,YouGov,1771.0,bsw,6.0,6.0
Germany,2025,germany_2025_57,2025-01-13,41,INSA,2005.0,spd,15.0,15.0
Germany,2025,germany_2025_57,2025-01-13,41,INSA,2005.0,union,31.0,31.0
Germany,2025,germany_2025_57,2025-01-13,41,INSA,2005.0,gruene,13.0,13.0
Germany,2025,germany_2025_57,2025-01-13,41,INSA,2005.0,fdp,4.0,4.0
Germany,2025,germany_2025_57,2025-01-13,41,INSA,2005.0,afd,22.0,22.0
Germany,2025,germany_2025_57,2025-01-13,41,INSA,2005.0,linke,3.5,3.5
Germany,2025,germany_2025_57,2025-01-13,41,INSA,2005.0,bsw,6.5,6.5
Germany,2025,germany_2025_58,2025-01-13,41,Forsa,2504.0,spd,16.0,16.0
Germany,2025,germany_2025_58,2025-01-13,41,Forsa,2504.0,union,31.0,31.0
Germany,2025,germany_2025_58,2025-01-13,41,Forsa,2504.0,gruene,13.0,13.0
Germany,2025,germany_2025_58,2025-01-13,41,Forsa,2504.0,fdp,4.0,4.0
Germany,2025,germany_2025_58,2025-01-13,41,Forsa,2504.0,afd,20.0,20.0
Germany,2025,germany_2025_58,2025-01-13,41,Forsa,2504.0,linke,3.0,3.0
Germany,2025,germany_2025_58,2025-01-13,41,Forsa,2504.0,bsw,4.0,4.0
Germany,2025,germany_2025_59,2025-01-10,44,INSA,1205.0,spd,16.0,16.0
Germany,2025,germany_2025_59,2025-01-10,44,INSA,1205.0,union,30.0,30.0
Germany,2025,germany_2025_59,2025-01-10,44,INSA,1205.0,gruene,13.0,13.0
Germany,2025,germany_2025_59,2025-01-10,44,INSA,1205.0,fdp,4.0,4.0
Germany,2025,germany_2025_59,2025-01-10,44,INSA,1205.0,afd,22.0,22.0
Germany,2025,germany_2025_59,2025-01-10,44,INSA,1205.0,linke,3.0,3.0
Germany,2025,germany_2025_59,2025-01-10,44,INSA,1205.0,bsw,6.0,6.0
Germany,2025,germany_2025_60,2025-01-09,45,Forschungsgruppe Wahlen,1433.0,spd,14.0,14.0
Germany,2025,germany_2025_60,2025-01-09,45,Forschungsgruppe Wahlen,1433.0,union,30.0,30.0
Germany,2025,germany_2025_60,2025-01-09,45,Forschungsgruppe Wahlen,1433.0,gruene,15.0,15.0
Germany,2025,germany_2025_60,2025-01-09,45,Forschungsgruppe Wahlen,1433.0,fdp,4.0,4.0
Germany,2025,germany_2025_60,2025-01-09,45,Forschungsgruppe Wahlen,1433.0,afd,21.0,21.0
Germany,2025,germany_2025_60,2025-01-09,45,Forschungsgruppe Wahlen,1433.0,linke,4.0,4.0
Germany,2025,germany_2025_60,2025-01-09,45,Forschungsgruppe Wahlen,1433.0,bsw,4.0,4.0
Germany,2025,germany_2025_61,2025-01-08,46,Infratest dimap,1323.0,spd,15.0,15.0
Germany,2025,germany_2025_61,2025-01-08,46,Infratest dimap,1323.0,union,31.0,31.0
Germany,2025,germany_2025_61,2025-01-08,46,Infratest dimap,1323.0,gruene,14.0,14.0
Germany,2025,germany_2025_61,2025-01-08,46,Infratest dimap,1323.0,fdp,4.0,4.0
Germany,2025,germany_2025_61,2025-01-08,46,Infratest dimap,1323.0,afd,20.0,20.0
Germany,2025,germany_2025_61,2025-01-08,46,Infratest dimap,1323.0,linke,4.0,4.0
Germany,2025,germany_2025_61,2025-01-08,46,Infratest dimap,1323.0,bsw,5.0,5.0
Germany,2025,germany_2025_62,2025-01-06,48,YouGov,1908.0,spd,16.0,16.0
Germany,2025,germany_2025_62,2025-01-06,48,YouGov,1908.0,union,29.0,29.0
Germany,2025,germany_2025_62,2025-01-06,48,YouGov,1908.0,gruene,14.0,14.0
Germany,2025,germany_2025_62,2025-01-06,48,YouGov,1908.0,fdp,5.0,5.0
Germany,2025,germany_2025_62,2025-01-06,48,YouGov,1908.0,afd,21.0,21.0
Germany,2025,germany_2025_62,2025-01-06,48,YouGov,1908.0,linke,3.0,3.0
Germany,2025,germany_2025_62,2025-01-06,48,YouGov,1908.0,bsw,6.0,6.0
Germany,2025,germany_2025_63,2025-01-06,48,INSA,2001.0,spd,15.5,15.5
Germany,2025,germany_2025_63,2025-01-06,48,INSA,2001.0,union,31.0,31.0
Germany,2025,germany_2025_63,2025-01-06,48,INSA,2001.0,gruene,13.5,13.5
Germany,2025,germany_2025_63,2025-01-06,48,INSA,2001.0,fdp,4.0,4.0
Germany,2025,germany_2025_63,2025-01-06,48,INSA,2001.0,afd,21.5,21.5
Germany,2025,germany_2025_63,2025-01-06,48,INSA,2001.0,linke,3.0,3.0
Germany,2025,germany_2025_63,2025-01-06,48,INSA,2001.0,bsw,6.5,6.5
Germany,2025,germany_2025_64,2025-01-06,48,Forsa,1501.0,spd,17.0,17.0
Germany,2025,germany_2025_64,2025-01-06,48,Forsa,1501.0,union,32.0,32.0
Germany,2025,germany_2025_64,2025-01-06,48,Forsa,1501.0,gruene,12.0,12.0
Germany,2025,germany_2025_64,2025-01-06,48,Forsa,1501.0,fdp,3.0,3.0
Germany,2025,germany_2025_64,2025-01-06,48,Forsa,1501.0,afd,19.0,19.0
Germany,2025,germany_2025_64,2025-01-06,48,Forsa,1501.0,linke,3.0,3.0
Germany,2025,germany_2025_64,2025-01-06,48,Forsa,1501.0,bsw,4.0,4.0
Germany,2025,germany_2025_65,2025-01-04,50,Ipsos,1000.0,spd,16.0,16.0
Germany,2025,germany_2025_65,2025-01-04,50,Ipsos,1000.0,union,30.0,30.0
Germany,2025,germany_2025_65,2025-01-04,50,Ipsos,1000.0,gruene,13.0,13.0
Germany,2025,germany_2025_65,2025-01-04,50,Ipsos,1000.0,fdp,4.0,4.0
Germany,2025,germany_2025_65,2025-01-04,50,Ipsos,1000.0,afd,19.0,19.0
Germany,2025,germany_2025_65,2025-01-04,50,Ipsos,1000.0,linke,3.0,3.0
Germany,2025,germany_2025_65,2025-01-04,50,Ipsos,1000.0,fw,2.0,2.0
Germany,2025,germany_2025_65,2025-01-04,50,Ipsos,1000.0,bsw,7.0,7.0
Germany,2025,germany_2025_66,2025-01-03,51,INSA,1201.0,spd,16.0,16.0
Germany,2025,germany_2025_66,2025-01-03,51,INSA,1201.0,union,31.0,31.0
Germany,2025,germany_2025_66,2025-01-03,51,INSA,1201.0,gruene,13.0,13.0
Germany,2025,germany_2025_66,2025-01-03,51,INSA,1201.0,fdp,4.0,4.0
Germany,2025,germany_2025_66,2025-01-03,51,INSA,1201.0,afd,20.0,20.0
Germany,2025,germany_2025_66,2025-01-03,51,INSA,1201.0,linke,3.0,3.0
Germany,2025,germany_2025_66,2025-01-03,51,INSA,1201.0,bsw,7.0,7.0
Germany,2025,germany_2025_67,2025-01-02,52,GMS,1010.0,spd,16.0,16.0
Germany,2025,germany_2025_67,2025-01-02,52,GMS,1010.0,union,33.0,33.0
Germany,2025,germany_2025_67,2025-01-02,52,GMS,1010.0,gruene,13.0,13.0
Germany,2025,germany_2025_67,2025-01-02,52,GMS,1010.0,fdp,4.0,4.0
Germany,2025,germany_2025_67,2025-01-02,52,GMS,1010.0,afd,18.0,18.0
Germany,2025,germany_2025_67,2025-01-02,52,GMS,1010.0,linke,3.0,3.0
Germany,2025,germany_2025_67,2025-01-02,52,GMS,1010.0,fw,2.0,2.0
Germany,2025,germany_2025_67,2025-01-02,52,GMS,1010.0,bsw,4.0,4.0
Netherlands,2017,netherlands_2017_0,2017-03-14,1,TNS NIPO,,vvd,27.0,17.852459016393443
Netherlands,2017,netherlands_2017_0,2017-03-14,1,TNS NIPO,,pvda,11.0,7.465573770491804
Netherlands,2017,netherlands_2017_0,2017-03-14,1,TNS NIPO,,pvv,23.0,15.255737704918033
Netherlands,2017,netherlands_2017_0,2017-03-14,1,TNS NIPO,,sp,15.0,10.062295081967212
Netherlands,2017,netherlands_2017_0,2017-03-14,1,TNS NIPO,,cda,20.0,13.308196721311475
Netherlands,2017,netherlands_2017_0,2017-03-14,1,TNS NIPO,,d66,18.0,12.00983606557377
Netherlands,2017,netherlands_2017_0,2017-03-14,1,TNS NIPO,,cu,6.0,4.219672131147541
Netherlands,2017,netherlands_2017_0,2017-03-14,1,TNS NIPO,,gl,14.0,9.41311475409836
Netherlands,2017,netherlands_2017_0,2017-03-14,1,TNS NIPO,,sgp,3.0,2.2721311475409833
Netherlands,2017,netherlands_2017_0,2017-03-14,1,TNS NIPO,,pvdd,4.0,2.921311475409836
Netherlands,2017,netherlands_2017_0,2017-03-14,1,TNS NIPO,,plus50,6.0,4.219672131147541
Netherlands,2017,netherlands_2017_1,2017-03-14,1,Ipsos,,vvd,29.0,19.15081967213115
Netherlands,2017,netherlands_2017_1,2017-03-14,1,Ipsos,,pvda,9.0,6.167213114754099
Netherlands,2017,netherlands_2017_1,2017-03-14,1,Ipsos,,pvv,20.0,13.308196721311475
Netherlands,2017,netherlands_2017_1,2017-03-14,1,Ipsos,,sp,15.0,10.062295081967212
Netherlands,2017,netherlands_2017_1,2017-03-14,1,Ipsos,,cda,23.0,15.255737704918033
Netherlands,2017,netherlands_2017_1,2017-03-14,1,Ipsos,,d66,18.0,12.00983606557377
Netherlands,2017,netherlands_2017_1,2017-03-14,1,Ipsos,,cu,5.0,3.570491803278689
Netherlands,2017,netherlands_2017_1,2017-03-14,1,Ipsos,,gl,15.0,10.062295081967212
Netherlands,2017,netherlands_2017_1,2017-03-14,1,Ipsos,,sgp,4.0,2.921311475409836
Netherlands,2017,netherlands_2017_1,2017-03-14,1,Ipsos,,pvdd,4.0,2.921311475409836
Netherlands,2017,netherlands_2017_1,2017-03-14,1,Ipsos,,plus50,5.0,3.570491803278689
Netherlands,2017,netherlands_2017_2,2017-03-14,1,Peil,,vvd,27.0,18.21070234113712
Netherlands,2017,netherlands_2017_2,2017-03-14,1,Peil,,pvda,9.0,6.290969899665551
Netherlands,2017,netherlands_2017_2,2017-03-14,1,Peil,,pvv,24.0,16.224080267558527
Netherlands,2017,netherlands_2017_2,2017-03-14,1,Peil,,sp,13.0,8.939799331103679
Netherlands,2017,netherlands_2017_2,2017-03-14,1,Peil,,cda,22.0,14.899665551839465
Netherlands,2017,netherlands_2017_2,2017-03-14,1,Peil,,d66,15.0,10.264214046822742
Netherlands,2017,netherlands_2017_2,2017-03-14,1,Peil,,cu,5.0,3.642140468227425
Netherlands,2017,netherlands_2017_2,2017-03-14,1,Peil,,gl,18.0,12.250836120401338
Netherlands,2017,netherlands_2017_2,2017-03-14,1,Peil,,sgp,3.0,2.317725752508361
Netherlands,2017,netherlands_2017_2,2017-03-14,1,Peil,,pvdd,4.0,2.979933110367893
Netherlands,2017,netherlands_2017_2,2017-03-14,1,Peil,,plus50,4.0,2.979933110367893
Netherlands,2017,netherlands_2017_3,2017-03-14,1,I&O Research,,vvd,27.0,17.97029702970297
Netherlands,2017,netherlands_2017_3,2017-03-14,1,I&O Research,,pvda,12.0,8.168316831683168
Netherlands,2017,netherlands_2017_3,2017-03-14,1,I&O Research,,pvv,16.0,10.782178217821782
Netherlands,2017,netherlands_2017_3,2017-03-14,1,I&O Research,,sp,14.0,9.475247524752476
Netherlands,2017,netherlands_2017_3,2017-03-14,1,I&O Research,,cda,19.0,12.742574257425742
Netherlands,2017,netherlands_2017_3,2017-03-14,1,I&O Research,,d66,20.0,13.396039603960396
Netherlands,2017,netherlands_2017_3,2017-03-14,1,I&O Research,,cu,6.0,4.247524752475248
Netherlands,2017,netherlands_2017_3,2017-03-14,1,I&O Research,,gl,20.0,13.396039603960396
Netherlands,2017,netherlands_2017_3,2017-03-14,1,I&O Research,,sgp,3.0,2.287128712871287
Netherlands,2017,netherlands_2017_3,2017-03-14,1,I&O Research,,pvdd,5.0,3.594059405940594
Netherlands,2017,netherlands_2017_3,2017-03-14,1,I&O Research,,plus50,4.0,2.9405940594059405
Netherlands,2017,netherlands_2017_4,2017-03-13,2,Peil,,vvd,27.0,17.97029702970297
Netherlands,2017,netherlands_2017_4,2017-03-13,2,Peil,,pvda,9.0,6.207920792079207
Netherlands,2017,netherlands_2017_4,2017-03-13,2,Peil,,pvv,24.0,16.00990099009901
Netherlands,2017,netherlands_2017_4,2017-03-13,2,Peil,,sp,14.0,9.475247524752476
Netherlands,2017,netherlands_2017_4,2017-03-13,2,Peil,,cda,21.0,14.049504950495049
Netherlands,2017,netherlands_2017_4,2017-03-13,2,Peil,,d66,16.0,10.782178217821782
Netherlands,2017,netherlands_2017_4,2017-03-13,2,Peil,,cu,5.0,3.594059405940594
Netherlands,2017,netherlands_2017_4,2017-03-13,2,Peil,,gl,19.0,12.742574257425742
Netherlands,2017,netherlands_2017_4,2017-03-13,2,Peil,,sgp,3.0,2.287128712871287
Netherlands,2017,netherlands_2017_4,2017-03-13,2,Peil,,pvdd,4.0,2.9405940594059405
Netherlands,2017,netherlands_2017_4,2017-03-13,2,Peil,,plus50,4.0,2.9405940594059405
Netherlands,2017,netherlands_2017_5,2017-03-13,2,I&O Research,,vvd,24.0,16.224080267558527
Netherlands,2017,netherlands_2017_5,2017-03-13,2,I&O Research,,pvda,13.0,8.939799331103679
Netherlands,2017,netherlands_2017_5,2017-03-13,2,I&O Research,,pvv,20.0,13.5752508361204
Netherlands,2017,netherlands_2017_5,2017-03-13,2,I&O Research,,sp,14.0,9.602006688963211
Netherlands,2017,netherlands_2017_5,2017-03-13,2,I&O Research,,cda,17.0,11.588628762541807
Netherlands,2017,netherlands_2017_5,2017-03-13,2,I&O Research,,d66,18.0,12.250836120401338
Netherlands,2017,netherlands_2017_5,2017-03-13,2,I&O Research,,cu,5.0,3.642140468227425
Netherlands,2017,netherlands_2017_5,2017-03-13,2,I&O Research,,gl,20.0,13.5752508361204
Netherlands,2017,netherlands_2017_5,2017-03-13,2,I&O Research,,sgp,3.0,2.317725752508361
Netherlands,2017,netherlands_2017_5,2017-03-13,2,I&O Research,,pvdd,6.0,4.304347826086956
Netherlands,2017,netherlands_2017_5,2017-03-13,2,I&O Research,,plus50,4.0,2.979933110367893
Netherlands,2017,netherlands_2017_6,2017-03-13,2,De Stemming,,vvd,24.0,15.904918032786885
Netherlands,2017,netherlands_2017_6,2017-03-13,2,De Stemming,,pvda,10.0,6.816393442622951
Netherlands,2017,netherlands_2017_6,2017-03-13,2,De Stemming,,pvv,24.0,15.904918032786885
Netherlands,2017,netherlands_2017_6,2017-03-13,2,De Stemming,,sp,16.0,10.711475409836066
Netherlands,2017,netherlands_2017_6,2017-03-13,2,De Stemming,,cda,21.0,13.957377049180327
Netherlands,2017,netherlands_2017_6,2017-03-13,2,De Stemming,,d66,16.0,10.711475409836066
Netherlands,2017,netherlands_2017_6,2017-03-13,2,De Stemming,,cu,7.0,4.868852459016393
Netherlands,2017,netherlands_2017_6,2017-03-13,2,De Stemming,,gl,16.0,10.711475409836066
Netherlands,2017,netherlands_2017_6,2017-03-13,2,De Stemming,,sgp,3.0,2.2721311475409833
Netherlands,2017,netherlands_2017_6,2017-03-13,2,De Stemming,,pvdd,5.0,3.570491803278689
Netherlands,2017,netherlands_2017_6,2017-03-13,2,De Stemming,,plus50,5.0,3.570491803278689
Netherlands,2017,netherlands_2017_7,2017-03-12,3,Peil,,vvd,24.0,16.00990099009901
Netherlands,2017,netherlands_2017_7,2017-03-12,3,Peil,,pvda,9.0,6.207920792079207
Netherlands,2017,netherlands_2017_7,2017-03-12,3,Peil,,pvv,22.0,14.702970297029703
Netherlands,2017,netherlands_2017_7,2017-03-12,3,Peil,,sp,15.0,10.12871287128713
Netherlands,2017,netherlands_2017_7,2017-03-12,3,Peil,,cda,22.0,14.702970297029703
Netherlands,2017,netherlands_2017_7,2017-03-12,3,Peil,,d66,17.0,11.435643564356436
Netherlands,2017,netherlands_2017_7,2017-03-12,3,Peil,,cu,5.0,3.594059405940594
Netherlands,2017,netherlands_2017_7,2017-03-12,3,Peil,,gl,20.0,13.396039603960396
Netherlands,2017,netherlands_2017_7,2017-03-12,3,Peil,,sgp,3.0,2.287128712871287
Netherlands,2017,netherlands_2017_7,2017-03-12,3,Peil,,pvdd,4.0,2.9405940594059405
Netherlands,2017,netherlands_2017_7,2017-03-12,3,Peil,,plus50,5.0,3.594059405940594
Netherlands,2017,netherlands_2017_8,2017-03-10,5,Peil,,vvd,24.0,16.00990099009901
Netherlands,2017,netherlands_2017_8,2017-03-10,5,Peil,,pvda,9.0,6.207920792079207
Netherlands,2017,netherlands_2017_8,2017-03-10,5,Peil,,pvv,22.0,14.702970297029703
Netherlands,2017,netherlands_2017_8,2017-03-10,5,Peil,,sp,15.0,10.12871287128713
Netherlands,2017,netherlands_2017_8,2017-03-10,5,Peil,,cda,22.0,14.702970297029703
Netherlands,2017,netherlands_2017_8,2017-03-10,5,Peil,,d66,17.0,11.435643564356436
Netherlands,2017,netherlands_2017_8,2017-03-10,5,Peil,,cu,5.0,3.594059405940594
Netherlands,2017,netherlands_2017_8,2017-03-10,5,Peil,,gl,20.0,13.396039603960396
Netherlands,2017,netherlands_2017_8,2017-03-10,5,Peil,,sgp,3.0,2.287128712871287
Netherlands,2017,netherlands_2017_8,2017-03-10,5,Peil,,pvdd,4.0,2.9405940594059405
Netherlands,2017,netherlands_2017_8,2017-03-10,5,Peil,,plus50,5.0,3.594059405940594
Netherlands,2017,netherlands_2017_9,2017-03-09,6,Ipsos,,vvd,26.0,17.316831683168317
Netherlands,2017,netherlands_2017_9,2017-03-09,6,Ipsos,,pvda,11.0,7.514851485148515
Netherlands,2017,netherlands_2017_9,2017-03-09,6,Ipsos,,pvv,23.0,15.356435643564355
Netherlands,2017,netherlands_2017_9,2017-03-09,6,Ipsos,,sp,13.0,8.821782178217822
Netherlands,2017,netherlands_2017_9,2017-03-09,6,Ipsos,,cda,21.0,14.049504950495049
Netherlands,2017,netherlands_2017_9,2017-03-09,6,Ipsos,,d66,17.0,11.435643564356436
Netherlands,2017,netherlands_2017_9,2017-03-09,6,Ipsos,,cu,6.0,4.247524752475248
Netherlands,2017,netherlands_2017_9,2017-03-09,6,Ipsos,,gl,14.0,9.475247524752476
Netherlands,2017,netherlands_2017_9,2017-03-09,6,Ipsos,,sgp,5.0,3.594059405940594
Netherlands,2017,netherlands_2017_9,2017-03-09,6,Ipsos,,pvdd,4.0,2.9405940594059405
Netherlands,2017,netherlands_2017_9,2017-03-09,6,Ipsos,,plus50,6.0,4.247524752475248
Netherlands,2017,netherlands_2017_10,2017-03-09,6,TNS NIPO,,vvd,26.0,17.20327868852459
Netherlands,2017,netherlands_2017_10,2017-03-09,6,TNS NIPO,,pvda,12.0,8.114754098360654
Netherlands,2017,netherlands_2017_10,2017-03-09,6,TNS NIPO,,pvv,24.0,15.904918032786885
Netherlands,2017,netherlands_2017_10,2017-03-09,6,TNS NIPO,,sp,15.0,10.062295081967212
Netherlands,2017,netherlands_2017_10,2017-03-09,6,TNS NIPO,,cda,17.0,11.360655737704919
Netherlands,2017,netherlands_2017_10,2017-03-09,6,TNS NIPO,,d66,21.0,13.957377049180327
Netherlands,2017,netherlands_2017_10,2017-03-09,6,TNS NIPO,,cu,6.0,4.219672131147541
Netherlands,2017,netherlands_2017_10,2017-03-09,6,TNS NIPO,,gl,14.0,9.41311475409836
Netherlands,2017,netherlands_2017_10,2017-03-09,6,TNS NIPO,,sgp,3.0,2.2721311475409833
Netherlands,2017,netherlands_2017_10,2017-03-09,6,TNS NIPO,,pvdd,3.0,2.2721311475409833
Netherlands,2017,netherlands_2017_10,2017-03-09,6,TNS NIPO,,plus50,6.0,4.219672131147541
Netherlands,2017,netherlands_2017_11,2017-03-08,7,I&O Research,,vvd,24.0,16.116279069767444
Netherlands,2017,netherlands_2017_11,2017-03-08,7,I&O Research,,pvda,14.0,9.538205980066445
Netherlands,2017,netherlands_2017_11,2017-03-08,7,I&O Research,,pvv,20.0,13.485049833887043
Netherlands,2017,netherlands_2017_11,2017-03-08,7,I&O Research,,sp,14.0,9.538205980066445
Netherlands,2017,netherlands_2017_11,2017-03-08,7,I&O Research,,cda,16.0,10.853820598006644
Netherlands,2017,netherlands_2017_11,2017-03-08,7,I&O Research,,d66,20.0,13.485049833887043
Netherlands,2017,netherlands_2017_11,2017-03-08,7,I&O Research,,cu,5.0,3.6179401993355484
Netherlands,2017,netherlands_2017_11,2017-03-08,7,I&O Research,,gl,17.0,11.511627906976743
Netherlands,2017,netherlands_2017_11,2017-03-08,7,I&O Research,,sgp,4.0,2.9601328903654487
Netherlands,2017,netherlands_2017_11,2017-03-08,7,I&O Research,,pvdd,6.0,4.275747508305647
Netherlands,2017,netherlands_2017_11,2017-03-08,7,I&O Research,,plus50,5.0,3.6179401993355484
Netherlands,2017,netherlands_2017_12,2017-03-07,8,Peil,,vvd,25.0,16.774086378737543
Netherlands,2017,netherlands_2017_12,2017-03-07,8,Peil,,pvda,9.0,6.249169435215946
Netherlands,2017,netherlands_2017_12,2017-03-07,8,Peil,,pvv,23.0,15.458471760797341
Netherlands,2017,netherlands_2017_12,2017-03-07,8,Peil,,sp,14.0,9.538205980066445
Netherlands,2017,netherlands_2017_12,2017-03-07,8,Peil,,cda,21.0,14.142857142857142
Netherlands,2017,netherlands_2017_12,2017-03-07,8,Peil,,d66,17.0,11.511627906976743
Netherlands,2017,netherlands_2017_12,2017-03-07,8,Peil,,cu,5.0,3.6179401993355484
Netherlands,2017,netherlands_2017_12,2017-03-07,8,Peil,,gl,18.0,12.169435215946844
Netherlands,2017,netherlands_2017_12,2017-03-07,8,Peil,,sgp,3.0,2.302325581395349
Netherlands,2017,netherlands_2017_12,2017-03-07,8,Peil,,pvdd,5.0,3.6179401993355484
Netherlands,2017,netherlands_2017_12,2017-03-07,8,Peil,,plus50,5.0,3.6179401993355484
Netherlands,2017,netherlands_2017_13,2017-03-06,9,De Stemming,,vvd,24.0,16.00990099009901
Netherlands,2017,netherlands_2017_13,2017-03-06,9,De Stemming,,pvda,12.0,8.168316831683168
Netherlands,2017,netherlands_2017_13,2017-03-06,9,De Stemming,,pvv,24.0,16.00990099009901
Netherlands,2017,netherlands_2017_13,2017-03-06,9,De Stemming,,sp,15.0,10.12871287128713
Netherlands,2017,netherlands_2017_13,2017-03-06,9,De Stemming,,cda,20.0,13.396039603960396
Netherlands,2017,netherlands_2017_13,2017-03-06,9,De Stemming,,d66,16.0,10.782178217821782
Netherlands,2017,netherlands_2017_13,2017-03-06,9,De Stemming,,cu,7.0,4.900990099009901
Netherlands,2017,netherlands_2017_13,2017-03-06,9,De Stemming,,gl,16.0,10.782178217821782
Netherlands,2017,netherlands_2017_13,2017-03-06,9,De Stemming,,sgp,3.0,2.287128712871287
Netherlands,2017,netherlands_2017_13,2017-03-06,9,De Stemming,,pvdd,4.0,2.9405940594059405
Netherlands,2017,netherlands_2017_13,2017-03-06,9,De Stemming,,plus50,5.0,3.594059405940594
Netherlands,2017,netherlands_2017_14,2017-03-05,10,Peil,,vvd,24.0,16.116279069767444
Netherlands,2017,netherlands_2017_14,2017-03-05,10,Peil,,pvda,10.0,6.906976744186046
Netherlands,2017,netherlands_2017_14,2017-03-05,10,Peil,,pvv,25.0,16.774086378737543
Netherlands,2017,netherlands_2017_14,2017-03-05,10,Peil,,sp,13.0,8.880398671096346
Netherlands,2017,netherlands_2017_14,2017-03-05,10,Peil,,cda,21.0,14.142857142857142
Netherlands,2017,netherlands_2017_14,2017-03-05,10,Peil,,d66,17.0,11.511627906976743
Netherlands,2017,netherlands_2017_14,2017-03-05,10,Peil,,cu,5.0,3.6179401993355484
Netherlands,2017,netherlands_2017_14,2017-03-05,10,Peil,,gl,17.0,11.511627906976743
Netherlands,2017,netherlands_2017_14,2017-03-05,10,Peil,,sgp,3.0,2.302325581395349
Netherlands,2017,netherlands_2017_14,2017-03-05,10,Peil,,pvdd,5.0,3.6179401993355484
Netherlands,2017,netherlands_2017_14,2017-03-05,10,Peil,,plus50,5.0,3.6179401993355484
Netherlands,2017,netherlands_2017_15,2017-03-03,12,Peil,,vvd,24.0,16.116279069767444
Netherlands,2017,netherlands_2017_15,2017-03-03,12,Peil,,pvda,10.0,6.906976744186046
Netherlands,2017,netherlands_2017_15,2017-03-03,12,Peil,,pvv,25.0,16.774086378737543
Netherlands,2017,netherlands_2017_15,2017-03-03,12,Peil,,sp,13.0,8.880398671096346
Netherlands,2017,netherlands_2017_15,2017-03-03,12,Peil,,cda,21.0,14.142857142857142
Netherlands,2017,netherlands_2017_15,2017-03-03,12,Peil,,d66,17.0,11.511627906976743
Netherlands,2017,netherlands_2017_15,2017-03-03,12,Peil,,cu,5.0,3.6179401993355484
Netherlands,2017,netherlands_2017_15,2017-03-03,12,Peil,,gl,17.0,11.511627906976743
Netherlands,2017,netherlands_2017_15,2017-03-03,12,Peil,,sgp,3.0,2.302325581395349
Netherlands,2017,netherlands_2017_15,2017-03-03,12,Peil,,pvdd,5.0,3.6179401993355484
Netherlands,2017,netherlands_2017_15,2017-03-03,12,Peil,,plus50,5.0,3.6179401993355484
Netherlands,2017,netherlands_2017_16,2017-03-02,13,Ipsos,,vvd,28.0,18.501639344262294
Netherlands,2017,netherlands_2017_16,2017-03-02,13,Ipsos,,pvda,12.0,8.114754098360654
Netherlands,2017,netherlands_2017_16,2017-03-02,13,Ipsos,,pvv,24.0,15.904918032786885
Netherlands,2017,netherlands_2017_16,2017-03-02,13,Ipsos,,sp,12.0,8.114754098360654
Netherlands,2017,netherlands_2017_16,2017-03-02,13,Ipsos,,cda,19.0,12.659016393442622
Netherlands,2017,netherlands_2017_16,2017-03-02,13,Ipsos,,d66,17.0,11.360655737704919
Netherlands,2017,netherlands_2017_16,2017-03-02,13,Ipsos,,cu,6.0,4.219672131147541
Netherlands,2017,netherlands_2017_16,2017-03-02,13,Ipsos,,gl,13.0,8.763934426229508
Netherlands,2017,netherlands_2017_16,2017-03-02,13,Ipsos,,sgp,5.0,3.570491803278689
Netherlands,2017,netherlands_2017_16,2017-03-02,13,Ipsos,,pvdd,5.0,3.570491803278689
Netherlands,2017,netherlands_2017_16,2017-03-02,13,Ipsos,,plus50,6.0,4.219672131147541
Netherlands,2017,netherlands_2017_17,2017-02-28,15,I&O Research,,vvd,25.0,16.663366336633665
Netherlands,2017,netherlands_2017_17,2017-02-28,15,I&O Research,,pvda,14.0,9.475247524752476
Netherlands,2017,netherlands_2017_17,2017-02-28,15,I&O Research,,pvv,22.0,14.702970297029703
Netherlands,2017,netherlands_2017_17,2017-02-28,15,I&O Research,,sp,12.0,8.168316831683168
Netherlands,2017,netherlands_2017_17,2017-02-28,15,I&O Research,,cda,15.0,10.12871287128713
Netherlands,2017,netherlands_2017_17,2017-02-28,15,I&O Research,,d66,17.0,11.435643564356436
Netherlands,2017,netherlands_2017_17,2017-02-28,15,I&O Research,,cu,8.0,5.554455445544554
Netherlands,2017,netherlands_2017_17,2017-02-28,15,I&O Research,,gl,20.0,13.396039603960396
Netherlands,2017,netherlands_2017_17,2017-02-28,15,I&O Research,,sgp,4.0,2.9405940594059405
Netherlands,2017,netherlands_2017_17,2017-02-28,15,I&O Research,,pvdd,5.0,3.594059405940594
Netherlands,2017,netherlands_2017_17,2017-02-28,15,I&O Research,,plus50,4.0,2.9405940594059405
Netherlands,2017,netherlands_2017_18,2017-02-28,15,Peil,,vvd,25.0,16.774086378737543
Netherlands,2017,netherlands_2017_18,2017-02-28,15,Peil,,pvda,12.0,8.222591362126247
Netherlands,2017,netherlands_2017_18,2017-02-28,15,Peil,,pvv,28.0,18.74750830564784
Netherlands,2017,netherlands_2017_18,2017-02-28,15,Peil,,sp,11.0,7.5647840531561465
Netherlands,2017,netherlands_2017_18,2017-02-28,15,Peil,,cda,19.0,12.827242524916942
Netherlands,2017,netherlands_2017_18,2017-02-28,15,Peil,,d66,15.0,10.196013289036545
Netherlands,2017,netherlands_2017_18,2017-02-28,15,Peil,,cu,5.0,3.6179401993355484
Netherlands,2017,netherlands_2017_18,2017-02-28,15,Peil,,gl,17.0,11.511627906976743
Netherlands,2017,netherlands_2017_18,2017-02-28,15,Peil,,sgp,3.0,2.302325581395349
Netherlands,2017,netherlands_2017_18,2017-02-28,15,Peil,,pvdd,4.0,2.9601328903654487
Netherlands,2017,netherlands_2017_18,2017-02-28,15,Peil,,plus50,6.0,4.275747508305647
Netherlands,2017,netherlands_2017_19,2017-02-27,16,TNS NIPO,,vvd,27.0,17.736156351791532
Netherlands,2017,netherlands_2017_19,2017-02-27,16,TNS NIPO,,pvda,12.0,8.061889250814332
Netherlands,2017,netherlands_2017_19,2017-02-27,16,TNS NIPO,,pvv,28.0,18.381107491856678
Netherlands,2017,netherlands_2017_19,2017-02-27,16,TNS NIPO,,sp,13.0,8.706840390879478
Netherlands,2017,netherlands_2017_19,2017-02-27,16,TNS NIPO,,cda,17.0,11.286644951140065
Netherlands,2017,netherlands_2017_19,2017-02-27,16,TNS NIPO,,d66,19.0,12.576547231270359
Netherlands,2017,netherlands_2017_19,2017-02-27,16,TNS NIPO,,cu,6.0,4.192182410423452
Netherlands,2017,netherlands_2017_19,2017-02-27,16,TNS NIPO,,gl,13.0,8.706840390879478
Netherlands,2017,netherlands_2017_19,2017-02-27,16,TNS NIPO,,sgp,3.0,2.257328990228013
Netherlands,2017,netherlands_2017_19,2017-02-27,16,TNS NIPO,,pvdd,4.0,2.9022801302931596
Netherlands,2017,netherlands_2017_19,2017-02-27,16,TNS NIPO,,plus50,6.0,4.192182410423452
Netherlands,2017,netherlands_2017_20,2017-02-27,16,De Stemming,,vvd,22.0,14.702970297029703
Netherlands,2017,netherlands_2017_20,2017-02-27,16,De Stemming,,pvda,12.0,8.168316831683168
Netherlands,2017,netherlands_2017_20,2017-02-27,16,De Stemming,,pvv,22.0,14.702970297029703
Netherlands,2017,netherlands_2017_20,2017-02-27,16,De Stemming,,sp,16.0,10.782178217821782
Netherlands,2017,netherlands_2017_20,2017-02-27,16,De Stemming,,cda,19.0,12.742574257425742
Netherlands,2017,netherlands_2017_20,2017-02-27,16,De Stemming,,d66,17.0,11.435643564356436
Netherlands,2017,netherlands_2017_20,2017-02-27,16,De Stemming,,cu,7.0,4.900990099009901
Netherlands,2017,netherlands_2017_20,2017-02-27,16,De Stemming,,gl,15.0,10.12871287128713
Netherlands,2017,netherlands_2017_20,2017-02-27,16,De Stemming,,sgp,4.0,2.9405940594059405
Netherlands,2017,netherlands_2017_20,2017-02-27,16,De Stemming,,pvdd,7.0,4.900990099009901
Netherlands,2017,netherlands_2017_20,2017-02-27,16,De Stemming,,plus50,5.0,3.594059405940594
Netherlands,2017,netherlands_2017_21,2017-02-26,17,Peil,,vvd,25.0,16.774086378737543
Netherlands,2017,netherlands_2017_21,2017-02-26,17,Peil,,pvda,12.0,8.222591362126247
Netherlands,2017,netherlands_2017_21,2017-02-26,17,Peil,,pvv,29.0,19.40531561461794
Netherlands,2017,netherlands_2017_21,2017-02-26,17,Peil,,sp,11.0,7.5647840531561465
Netherlands,2017,netherlands_2017_21,2017-02-26,17,Peil,,cda,18.0,12.169435215946844
Netherlands,2017,netherlands_2017_21,2017-02-26,17,Peil,,d66,14.0,9.538205980066445
Netherlands,2017,netherlands_2017_21,2017-02-26,17,Peil,,cu,5.0,3.6179401993355484
Netherlands,2017,netherlands_2017_21,2017-02-26,17,Peil,,gl,18.0,12.169435215946844
Netherlands,2017,netherlands_2017_21,2017-02-26,17,Peil,,sgp,3.0,2.302325581395349
Netherlands,2017,netherlands_2017_21,2017-02-26,17,Peil,,pvdd,4.0,2.9601328903654487
Netherlands,2017,netherlands_2017_21,2017-02-26,17,Peil,,plus50,6.0,4.275747508305647
Netherlands,2017,netherlands_2017_22,2017-02-23,20,Ipsos,,vvd,28.0,18.381107491856678
Netherlands,2017,netherlands_2017_22,2017-02-23,20,Ipsos,,pvda,13.0,8.706840390879478
Netherlands,2017,netherlands_2017_22,2017-02-23,20,Ipsos,,pvv,26.0,17.091205211726383
Netherlands,2017,netherlands_2017_22,2017-02-23,20,Ipsos,,sp,11.0,7.416938110749186
Netherlands,2017,netherlands_2017_22,2017-02-23,20,Ipsos,,cda,16.0,10.64169381107492
Netherlands,2017,netherlands_2017_22,2017-02-23,20,Ipsos,,d66,16.0,10.64169381107492
Netherlands,2017,netherlands_2017_22,2017-02-23,20,Ipsos,,cu,7.0,4.837133550488599
Netherlands,2017,netherlands_2017_22,2017-02-23,20,Ipsos,,gl,13.0,8.706840390879478
Netherlands,2017,netherlands_2017_22,2017-02-23,20,Ipsos,,sgp,5.0,3.5472312703583064
Netherlands,2017,netherlands_2017_22,2017-02-23,20,Ipsos,,pvdd,4.0,2.9022801302931596
Netherlands,2017,netherlands_2017_22,2017-02-23,20,Ipsos,,plus50,9.0,6.127035830618892
Netherlands,2017,netherlands_2017_23,2017-02-20,23,TNS NIPO,,vvd,25.0,16.33980582524272
Netherlands,2017,netherlands_2017_23,2017-02-20,23,TNS NIPO,,pvda,11.0,7.368932038834952
Netherlands,2017,netherlands_2017_23,2017-02-20,23,TNS NIPO,,pvv,28.0,18.262135922330096
Netherlands,2017,netherlands_2017_23,2017-02-20,23,TNS NIPO,,sp,11.0,7.368932038834952
Netherlands,2017,netherlands_2017_23,2017-02-20,23,TNS NIPO,,cda,18.0,11.854368932038835
Netherlands,2017,netherlands_2017_23,2017-02-20,23,TNS NIPO,,d66,19.0,12.495145631067961
Netherlands,2017,netherlands_2017_23,2017-02-20,23,TNS NIPO,,cu,6.0,4.165048543689321
Netherlands,2017,netherlands_2017_23,2017-02-20,23,TNS NIPO,,gl,16.0,10.572815533980583
Netherlands,2017,netherlands_2017_23,2017-02-20,23,TNS NIPO,,sgp,3.0,2.242718446601942
Netherlands,2017,netherlands_2017_23,2017-02-20,23,TNS NIPO,,pvdd,3.0,2.242718446601942
Netherlands,2017,netherlands_2017_23,2017-02-20,23,TNS NIPO,,plus50,9.0,6.0873786407766985
Netherlands,2017,netherlands_2017_24,2017-02-19,24,Peil,,vvd,25.0,16.55409836065574
Netherlands,2017,netherlands_2017_24,2017-02-19,24,Peil,,pvda,11.0,7.465573770491804
Netherlands,2017,netherlands_2017_24,2017-02-19,24,Peil,,pvv,29.0,19.15081967213115
Netherlands,2017,netherlands_2017_24,2017-02-19,24,Peil,,sp,11.0,7.465573770491804
Netherlands,2017,netherlands_2017_24,2017-02-19,24,Peil,,cda,17.0,11.360655737704919
Netherlands,2017,netherlands_2017_24,2017-02-19,24,Peil,,d66,14.0,9.41311475409836
Netherlands,2017,netherlands_2017_24,2017-02-19,24,Peil,,cu,5.0,3.570491803278689
Netherlands,2017,netherlands_2017_24,2017-02-19,24,Peil,,gl,18.0,12.00983606557377
Netherlands,2017,netherlands_2017_24,2017-02-19,24,Peil,,sgp,3.0,2.2721311475409833
Netherlands,2017,netherlands_2017_24,2017-02-19,24,Peil,,pvdd,4.0,2.921311475409836
Netherlands,2017,netherlands_2017_24,2017-02-19,24,Peil,,plus50,10.0,6.816393442622951
Netherlands,2017,netherlands_2017_25,2017-02-16,27,Ipsos,,vvd,26.0,17.091205211726383
Netherlands,2017,netherlands_2017_25,2017-02-16,27,Ipsos,,pvda,11.0,7.416938110749186
Netherlands,2017,netherlands_2017_25,2017-02-16,27,Ipsos,,pvv,27.0,17.736156351791532
Netherlands,2017,netherlands_2017_25,2017-02-16,27,Ipsos,,sp,10.0,6.771986970684039
Netherlands,2017,netherlands_2017_25,2017-02-16,27,Ipsos,,cda,18.0,11.931596091205211
Netherlands,2017,netherlands_2017_25,2017-02-16,27,Ipsos,,d66,17.0,11.286644951140065
Netherlands,2017,netherlands_2017_25,2017-02-16,27,Ipsos,,cu,6.0,4.192182410423452
Netherlands,2017,netherlands_2017_25,2017-02-16,27,Ipsos,,gl,14.0,9.351791530944626
Netherlands,2017,netherlands_2017_25,2017-02-16,27,Ipsos,,sgp,5.0,3.5472312703583064
Netherlands,2017,netherlands_2017_25,2017-02-16,27,Ipsos,,pvdd,5.0,3.5472312703583064
Netherlands,2017,netherlands_2017_25,2017-02-16,27,Ipsos,,plus50,9.0,6.127035830618892
Netherlands,2017,netherlands_2017_26,2017-02-15,28,I&O Research,,vvd,24.0,15.80130293159609
Netherlands,2017,netherlands_2017_26,2017-02-15,28,I&O Research,,pvda,14.0,9.351791530944626
Netherlands,2017,netherlands_2017_26,2017-02-15,28,I&O Research,,pvv,20.0,13.221498371335505
Netherlands,2017,netherlands_2017_26,2017-02-15,28,I&O Research,,sp,11.0,7.416938110749186
Netherlands,2017,netherlands_2017_26,2017-02-15,28,I&O Research,,cda,16.0,10.64169381107492
Netherlands,2017,netherlands_2017_26,2017-02-15,28,I&O Research,,d66,20.0,13.221498371335505
Netherlands,2017,netherlands_2017_26,2017-02-15,28,I&O Research,,cu,8.0,5.482084690553745
Netherlands,2017,netherlands_2017_26,2017-02-15,28,I&O Research,,gl,19.0,12.576547231270359
Netherlands,2017,netherlands_2017_26,2017-02-15,28,I&O Research,,sgp,4.0,2.9022801302931596
Netherlands,2017,netherlands_2017_26,2017-02-15,28,I&O Research,,pvdd,5.0,3.5472312703583064
Netherlands,2017,netherlands_2017_26,2017-02-15,28,I&O Research,,plus50,7.0,4.837133550488599
Netherlands,2017,netherlands_2017_27,2017-02-14,29,De Stemming,,vvd,23.0,15.058252427184465
Netherlands,2017,netherlands_2017_27,2017-02-14,29,De Stemming,,pvda,12.0,8.009708737864077
Netherlands,2017,netherlands_2017_27,2017-02-14,29,De Stemming,,pvv,26.0,16.980582524271842
Netherlands,2017,netherlands_2017_27,2017-02-14,29,De Stemming,,sp,13.0,8.650485436893204
Netherlands,2017,netherlands_2017_27,2017-02-14,29,De Stemming,,cda,18.0,11.854368932038835
Netherlands,2017,netherlands_2017_27,2017-02-14,29,De Stemming,,d66,16.0,10.572815533980583
Netherlands,2017,netherlands_2017_27,2017-02-14,29,De Stemming,,cu,6.0,4.165048543689321
Netherlands,2017,netherlands_2017_27,2017-02-14,29,De Stemming,,gl,15.0,9.932038834951456
Netherlands,2017,netherlands_2017_27,2017-02-14,29,De Stemming,,sgp,4.0,2.883495145631068
Netherlands,2017,netherlands_2017_27,2017-02-14,29,De Stemming,,pvdd,6.0,4.165048543689321
Netherlands,2017,netherlands_2017_27,2017-02-14,29,De Stemming,,plus50,10.0,6.728155339805825
Netherlands,2017,netherlands_2017_28,2017-02-14,29,TNS NIPO,,vvd,24.0,15.80130293159609
Netherlands,2017,netherlands_2017_28,2017-02-14,29,TNS NIPO,,pvda,11.0,7.416938110749186
Netherlands,2017,netherlands_2017_28,2017-02-14,29,TNS NIPO,,pvv,27.0,17.736156351791532
Netherlands,2017,netherlands_2017_28,2017-02-14,29,TNS NIPO,,sp,11.0,7.416938110749186
Netherlands,2017,netherlands_2017_28,2017-02-14,29,TNS NIPO,,cda,18.0,11.931596091205211
Netherlands,2017,netherlands_2017_28,2017-02-14,29,TNS NIPO,,d66,18.0,11.931596091205211
Netherlands,2017,netherlands_2017_28,2017-02-14,29,TNS NIPO,,cu,6.0,4.192182410423452
Netherlands,2017,netherlands_2017_28,2017-02-14,29,TNS NIPO,,gl,16.0,10.64169381107492
Netherlands,2017,netherlands_2017_28,2017-02-14,29,TNS NIPO,,sgp,3.0,2.257328990228013
Netherlands,2017,netherlands_2017_28,2017-02-14,29,TNS NIPO,,pvdd,5.0,3.5472312703583064
Netherlands,2017,netherlands_2017_28,2017-02-14,29,TNS NIPO,,plus50,9.0,6.127035830618892
Netherlands,2017,netherlands_2017_29,2017-02-12,31,Peil,,vvd,24.0,15.904918032786885
Netherlands,2017,netherlands_2017_29,2017-02-12,31,Peil,,pvda,11.0,7.465573770491804
Netherlands,2017,netherlands_2017_29,2017-02-12,31,Peil,,pvv,30.0,19.8
Netherlands,2017,netherlands_2017_29,2017-02-12,31,Peil,,sp,12.0,8.114754098360654
Netherlands,2017,netherlands_2017_29,2017-02-12,31,Peil,,cda,17.0,11.360655737704919
Netherlands,2017,netherlands_2017_29,2017-02-12,31,Peil,,d66,14.0,9.41311475409836
Netherlands,2017,netherlands_2017_29,2017-02-12,31,Peil,,cu,5.0,3.570491803278689
Netherlands,2017,netherlands_2017_29,2017-02-12,31,Peil,,gl,17.0,11.360655737704919
Netherlands,2017,netherlands_2017_29,2017-02-12,31,Peil,,sgp,3.0,2.2721311475409833
Netherlands,2017,netherlands_2017_29,2017-02-12,31,Peil,,pvdd,4.0,2.921311475409836
Netherlands,2017,netherlands_2017_29,2017-02-12,31,Peil,,plus50,10.0,6.816393442622951
Netherlands,2017,netherlands_2017_30,2017-02-05,38,Peil,,vvd,23.0,15.255737704918033
Netherlands,2017,netherlands_2017_30,2017-02-05,38,Peil,,pvda,11.0,7.465573770491804
Netherlands,2017,netherlands_2017_30,2017-02-05,38,Peil,,pvv,32.0,21.098360655737704
Netherlands,2017,netherlands_2017_30,2017-02-05,38,Peil,,sp,12.0,8.114754098360654
Netherlands,2017,netherlands_2017_30,2017-02-05,38,Peil,,cda,16.0,10.711475409836066
Netherlands,2017,netherlands_2017_30,2017-02-05,38,Peil,,d66,14.0,9.41311475409836
Netherlands,2017,netherlands_2017_30,2017-02-05,38,Peil,,cu,5.0,3.570491803278689
Netherlands,2017,netherlands_2017_30,2017-02-05,38,Peil,,gl,17.0,11.360655737704919
Netherlands,2017,netherlands_2017_30,2017-02-05,38,Peil,,sgp,3.0,2.2721311475409833
Netherlands,2017,netherlands_2017_30,2017-02-05,38,Peil,,pvdd,4.0,2.921311475409836
Netherlands,2017,netherlands_2017_30,2017-02-05,38,Peil,,plus50,10.0,6.816393442622951
Netherlands,2017,netherlands_2017_31,2017-02-02,41,Ipsos,,vvd,24.0,15.699029126213592
Netherlands,2017,netherlands_2017_31,2017-02-02,41,Ipsos,,pvda,11.0,7.368932038834952
Netherlands,2017,netherlands_2017_31,2017-02-02,41,Ipsos,,pvv,28.0,18.262135922330096
Netherlands,2017,netherlands_2017_31,2017-02-02,41,Ipsos,,sp,12.0,8.009708737864077
Netherlands,2017,netherlands_2017_31,2017-02-02,41,Ipsos,,cda,19.0,12.495145631067961
Netherlands,2017,netherlands_2017_31,2017-02-02,41,Ipsos,,d66,17.0,11.21359223300971
Netherlands,2017,netherlands_2017_31,2017-02-02,41,Ipsos,,cu,5.0,3.5242718446601944
Netherlands,2017,netherlands_2017_31,2017-02-02,41,Ipsos,,gl,14.0,9.291262135922329
Netherlands,2017,netherlands_2017_31,2017-02-02,41,Ipsos,,sgp,4.0,2.883495145631068
Netherlands,2017,netherlands_2017_31,2017-02-02,41,Ipsos,,pvdd,5.0,3.5242718446601944
Netherlands,2017,netherlands_2017_31,2017-02-02,41,Ipsos,,plus50,10.0,6.728155339805825
Netherlands,2017,netherlands_2017_32,2017-02-01,42,TNS NIPO,,vvd,22.0,14.417475728155338
Netherlands,2017,netherlands_2017_32,2017-02-01,42,TNS NIPO,,pvda,10.0,6.728155339805825
Netherlands,2017,netherlands_2017_32,2017-02-01,42,TNS NIPO,,pvv,35.0,22.747572815533978
Netherlands,2017,netherlands_2017_32,2017-02-01,42,TNS NIPO,,sp,14.0,9.291262135922329
Netherlands,2017,netherlands_2017_32,2017-02-01,42,TNS NIPO,,cda,16.0,10.572815533980583
Netherlands,2017,netherlands_2017_32,2017-02-01,42,TNS NIPO,,d66,15.0,9.932038834951456
Netherlands,2017,netherlands_2017_32,2017-02-01,42,TNS NIPO,,cu,6.0,4.165048543689321
Netherlands,2017,netherlands_2017_32,2017-02-01,42,TNS NIPO,,gl,15.0,9.932038834951456
Netherlands,2017,netherlands_2017_32,2017-02-01,42,TNS NIPO,,sgp,3.0,2.242718446601942
Netherlands,2017,netherlands_2017_32,2017-02-01,42,TNS NIPO,,pvdd,3.0,2.242718446601942
Netherlands,2017,netherlands_2017_32,2017-02-01,42,TNS NIPO,,plus50,10.0,6.728155339805825
Netherlands,2017,netherlands_2017_33,2017-01-31,43,I&O Research,,vvd,25.0,16.446254071661237
Netherlands,2017,netherlands_2017_33,2017-01-31,43,I&O Research,,pvda,12.0,8.061889250814332
Netherlands,2017,netherlands_2017_33,2017-01-31,43,I&O Research,,pvv,26.0,17.091205211726383
Netherlands,2017,netherlands_2017_33,2017-01-31,43,I&O Research,,sp,13.0,8.706840390879478
Netherlands,2017,netherlands_2017_33,2017-01-31,43,I&O Research,,cda,14.0,9.351791530944626
Netherlands,2017,netherlands_2017_33,2017-01-31,43,I&O Research,,d66,15.0,9.996742671009772
Netherlands,2017,netherlands_2017_33,2017-01-31,43,I&O Research,,cu,7.0,4.837133550488599
Netherlands,2017,netherlands_2017_33,2017-01-31,43,I&O Research,,gl,18.0,11.931596091205211
Netherlands,2017,netherlands_2017_33,2017-01-31,43,I&O Research,,sgp,4.0,2.9022801302931596
Netherlands,2017,netherlands_2017_33,2017-01-31,43,I&O Research,,pvdd,5.0,3.5472312703583064
Netherlands,2017,netherlands_2017_33,2017-01-31,43,I&O Research,,plus50,9.0,6.127035830618892
Netherlands,2017,netherlands_2017_34,2017-01-30,44,De Stemming,,vvd,24.0,15.699029126213592
Netherlands,2017,netherlands_2017_34,2017-01-30,44,De Stemming,,pvda,12.0,8.009708737864077
Netherlands,2017,netherlands_2017_34,2017-01-30,44,De Stemming,,pvv,31.0,20.184466019417474
Netherlands,2017,netherlands_2017_34,2017-01-30,44,De Stemming,,sp,15.0,9.932038834951456
Netherlands,2017,netherlands_2017_34,2017-01-30,44,De Stemming,,cda,17.0,11.21359223300971
Netherlands,2017,netherlands_2017_34,2017-01-30,44,De Stemming,,d66,16.0,10.572815533980583
Netherlands,2017,netherlands_2017_34,2017-01-30,44,De Stemming,,cu,6.0,4.165048543689321
Netherlands,2017,netherlands_2017_34,2017-01-30,44,De Stemming,,gl,14.0,9.291262135922329
Netherlands,2017,netherlands_2017_34,2017-01-30,44,De Stemming,,sgp,3.0,2.242718446601942
Netherlands,2017,netherlands_2017_34,2017-01-30,44,De Stemming,,pvdd,3.0,2.242718446601942
Netherlands,2017,netherlands_2017_34,2017-01-30,44,De Stemming,,plus50,8.0,5.446601941747573
Netherlands,2017,netherlands_2017_35,2017-01-29,45,Peil,,vvd,24.0,16.00990099009901
Netherlands,2017,netherlands_2017_35,2017-01-29,45,Peil,,pvda,10.0,6.861386138613862
Netherlands,2017,netherlands_2017_35,2017-01-29,45,Peil,,pvv,33.0,21.891089108910894
Netherlands,2017,netherlands_2017_35,2017-01-29,45,Peil,,sp,11.0,7.514851485148515
Netherlands,2017,netherlands_2017_35,2017-01-29,45,Peil,,cda,16.0,10.782178217821782
Netherlands,2017,netherlands_2017_35,2017-01-29,45,Peil,,d66,14.0,9.475247524752476
Netherlands,2017,netherlands_2017_35,2017-01-29,45,Peil,,cu,5.0,3.594059405940594
Netherlands,2017,netherlands_2017_35,2017-01-29,45,Peil,,gl,16.0,10.782178217821782
Netherlands,2017,netherlands_2017_35,2017-01-29,45,Peil,,sgp,3.0,2.287128712871287
Netherlands,2017,netherlands_2017_35,2017-01-29,45,Peil,,pvdd,4.0,2.9405940594059405
Netherlands,2017,netherlands_2017_35,2017-01-29,45,Peil,,plus50,10.0,6.861386138613862
Netherlands,2017,netherlands_2017_36,2017-01-22,52,Peil,,vvd,24.0,16.00990099009901
Netherlands,2017,netherlands_2017_36,2017-01-22,52,Peil,,pvda,10.0,6.861386138613862
Netherlands,2017,netherlands_2017_36,2017-01-22,52,Peil,,pvv,33.0,21.891089108910894
Netherlands,2017,netherlands_2017_36,2017-01-22,52,Peil,,sp,11.0,7.514851485148515
Netherlands,2017,netherlands_2017_36,2017-01-22,52,Peil,,cda,16.0,10.782178217821782
Netherlands,2017,netherlands_2017_36,2017-01-22,52,Peil,,d66,14.0,9.475247524752476
Netherlands,2017,netherlands_2017_36,2017-01-22,52,Peil,,cu,5.0,3.594059405940594
Netherlands,2017,netherlands_2017_36,2017-01-22,52,Peil,,gl,16.0,10.782178217821782
Netherlands,2017,netherlands_2017_36,2017-01-22,52,Peil,,sgp,3.0,2.287128712871287
Netherlands,2017,netherlands_2017_36,2017-01-22,52,Peil,,pvdd,4.0,2.9405940594059405
Netherlands,2017,netherlands_2017_36,2017-01-22,52,Peil,,plus50,10.0,6.861386138613862
Netherlands,2017,netherlands_2017_37,2017-01-19,55,Ipsos,,vvd,27.0,17.62135922330097
Netherlands,2017,netherlands_2017_37,2017-01-19,55,Ipsos,,pvda,11.0,7.368932038834952
Netherlands,2017,netherlands_2017_37,2017-01-19,55,Ipsos,,pvv,27.0,17.62135922330097
Netherlands,2017,netherlands_2017_37,2017-01-19,55,Ipsos,,sp,11.0,7.368932038834952
Netherlands,2017,netherlands_2017_37,2017-01-19,55,Ipsos,,cda,18.0,11.854368932038835
Netherlands,2017,netherlands_2017_37,2017-01-19,55,Ipsos,,d66,18.0,11.854368932038835
Netherlands,2017,netherlands_2017_37,2017-01-19,55,Ipsos,,cu,6.0,4.165048543689321
Netherlands,2017,netherlands_2017_37,2017-01-19,55,Ipsos,,gl,12.0,8.009708737864077
Netherlands,2017,netherlands_2017_37,2017-01-19,55,Ipsos,,sgp,5.0,3.5242718446601944
Netherlands,2017,netherlands_2017_37,2017-01-19,55,Ipsos,,pvdd,4.0,2.883495145631068
Netherlands,2017,netherlands_2017_37,2017-01-19,55,Ipsos,,plus50,10.0,6.728155339805825
Netherlands,2017,netherlands_2017_38,2017-01-17,57,TNS NIPO,,vvd,29.0,18.781350482315112
Netherlands,2017,netherlands_2017_38,2017-01-17,57,TNS NIPO,,pvda,12.0,7.958199356913183
Netherlands,2017,netherlands_2017_38,2017-01-17,57,TNS NIPO,,pvv,30.0,19.418006430868168
Netherlands,2017,netherlands_2017_38,2017-01-17,57,TNS NIPO,,sp,13.0,8.594855305466238
Netherlands,2017,netherlands_2017_38,2017-01-17,57,TNS NIPO,,cda,16.0,10.504823151125402
Netherlands,2017,netherlands_2017_38,2017-01-17,57,TNS NIPO,,d66,15.0,9.868167202572348
Netherlands,2017,netherlands_2017_38,2017-01-17,57,TNS NIPO,,cu,6.0,4.138263665594855
Netherlands,2017,netherlands_2017_38,2017-01-17,57,TNS NIPO,,gl,14.0,9.231511254019292
Netherlands,2017,netherlands_2017_38,2017-01-17,57,TNS NIPO,,sgp,3.0,2.2282958199356915
Netherlands,2017,netherlands_2017_38,2017-01-17,57,TNS NIPO,,pvdd,3.0,2.2282958199356915
Netherlands,2017,netherlands_2017_38,2017-01-17,57,TNS NIPO,,plus50,9.0,6.048231511254019
Netherlands,2017,netherlands_2017_39,2017-01-16,58,De Stemming,,vvd,23.0,15.058252427184465
Netherlands,2017,netherlands_2017_39,2017-01-16,58,De Stemming,,pvda,11.0,7.368932038834952
Netherlands,2017,netherlands_2017_39,2017-01-16,58,De Stemming,,pvv,29.0,18.902912621359224
Netherlands,2017,netherlands_2017_39,2017-01-16,58,De Stemming,,sp,15.0,9.932038834951456
Netherlands,2017,netherlands_2017_39,2017-01-16,58,De Stemming,,cda,18.0,11.854368932038835
Netherlands,2017,netherlands_2017_39,2017-01-16,58,De Stemming,,d66,15.0,9.932038834951456
Netherlands,2017,netherlands_2017_39,2017-01-16,58,De Stemming,,cu,7.0,4.805825242718447
Netherlands,2017,netherlands_2017_39,2017-01-16,58,De Stemming,,gl,13.0,8.650485436893204
Netherlands,2017,netherlands_2017_39,2017-01-16,58,De Stemming,,sgp,4.0,2.883495145631068
Netherlands,2017,netherlands_2017_39,2017-01-16,58,De Stemming,,pvdd,5.0,3.5242718446601944
Netherlands,2017,netherlands_2017_39,2017-01-16,58,De Stemming,,plus50,9.0,6.0873786407766985
Netherlands,2017,netherlands_2017_40,2017-01-16,58,I&O Research,,vvd,26.0,17.20327868852459
Netherlands,2017,netherlands_2017_40,2017-01-16,58,I&O Research,,pvda,17.0,11.360655737704919
Netherlands,2017,netherlands_2017_40,2017-01-16,58,I&O Research,,pvv,26.0,17.20327868852459
Netherlands,2017,netherlands_2017_40,2017-01-16,58,I&O Research,,sp,10.0,6.816393442622951
Netherlands,2017,netherlands_2017_40,2017-01-16,58,I&O Research,,cda,15.0,10.062295081967212
Netherlands,2017,netherlands_2017_40,2017-01-16,58,I&O Research,,d66,13.0,8.763934426229508
Netherlands,2017,netherlands_2017_40,2017-01-16,58,I&O Research,,cu,5.0,3.570491803278689
Netherlands,2017,netherlands_2017_40,2017-01-16,58,I&O Research,,gl,19.0,12.659016393442622
Netherlands,2017,netherlands_2017_40,2017-01-16,58,I&O Research,,sgp,4.0,2.921311475409836
Netherlands,2017,netherlands_2017_40,2017-01-16,58,I&O Research,,pvdd,5.0,3.570491803278689
Netherlands,2017,netherlands_2017_40,2017-01-16,58,I&O Research,,plus50,7.0,4.868852459016393
Netherlands,2017,netherlands_2017_41,2017-01-15,59,Peil,,vvd,23.0,15.356435643564355
Netherlands,2017,netherlands_2017_41,2017-01-15,59,Peil,,pvda,10.0,6.861386138613862
Netherlands,2017,netherlands_2017_41,2017-01-15,59,Peil,,pvv,34.0,22.544554455445546
Netherlands,2017,netherlands_2017_41,2017-01-15,59,Peil,,sp,11.0,7.514851485148515
Netherlands,2017,netherlands_2017_41,2017-01-15,59,Peil,,cda,16.0,10.782178217821782
Netherlands,2017,netherlands_2017_41,2017-01-15,59,Peil,,d66,14.0,9.475247524752476
Netherlands,2017,netherlands_2017_41,2017-01-15,59,Peil,,cu,5.0,3.594059405940594
Netherlands,2017,netherlands_2017_41,2017-01-15,59,Peil,,gl,16.0,10.782178217821782
Netherlands,2017,netherlands_2017_41,2017-01-15,59,Peil,,sgp,3.0,2.287128712871287
Netherlands,2017,netherlands_2017_41,2017-01-15,59,Peil,,pvdd,4.0,2.9405940594059405
Netherlands,2017,netherlands_2017_41,2017-01-15,59,Peil,,plus50,10.0,6.861386138613862
Netherlands,2017,netherlands_2017_42,2017-01-08,66,Peil,,vvd,23.0,15.356435643564355
Netherlands,2017,netherlands_2017_42,2017-01-08,66,Peil,,pvda,10.0,6.861386138613862
Netherlands,2017,netherlands_2017_42,2017-01-08,66,Peil,,pvv,35.0,23.198019801980198
Netherlands,2017,netherlands_2017_42,2017-01-08,66,Peil,,sp,11.0,7.514851485148515
Netherlands,2017,netherlands_2017_42,2017-01-08,66,Peil,,cda,15.0,10.12871287128713
Netherlands,2017,netherlands_2017_42,2017-01-08,66,Peil,,d66,14.0,9.475247524752476
Netherlands,2017,netherlands_2017_42,2017-01-08,66,Peil,,cu,5.0,3.594059405940594
Netherlands,2017,netherlands_2017_42,2017-01-08,66,Peil,,gl,14.0,9.475247524752476
Netherlands,2017,netherlands_2017_42,2017-01-08,66,Peil,,sgp,3.0,2.287128712871287
Netherlands,2017,netherlands_2017_42,2017-01-08,66,Peil,,pvdd,5.0,3.594059405940594
Netherlands,2017,netherlands_2017_42,2017-01-08,66,Peil,,plus50,11.0,7.514851485148515
Netherlands,2017,netherlands_2017_43,2016-12-22,83,Ipsos,,vvd,28.0,18.262135922330096
Netherlands,2017,netherlands_2017_43,2016-12-22,83,Ipsos,,pvda,10.0,6.728155339805825
Netherlands,2017,netherlands_2017_43,2016-12-22,83,Ipsos,,pvv,29.0,18.902912621359224
Netherlands,2017,netherlands_2017_43,2016-12-22,83,Ipsos,,sp,10.0,6.728155339805825
Netherlands,2017,netherlands_2017_43,2016-12-22,83,Ipsos,,cda,18.0,11.854368932038835
Netherlands,2017,netherlands_2017_43,2016-12-22,83,Ipsos,,d66,18.0,11.854368932038835
Netherlands,2017,netherlands_2017_43,2016-12-22,83,Ipsos,,cu,5.0,3.5242718446601944
Netherlands,2017,netherlands_2017_43,2016-12-22,83,Ipsos,,gl,13.0,8.650485436893204
Netherlands,2017,netherlands_2017_43,2016-12-22,83,Ipsos,,sgp,4.0,2.883495145631068
Netherlands,2017,netherlands_2017_43,2016-12-22,83,Ipsos,,pvdd,5.0,3.5242718446601944
Netherlands,2017,netherlands_2017_43,2016-12-22,83,Ipsos,,plus50,9.0,6.0873786407766985
Netherlands,2017,netherlands_2017_44,2016-12-20,85,I&O Research,,vvd,23.0,15.058252427184465
Netherlands,2017,netherlands_2017_44,2016-12-20,85,I&O Research,,pvda,16.0,10.572815533980583
Netherlands,2017,netherlands_2017_44,2016-12-20,85,I&O Research,,pvv,33.0,21.466019417475728
Netherlands,2017,netherlands_2017_44,2016-12-20,85,I&O Research,,sp,11.0,7.368932038834952
Netherlands,2017,netherlands_2017_44,2016-12-20,85,I&O Research,,cda,12.0,8.009708737864077
Netherlands,2017,netherlands_2017_44,2016-12-20,85,I&O Research,,d66,15.0,9.932038834951456
Netherlands,2017,netherlands_2017_44,2016-12-20,85,I&O Research,,cu,5.0,3.5242718446601944
Netherlands,2017,netherlands_2017_44,2016-12-20,85,I&O Research,,gl,18.0,11.854368932038835
Netherlands,2017,netherlands_2017_44,2016-12-20,85,I&O Research,,sgp,4.0,2.883495145631068
Netherlands,2017,netherlands_2017_44,2016-12-20,85,I&O Research,,pvdd,4.0,2.883495145631068
Netherlands,2017,netherlands_2017_44,2016-12-20,85,I&O Research,,plus50,8.0,5.446601941747573
Netherlands,2017,netherlands_2017_45,2016-12-19,86,De Stemming,,vvd,24.0,15.80130293159609
Netherlands,2017,netherlands_2017_45,2016-12-19,86,De Stemming,,pvda,12.0,8.061889250814332
Netherlands,2017,netherlands_2017_45,2016-12-19,86,De Stemming,,pvv,29.0,19.026058631921824
Netherlands,2017,netherlands_2017_45,2016-12-19,86,De Stemming,,sp,12.0,8.061889250814332
Netherlands,2017,netherlands_2017_45,2016-12-19,86,De Stemming,,cda,16.0,10.64169381107492
Netherlands,2017,netherlands_2017_45,2016-12-19,86,De Stemming,,d66,17.0,11.286644951140065
Netherlands,2017,netherlands_2017_45,2016-12-19,86,De Stemming,,cu,7.0,4.837133550488599
Netherlands,2017,netherlands_2017_45,2016-12-19,86,De Stemming,,gl,12.0,8.061889250814332
Netherlands,2017,netherlands_2017_45,2016-12-19,86,De Stemming,,sgp,4.0,2.9022801302931596
Netherlands,2017,netherlands_2017_45,2016-12-19,86,De Stemming,,pvdd,6.0,4.192182410423452
Netherlands,2017,netherlands_2017_45,2016-12-19,86,De Stemming,,plus50,9.0,6.127035830618892
Netherlands,2017,netherlands_2017_46,2016-12-19,86,TNS NIPO,,vvd,23.0,14.961414790996784
Netherlands,2017,netherlands_2017_46,2016-12-19,86,TNS NIPO,,pvda,11.0,7.321543408360128
Netherlands,2017,netherlands_2017_46,2016-12-19,86,TNS NIPO,,pvv,36.0,23.237942122186496
Netherlands,2017,netherlands_2017_46,2016-12-19,86,TNS NIPO,,sp,13.0,8.594855305466238
Netherlands,2017,netherlands_2017_46,2016-12-19,86,TNS NIPO,,cda,13.0,8.594855305466238
Netherlands,2017,netherlands_2017_46,2016-12-19,86,TNS NIPO,,d66,13.0,8.594855305466238
Netherlands,2017,netherlands_2017_46,2016-12-19,86,TNS NIPO,,cu,8.0,5.411575562700965
Netherlands,2017,netherlands_2017_46,2016-12-19,86,TNS NIPO,,gl,13.0,8.594855305466238
Netherlands,2017,netherlands_2017_46,2016-12-19,86,TNS NIPO,,sgp,3.0,2.2282958199356915
Netherlands,2017,netherlands_2017_46,2016-12-19,86,TNS NIPO,,pvdd,4.0,2.864951768488746
Netherlands,2017,netherlands_2017_46,2016-12-19,86,TNS NIPO,,plus50,13.0,8.594855305466238
Netherlands,2017,netherlands_2017_47,2016-12-18,87,Peil,,vvd,23.0,15.356435643564355
Netherlands,2017,netherlands_2017_47,2016-12-18,87,Peil,,pvda,10.0,6.861386138613862
Netherlands,2017,netherlands_2017_47,2016-12-18,87,Peil,,pvv,36.0,23.85148514851485
Netherlands,2017,netherlands_2017_47,2016-12-18,87,Peil,,sp,11.0,7.514851485148515
Netherlands,2017,netherlands_2017_47,2016-12-18,87,Peil,,cda,14.0,9.475247524752476
Netherlands,2017,netherlands_2017_47,2016-12-18,87,Peil,,d66,14.0,9.475247524752476
Netherlands,2017,netherlands_2017_47,2016-12-18,87,Peil,,cu,5.0,3.594059405940594
Netherlands,2017,netherlands_2017_47,2016-12-18,87,Peil,,gl,14.0,9.475247524752476
Netherlands,2017,netherlands_2017_47,2016-12-18,87,Peil,,sgp,3.0,2.287128712871287
Netherlands,2017,netherlands_2017_47,2016-12-18,87,Peil,,pvdd,5.0,3.594059405940594
Netherlands,2017,netherlands_2017_47,2016-12-18,87,Peil,,plus50,11.0,7.514851485148515
Netherlands,2017,netherlands_2017_48,2016-12-11,94,Peil,,vvd,23.0,15.356435643564355
Netherlands,2017,netherlands_2017_48,2016-12-11,94,Peil,,pvda,10.0,6.861386138613862
Netherlands,2017,netherlands_2017_48,2016-12-11,94,Peil,,pvv,36.0,23.85148514851485
Netherlands,2017,netherlands_2017_48,2016-12-11,94,Peil,,sp,11.0,7.514851485148515
Netherlands,2017,netherlands_2017_48,2016-12-11,94,Peil,,cda,14.0,9.475247524752476
Netherlands,2017,netherlands_2017_48,2016-12-11,94,Peil,,d66,14.0,9.475247524752476
Netherlands,2017,netherlands_2017_48,2016-12-11,94,Peil,,cu,5.0,3.594059405940594
Netherlands,2017,netherlands_2017_48,2016-12-11,94,Peil,,gl,14.0,9.475247524752476
Netherlands,2017,netherlands_2017_48,2016-12-11,94,Peil,,sgp,3.0,2.287128712871287
Netherlands,2017,netherlands_2017_48,2016-12-11,94,Peil,,pvdd,5.0,3.594059405940594
Netherlands,2017,netherlands_2017_48,2016-12-11,94,Peil,,plus50,11.0,7.514851485148515
Netherlands,2017,netherlands_2017_49,2016-12-08,97,Ipsos,,vvd,27.0,17.736156351791532
Netherlands,2017,netherlands_2017_49,2016-12-08,97,Ipsos,,pvda,11.0,7.416938110749186
Netherlands,2017,netherlands_2017_49,2016-12-08,97,Ipsos,,pvv,29.0,19.026058631921824
Netherlands,2017,netherlands_2017_49,2016-12-08,97,Ipsos,,sp,12.0,8.061889250814332
Netherlands,2017,netherlands_2017_49,2016-12-08,97,Ipsos,,cda,18.0,11.931596091205211
Netherlands,2017,netherlands_2017_49,2016-12-08,97,Ipsos,,d66,17.0,11.286644951140065
Netherlands,2017,netherlands_2017_49,2016-12-08,97,Ipsos,,cu,6.0,4.192182410423452
Netherlands,2017,netherlands_2017_49,2016-12-08,97,Ipsos,,gl,11.0,7.416938110749186
Netherlands,2017,netherlands_2017_49,2016-12-08,97,Ipsos,,sgp,4.0,2.9022801302931596
Netherlands,2017,netherlands_2017_49,2016-12-08,97,Ipsos,,pvdd,5.0,3.5472312703583064
Netherlands,2017,netherlands_2017_49,2016-12-08,97,Ipsos,,plus50,8.0,5.482084690553745
Netherlands,2017,netherlands_2017_50,2016-12-05,100,TNS NIPO,,vvd,25.0,16.234726688102892
Netherlands,2017,netherlands_2017_50,2016-12-05,100,TNS NIPO,,pvda,7.0,4.77491961414791
Netherlands,2017,netherlands_2017_50,2016-12-05,100,TNS NIPO,,pvv,35.0,22.60128617363344
Netherlands,2017,netherlands_2017_50,2016-12-05,100,TNS NIPO,,sp,15.0,9.868167202572348
Netherlands,2017,netherlands_2017_50,2016-12-05,100,TNS NIPO,,cda,17.0,11.141479099678456
Netherlands,2017,netherlands_2017_50,2016-12-05,100,TNS NIPO,,d66,17.0,11.141479099678456
Netherlands,2017,netherlands_2017_50,2016-12-05,100,TNS NIPO,,cu,7.0,4.77491961414791
Netherlands,2017,netherlands_2017_50,2016-12-05,100,TNS NIPO,,gl,11.0,7.321543408360128
Netherlands,2017,netherlands_2017_50,2016-12-05,100,TNS NIPO,,sgp,4.0,2.864951768488746
Netherlands,2017,netherlands_2017_50,2016-12-05,100,TNS NIPO,,pvdd,2.0,1.5916398713826365
Netherlands,2017,netherlands_2017_50,2016-12-05,100,TNS NIPO,,plus50,10.0,6.684887459807075
Netherlands,2017,netherlands_2017_51,2016-12-04,101,Peil,,vvd,24.0,16.00990099009901
Netherlands,2017,netherlands_2017_51,2016-12-04,101,Peil,,pvda,9.0,6.207920792079207
Netherlands,2017,netherlands_2017_51,2016-12-04,101,Peil,,pvv,34.0,22.544554455445546
Netherlands,2017,netherlands_2017_51,2016-12-04,101,Peil,,sp,11.0,7.514851485148515
Netherlands,2017,netherlands_2017_51,2016-12-04,101,Peil,,cda,15.0,10.12871287128713
Netherlands,2017,netherlands_2017_51,2016-12-04,101,Peil,,d66,14.0,9.475247524752476
Netherlands,2017,netherlands_2017_51,2016-12-04,101,Peil,,cu,6.0,4.247524752475248
Netherlands,2017,netherlands_2017_51,2016-12-04,101,Peil,,gl,14.0,9.475247524752476
Netherlands,2017,netherlands_2017_51,2016-12-04,101,Peil,,sgp,3.0,2.287128712871287
Netherlands,2017,netherlands_2017_51,2016-12-04,101,Peil,,pvdd,5.0,3.594059405940594
Netherlands,2017,netherlands_2017_51,2016-12-04,101,Peil,,plus50,11.0,7.514851485148515
Netherlands,2017,netherlands_2017_52,2016-11-29,106,De Stemming,,vvd,25.0,16.33980582524272
Netherlands,2017,netherlands_2017_52,2016-11-29,106,De Stemming,,pvda,13.0,8.650485436893204
Netherlands,2017,netherlands_2017_52,2016-11-29,106,De Stemming,,pvv,29.0,18.902912621359224
Netherlands,2017,netherlands_2017_52,2016-11-29,106,De Stemming,,sp,15.0,9.932038834951456
Netherlands,2017,netherlands_2017_52,2016-11-29,106,De Stemming,,cda,15.0,9.932038834951456
Netherlands,2017,netherlands_2017_52,2016-11-29,106,De Stemming,,d66,19.0,12.495145631067961
Netherlands,2017,netherlands_2017_52,2016-11-29,106,De Stemming,,cu,7.0,4.805825242718447
Netherlands,2017,netherlands_2017_52,2016-11-29,106,De Stemming,,gl,11.0,7.368932038834952
Netherlands,2017,netherlands_2017_52,2016-11-29,106,De Stemming,,sgp,3.0,2.242718446601942
Netherlands,2017,netherlands_2017_52,2016-11-29,106,De Stemming,,pvdd,3.0,2.242718446601942
Netherlands,2017,netherlands_2017_52,2016-11-29,106,De Stemming,,plus50,9.0,6.0873786407766985
Netherlands,2017,netherlands_2017_53,2016-11-27,108,Peil,,vvd,25.0,16.663366336633665
Netherlands,2017,netherlands_2017_53,2016-11-27,108,Peil,,pvda,9.0,6.207920792079207
Netherlands,2017,netherlands_2017_53,2016-11-27,108,Peil,,pvv,33.0,21.891089108910894
Netherlands,2017,netherlands_2017_53,2016-11-27,108,Peil,,sp,11.0,7.514851485148515
Netherlands,2017,netherlands_2017_53,2016-11-27,108,Peil,,cda,15.0,10.12871287128713
Netherlands,2017,netherlands_2017_53,2016-11-27,108,Peil,,d66,15.0,10.12871287128713
Netherlands,2017,netherlands_2017_53,2016-11-27,108,Peil,,cu,6.0,4.247524752475248
Netherlands,2017,netherlands_2017_53,2016-11-27,108,Peil,,gl,14.0,9.475247524752476
Netherlands,2017,netherlands_2017_53,2016-11-27,108,Peil,,sgp,3.0,2.287128712871287
Netherlands,2017,netherlands_2017_53,2016-11-27,108,Peil,,pvdd,4.0,2.9405940594059405
Netherlands,2017,netherlands_2017_53,2016-11-27,108,Peil,,plus50,11.0,7.514851485148515
Netherlands,2017,netherlands_2017_54,2016-11-24,111,Ipsos,,vvd,28.0,18.262135922330096
Netherlands,2017,netherlands_2017_54,2016-11-24,111,Ipsos,,pvda,12.0,8.009708737864077
Netherlands,2017,netherlands_2017_54,2016-11-24,111,Ipsos,,pvv,26.0,16.980582524271842
Netherlands,2017,netherlands_2017_54,2016-11-24,111,Ipsos,,sp,13.0,8.650485436893204
Netherlands,2017,netherlands_2017_54,2016-11-24,111,Ipsos,,cda,17.0,11.21359223300971
Netherlands,2017,netherlands_2017_54,2016-11-24,111,Ipsos,,d66,17.0,11.21359223300971
Netherlands,2017,netherlands_2017_54,2016-11-24,111,Ipsos,,cu,5.0,3.5242718446601944
Netherlands,2017,netherlands_2017_54,2016-11-24,111,Ipsos,,gl,12.0,8.009708737864077
Netherlands,2017,netherlands_2017_54,2016-11-24,111,Ipsos,,sgp,4.0,2.883495145631068
Netherlands,2017,netherlands_2017_54,2016-11-24,111,Ipsos,,pvdd,5.0,3.5242718446601944
Netherlands,2017,netherlands_2017_54,2016-11-24,111,Ipsos,,plus50,10.0,6.728155339805825
Netherlands,2017,netherlands_2017_55,2016-11-21,114,I&O Research,,vvd,27.0,17.62135922330097
Netherlands,2017,netherlands_2017_55,2016-11-21,114,I&O Research,,pvda,17.0,11.21359223300971
Netherlands,2017,netherlands_2017_55,2016-11-21,114,I&O Research,,pvv,30.0,19.54368932038835
Netherlands,2017,netherlands_2017_55,2016-11-21,114,I&O Research,,sp,15.0,9.932038834951456
Netherlands,2017,netherlands_2017_55,2016-11-21,114,I&O Research,,cda,12.0,8.009708737864077
Netherlands,2017,netherlands_2017_55,2016-11-21,114,I&O Research,,d66,13.0,8.650485436893204
Netherlands,2017,netherlands_2017_55,2016-11-21,114,I&O Research,,cu,6.0,4.165048543689321
Netherlands,2017,netherlands_2017_55,2016-11-21,114,I&O Research,,gl,12.0,8.009708737864077
Netherlands,2017,netherlands_2017_55,2016-11-21,114,I&O Research,,sgp,4.0,2.883495145631068
Netherlands,2017,netherlands_2017_55,2016-11-21,114,I&O Research,,pvdd,4.0,2.883495145631068
Netherlands,2017,netherlands_2017_55,2016-11-21,114,I&O Research,,plus50,9.0,6.0873786407766985
Netherlands,2017,netherlands_2017_56,2016-11-20,115,Peil,,vvd,26.0,17.20327868852459
Netherlands,2017,netherlands_2017_56,2016-11-20,115,Peil,,pvda,10.0,6.816393442622951
Netherlands,2017,netherlands_2017_56,2016-11-20,115,Peil,,pvv,30.0,19.8
Netherlands,2017,netherlands_2017_56,2016-11-20,115,Peil,,sp,12.0,8.114754098360654
Netherlands,2017,netherlands_2017_56,2016-11-20,115,Peil,,cda,15.0,10.062295081967212
Netherlands,2017,netherlands_2017_56,2016-11-20,115,Peil,,d66,15.0,10.062295081967212
Netherlands,2017,netherlands_2017_56,2016-11-20,115,Peil,,cu,6.0,4.219672131147541
Netherlands,2017,netherlands_2017_56,2016-11-20,115,Peil,,gl,15.0,10.062295081967212
Netherlands,2017,netherlands_2017_56,2016-11-20,115,Peil,,sgp,3.0,2.2721311475409833
Netherlands,2017,netherlands_2017_56,2016-11-20,115,Peil,,pvdd,4.0,2.921311475409836
Netherlands,2017,netherlands_2017_56,2016-11-20,115,Peil,,plus50,11.0,7.465573770491804
Netherlands,2021,netherlands_2021_0,2021-03-16,1,Peil.nl,,vvd,32.0,20.295358649789033
Netherlands,2021,netherlands_2021_0,2021-03-16,1,Peil.nl,,pvv,22.0,14.050632911392407
Netherlands,2021,netherlands_2021_0,2021-03-16,1,Peil.nl,,cda,17.0,10.928270042194093
Netherlands,2021,netherlands_2021_0,2021-03-16,1,Peil.nl,,d66,19.0,12.177215189873419
Netherlands,2021,netherlands_2021_0,2021-03-16,1,Peil.nl,,gl,8.0,5.308016877637131
Netherlands,2021,netherlands_2021_0,2021-03-16,1,Peil.nl,,sp,11.0,7.181434599156119
Netherlands,2021,netherlands_2021_0,2021-03-16,1,Peil.nl,,pvda,10.0,6.556962025316455
Netherlands,2021,netherlands_2021_0,2021-03-16,1,Peil.nl,,cu,6.0,4.059071729957806
Netherlands,2021,netherlands_2021_0,2021-03-16,1,Peil.nl,,pvdd,6.0,4.059071729957806
Netherlands,2021,netherlands_2021_0,2021-03-16,1,Peil.nl,,plus50,0.0,0.3333333333333333
Netherlands,2021,netherlands_2021_0,2021-03-16,1,Peil.nl,,sgp,3.0,2.1856540084388185
Netherlands,2021,netherlands_2021_0,2021-03-16,1,Peil.nl,,denk,2.0,1.5611814345991564
Netherlands,2021,netherlands_2021_0,2021-03-16,1,Peil.nl,,fvd,6.0,4.059071729957806
Netherlands,2021,netherlands_2021_0,2021-03-16,1,Peil.nl,,ja21,3.0,2.1856540084388185
Netherlands,2021,netherlands_2021_0,2021-03-16,1,Peil.nl,,volt,3.0,2.1856540084388185
Netherlands,2021,netherlands_2021_0,2021-03-16,1,Peil.nl,,bij1,1.0,0.9367088607594938
Netherlands,2021,netherlands_2021_0,2021-03-16,1,Peil.nl,,bbb,1.0,0.9367088607594938
Netherlands,2021,netherlands_2021_1,2021-03-16,1,I&O Research,,vvd,33.0,20.92429022082019
Netherlands,2021,netherlands_2021_1,2021-03-16,1,I&O Research,,pvv,19.0,12.17981072555205
Netherlands,2021,netherlands_2021_1,2021-03-16,1,I&O Research,,cda,17.0,10.930599369085172
Netherlands,2021,netherlands_2021_1,2021-03-16,1,I&O Research,,d66,19.0,12.17981072555205
Netherlands,2021,netherlands_2021_1,2021-03-16,1,I&O Research,,gl,11.0,7.182965299684543
Netherlands,2021,netherlands_2021_1,2021-03-16,1,I&O Research,,sp,10.0,6.558359621451104
Netherlands,2021,netherlands_2021_1,2021-03-16,1,I&O Research,,pvda,11.0,7.182965299684543
Netherlands,2021,netherlands_2021_1,2021-03-16,1,I&O Research,,cu,6.0,4.059936908517351
Netherlands,2021,netherlands_2021_1,2021-03-16,1,I&O Research,,pvdd,5.0,3.4353312302839116
Netherlands,2021,netherlands_2021_1,2021-03-16,1,I&O Research,,plus50,1.0,0.9369085173501578
Netherlands,2021,netherlands_2021_1,2021-03-16,1,I&O Research,,sgp,3.0,2.186119873817035
Netherlands,2021,netherlands_2021_1,2021-03-16,1,I&O Research,,denk,2.0,1.561514195583596
Netherlands,2021,netherlands_2021_1,2021-03-16,1,I&O Research,,fvd,5.0,3.4353312302839116
Netherlands,2021,netherlands_2021_1,2021-03-16,1,I&O Research,,ja21,2.0,1.561514195583596
Netherlands,2021,netherlands_2021_1,2021-03-16,1,I&O Research,,volt,4.0,2.810725552050473
Netherlands,2021,netherlands_2021_1,2021-03-16,1,I&O Research,,bij1,1.0,0.9369085173501578
Netherlands,2021,netherlands_2021_1,2021-03-16,1,I&O Research,,bbb,1.0,0.9369085173501578
Netherlands,2021,netherlands_2021_2,2021-03-16,1,Ipsos,,vvd,35.0,22.164021164021165
Netherlands,2021,netherlands_2021_2,2021-03-16,1,Ipsos,,pvv,19.0,12.174603174603174
Netherlands,2021,netherlands_2021_2,2021-03-16,1,Ipsos,,cda,17.0,10.925925925925926
Netherlands,2021,netherlands_2021_2,2021-03-16,1,Ipsos,,d66,19.0,12.174603174603174
Netherlands,2021,netherlands_2021_2,2021-03-16,1,Ipsos,,gl,11.0,7.1798941798941796
Netherlands,2021,netherlands_2021_2,2021-03-16,1,Ipsos,,sp,11.0,7.1798941798941796
Netherlands,2021,netherlands_2021_2,2021-03-16,1,Ipsos,,pvda,11.0,7.1798941798941796
Netherlands,2021,netherlands_2021_2,2021-03-16,1,Ipsos,,cu,6.0,4.058201058201058
Netherlands,2021,netherlands_2021_2,2021-03-16,1,Ipsos,,pvdd,6.0,4.058201058201058
Netherlands,2021,netherlands_2021_2,2021-03-16,1,Ipsos,,plus50,0.0,0.3333333333333333
Netherlands,2021,netherlands_2021_2,2021-03-16,1,Ipsos,,sgp,3.0,2.185185185185185
Netherlands,2021,netherlands_2021_2,2021-03-16,1,Ipsos,,denk,2.0,1.5608465608465607
Netherlands,2021,netherlands_2021_2,2021-03-16,1,Ipsos,,fvd,5.0,3.433862433862434
Netherlands,2021,netherlands_2021_2,2021-03-16,1,Ipsos,,ja21,2.0,1.5608465608465607
Netherlands,2021,netherlands_2021_2,2021-03-16,1,Ipsos,,volt,2.0,1.5608465608465607
Netherlands,2021,netherlands_2021_2,2021-03-16,1,Ipsos,,bij1,0.0,0.3333333333333333
Netherlands,2021,netherlands_2021_2,2021-03-16,1,Ipsos,,bbb,1.0,0.9365079365079365
Netherlands,2021,netherlands_2021_3,2021-03-16,1,Kantar Public,,vvd,36.0,22.942857142857143
Netherlands,2021,netherlands_2021_3,2021-03-16,1,Kantar Public,,pvv,18.0,11.628571428571428
Netherlands,2021,netherlands_2021_3,2021-03-16,1,Kantar Public,,cda,15.0,9.742857142857142
Netherlands,2021,netherlands_2021_3,2021-03-16,1,Kantar Public,,d66,17.0,11.0
Netherlands,2021,netherlands_2021_3,2021-03-16,1,Kantar Public,,gl,9.0,5.9714285714285715
Netherlands,2021,netherlands_2021_3,2021-03-16,1,Kantar Public,,sp,12.0,7.857142857142857
Netherlands,2021,netherlands_2021_3,2021-03-16,1,Kantar Public,,pvda,12.0,7.857142857142857
Netherlands,2021,netherlands_2021_3,2021-03-16,1,Kantar Public,,cu,6.0,4.085714285714285
Netherlands,2021,netherlands_2021_3,2021-03-16,1,Kantar Public,,pvdd,6.0,4.085714285714285
Netherlands,2021,netherlands_2021_3,2021-03-16,1,Kantar Public,,plus50,1.0,0.942857142857143
Netherlands,2021,netherlands_2021_3,2021-03-16,1,Kantar Public,,sgp,3.0,2.2
Netherlands,2021,netherlands_2021_3,2021-03-16,1,Kantar Public,,denk,2.0,1.5714285714285714
Netherlands,2021,netherlands_2021_3,2021-03-16,1,Kantar Public,,fvd,5.0,3.4571428571428573
Netherlands,2021,netherlands_2021_3,2021-03-16,1,Kantar Public,,ja21,2.0,1.5714285714285714
Netherlands,2021,netherlands_2021_3,2021-03-16,1,Kantar Public,,volt,3.0,2.2
Netherlands,2021,netherlands_2021_3,2021-03-16,1,Kantar Public,,bij1,1.0,0.942857142857143
Netherlands,2021,netherlands_2021_3,2021-03-16,1,Kantar Public,,bbb,1.0,0.942857142857143
Netherlands,2021,netherlands_2021_4,2021-03-15,2,I&O Research,,vvd,33.0,20.92429022082019
Netherlands,2021,netherlands_2021_4,2021-03-15,2,I&O Research,,pvv,20.0,12.804416403785488
Netherlands,2021,netherlands_2021_4,2021-03-15,2,I&O Research,,cda,16.0,10.305993690851736
Netherlands,2021,netherlands_2021_4,2021-03-15,2,I&O Research,,d66,19.0,12.17981072555205
Netherlands,2021,netherlands_2021_4,2021-03-15,2,I&O Research,,gl,11.0,7.182965299684543
Netherlands,2021,netherlands_2021_4,2021-03-15,2,I&O Research,,sp,10.0,6.558359621451104
Netherlands,2021,netherlands_2021_4,2021-03-15,2,I&O Research,,pvda,11.0,7.182965299684543
Netherlands,2021,netherlands_2021_4,2021-03-15,2,I&O Research,,cu,6.0,4.059936908517351
Netherlands,2021,netherlands_2021_4,2021-03-15,2,I&O Research,,pvdd,5.0,3.4353312302839116
Netherlands,2021,netherlands_2021_4,2021-03-15,2,I&O Research,,plus50,1.0,0.9369085173501578
Netherlands,2021,netherlands_2021_4,2021-03-15,2,I&O Research,,sgp,3.0,2.186119873817035
Netherlands,2021,netherlands_2021_4,2021-03-15,2,I&O Research,,denk,2.0,1.561514195583596
Netherlands,2021,netherlands_2021_4,2021-03-15,2,I&O Research,,fvd,5.0,3.4353312302839116
Netherlands,2021,netherlands_2021_4,2021-03-15,2,I&O Research,,ja21,2.0,1.561514195583596
Netherlands,2021,netherlands_2021_4,2021-03-15,2,I&O Research,,volt,4.0,2.810725552050473
Netherlands,2021,netherlands_2021_4,2021-03-15,2,I&O Research,,bij1,1.0,0.9369085173501578
Netherlands,2021,netherlands_2021_4,2021-03-15,2,I&O Research,,bbb,1.0,0.9369085173501578
Netherlands,2021,netherlands_2021_5,2021-03-14,3,Peil.nl,,vvd,31.0,19.7373417721519
Netherlands,2021,netherlands_2021_5,2021-03-14,3,Peil.nl,,pvv,24.0,15.351265822784809
Netherlands,2021,netherlands_2021_5,2021-03-14,3,Peil.nl,,cda,18.0,11.591772151898734
Netherlands,2021,netherlands_2021_5,2021-03-14,3,Peil.nl,,d66,17.0,10.965189873417721
Netherlands,2021,netherlands_2021_5,2021-03-14,3,Peil.nl,,gl,8.0,5.325949367088608
Netherlands,2021,netherlands_2021_5,2021-03-14,3,Peil.nl,,sp,10.0,6.579113924050632
Netherlands,2021,netherlands_2021_5,2021-03-14,3,Peil.nl,,pvda,11.0,7.205696202531645
Netherlands,2021,netherlands_2021_5,2021-03-14,3,Peil.nl,,cu,6.0,4.072784810126582
Netherlands,2021,netherlands_2021_5,2021-03-14,3,Peil.nl,,pvdd,6.0,4.072784810126582
Netherlands,2021,netherlands_2021_5,2021-03-14,3,Peil.nl,,plus50,1.0,0.939873417721519
Netherlands,2021,netherlands_2021_5,2021-03-14,3,Peil.nl,,sgp,3.0,2.1930379746835444
Netherlands,2021,netherlands_2021_5,2021-03-14,3,Peil.nl,,denk,2.0,1.5664556962025318
Netherlands,2021,netherlands_2021_5,2021-03-14,3,Peil.nl,,fvd,6.0,4.072784810126582
Netherlands,2021,netherlands_2021_5,2021-03-14,3,Peil.nl,,ja21,3.0,2.1930379746835444
Netherlands,2021,netherlands_2021_5,2021-03-14,3,Peil.nl,,volt,3.0,2.1930379746835444
Netherlands,2021,netherlands_2021_5,2021-03-14,3,Peil.nl,,bij1,1.0,0.939873417721519
Netherlands,2021,netherlands_2021_6,2021-03-09,8,Ipsos,,vvd,39.0,24.82857142857143
Netherlands,2021,netherlands_2021_6,2021-03-09,8,Ipsos,,pvv,21.0,13.514285714285712
Netherlands,2021,netherlands_2021_6,2021-03-09,8,Ipsos,,cda,17.0,11.0
Netherlands,2021,netherlands_2021_6,2021-03-09,8,Ipsos,,d66,14.0,9.114285714285716
Netherlands,2021,netherlands_2021_6,2021-03-09,8,Ipsos,,gl,12.0,7.857142857142857
Netherlands,2021,netherlands_2021_6,2021-03-09,8,Ipsos,,sp,10.0,6.6
Netherlands,2021,netherlands_2021_6,2021-03-09,8,Ipsos,,pvda,11.0,7.228571428571429
Netherlands,2021,netherlands_2021_6,2021-03-09,8,Ipsos,,cu,6.0,4.085714285714285
Netherlands,2021,netherlands_2021_6,2021-03-09,8,Ipsos,,pvdd,6.0,4.085714285714285
Netherlands,2021,netherlands_2021_6,2021-03-09,8,Ipsos,,plus50,2.0,1.5714285714285714
Netherlands,2021,netherlands_2021_6,2021-03-09,8,Ipsos,,sgp,3.0,2.2
Netherlands,2021,netherlands_2021_6,2021-03-09,8,Ipsos,,denk,2.0,1.5714285714285714
Netherlands,2021,netherlands_2021_6,2021-03-09,8,Ipsos,,fvd,4.0,2.8285714285714283
Netherlands,2021,netherlands_2021_6,2021-03-09,8,Ipsos,,ja21,2.0,1.5714285714285714
Netherlands,2021,netherlands_2021_6,2021-03-09,8,Ipsos,,volt,1.0,0.942857142857143
Netherlands,2021,netherlands_2021_7,2021-03-08,9,Kantar Public,,vvd,40.0,25.457142857142856
Netherlands,2021,netherlands_2021_7,2021-03-08,9,Kantar Public,,pvv,17.0,11.0
Netherlands,2021,netherlands_2021_7,2021-03-08,9,Kantar Public,,cda,19.0,12.257142857142858
Netherlands,2021,netherlands_2021_7,2021-03-08,9,Kantar Public,,d66,15.0,9.742857142857142
Netherlands,2021,netherlands_2021_7,2021-03-08,9,Kantar Public,,gl,11.0,7.228571428571429
Netherlands,2021,netherlands_2021_7,2021-03-08,9,Kantar Public,,sp,12.0,7.857142857142857
Netherlands,2021,netherlands_2021_7,2021-03-08,9,Kantar Public,,pvda,13.0,8.485714285714286
Netherlands,2021,netherlands_2021_7,2021-03-08,9,Kantar Public,,cu,6.0,4.085714285714285
Netherlands,2021,netherlands_2021_7,2021-03-08,9,Kantar Public,,pvdd,6.0,4.085714285714285
Netherlands,2021,netherlands_2021_7,2021-03-08,9,Kantar Public,,plus50,3.0,2.2
Netherlands,2021,netherlands_2021_7,2021-03-08,9,Kantar Public,,sgp,2.0,1.5714285714285714
Netherlands,2021,netherlands_2021_7,2021-03-08,9,Kantar Public,,denk,1.0,0.942857142857143
Netherlands,2021,netherlands_2021_7,2021-03-08,9,Kantar Public,,fvd,3.0,2.2
Netherlands,2021,netherlands_2021_7,2021-03-08,9,Kantar Public,,ja21,1.0,0.942857142857143
Netherlands,2021,netherlands_2021_7,2021-03-08,9,Kantar Public,,volt,1.0,0.942857142857143
Netherlands,2021,netherlands_2021_8,2021-03-08,9,I&O Research,,vvd,36.0,22.870253164556964
Netherlands,2021,netherlands_2021_8,2021-03-08,9,I&O Research,,pvv,19.0,12.218354430379748
Netherlands,2021,netherlands_2021_8,2021-03-08,9,I&O Research,,cda,15.0,9.712025316455696
Netherlands,2021,netherlands_2021_8,2021-03-08,9,I&O Research,,d66,16.0,10.33860759493671
Netherlands,2021,netherlands_2021_8,2021-03-08,9,I&O Research,,gl,11.0,7.205696202531645
Netherlands,2021,netherlands_2021_8,2021-03-08,9,I&O Research,,sp,10.0,6.579113924050632
Netherlands,2021,netherlands_2021_8,2021-03-08,9,I&O Research,,pvda,13.0,8.458860759493671
Netherlands,2021,netherlands_2021_8,2021-03-08,9,I&O Research,,cu,6.0,4.072784810126582
Netherlands,2021,netherlands_2021_8,2021-03-08,9,I&O Research,,pvdd,5.0,3.4462025316455693
Netherlands,2021,netherlands_2021_8,2021-03-08,9,I&O Research,,plus50,2.0,1.5664556962025318
Netherlands,2021,netherlands_2021_8,2021-03-08,9,I&O Research,,sgp,4.0,2.819620253164557
Netherlands,2021,netherlands_2021_8,2021-03-08,9,I&O Research,,denk,3.0,2.1930379746835444
Netherlands,2021,netherlands_2021_8,2021-03-08,9,I&O Research,,fvd,4.0,2.819620253164557
Netherlands,2021,netherlands_2021_8,2021-03-08,9,I&O Research,,ja21,2.0,1.5664556962025318
Netherlands,2021,netherlands_2021_8,2021-03-08,9,I&O Research,,volt,3.0,2.1930379746835444
Netherlands,2021,netherlands_2021_8,2021-03-08,9,I&O Research,,bij1,1.0,0.939873417721519
Netherlands,2021,netherlands_2021_9,2021-03-07,10,Peil.nl,,vvd,32.0,20.49363057324841
Netherlands,2021,netherlands_2021_9,2021-03-07,10,Peil.nl,,pvv,24.0,15.449044585987261
Netherlands,2021,netherlands_2021_9,2021-03-07,10,Peil.nl,,cda,17.0,11.035031847133759
Netherlands,2021,netherlands_2021_9,2021-03-07,10,Peil.nl,,d66,14.0,9.143312101910828
Netherlands,2021,netherlands_2021_9,2021-03-07,10,Peil.nl,,gl,9.0,5.990445859872612
Netherlands,2021,netherlands_2021_9,2021-03-07,10,Peil.nl,,sp,9.0,5.990445859872612
Netherlands,2021,netherlands_2021_9,2021-03-07,10,Peil.nl,,pvda,12.0,7.882165605095541
Netherlands,2021,netherlands_2021_9,2021-03-07,10,Peil.nl,,cu,7.0,4.729299363057325
Netherlands,2021,netherlands_2021_9,2021-03-07,10,Peil.nl,,pvdd,7.0,4.729299363057325
Netherlands,2021,netherlands_2021_9,2021-03-07,10,Peil.nl,,plus50,2.0,1.5764331210191083
Netherlands,2021,netherlands_2021_9,2021-03-07,10,Peil.nl,,sgp,3.0,2.2070063694267517
Netherlands,2021,netherlands_2021_9,2021-03-07,10,Peil.nl,,denk,2.0,1.5764331210191083
Netherlands,2021,netherlands_2021_9,2021-03-07,10,Peil.nl,,fvd,5.0,3.468152866242038
Netherlands,2021,netherlands_2021_9,2021-03-07,10,Peil.nl,,ja21,3.0,2.2070063694267517
Netherlands,2021,netherlands_2021_9,2021-03-07,10,Peil.nl,,volt,2.0,1.5764331210191083
Netherlands,2021,netherlands_2021_9,2021-03-07,10,Peil.nl,,bij1,1.0,0.945859872611465
Netherlands,2021,netherlands_2021_10,2021-03-02,15,I&O Research,,vvd,37.0,23.57142857142857
Netherlands,2021,netherlands_2021_10,2021-03-02,15,I&O Research,,pvv,19.0,12.257142857142858
Netherlands,2021,netherlands_2021_10,2021-03-02,15,I&O Research,,cda,17.0,11.0
Netherlands,2021,netherlands_2021_10,2021-03-02,15,I&O Research,,d66,15.0,9.742857142857142
Netherlands,2021,netherlands_2021_10,2021-03-02,15,I&O Research,,gl,12.0,7.857142857142857
Netherlands,2021,netherlands_2021_10,2021-03-02,15,I&O Research,,sp,9.0,5.9714285714285715
Netherlands,2021,netherlands_2021_10,2021-03-02,15,I&O Research,,pvda,13.0,8.485714285714286
Netherlands,2021,netherlands_2021_10,2021-03-02,15,I&O Research,,cu,5.0,3.4571428571428573
Netherlands,2021,netherlands_2021_10,2021-03-02,15,I&O Research,,pvdd,6.0,4.085714285714285
Netherlands,2021,netherlands_2021_10,2021-03-02,15,I&O Research,,plus50,2.0,1.5714285714285714
Netherlands,2021,netherlands_2021_10,2021-03-02,15,I&O Research,,sgp,4.0,2.8285714285714283
Netherlands,2021,netherlands_2021_10,2021-03-02,15,I&O Research,,denk,2.0,1.5714285714285714
Netherlands,2021,netherlands_2021_10,2021-03-02,15,I&O Research,,fvd,5.0,3.4571428571428573
Netherlands,2021,netherlands_2021_10,2021-03-02,15,I&O Research,,ja21,2.0,1.5714285714285714
Netherlands,2021,netherlands_2021_10,2021-03-02,15,I&O Research,,volt,2.0,1.5714285714285714
Netherlands,2021,netherlands_2021_11,2021-03-02,15,Ipsos,,vvd,38.0,24.2
Netherlands,2021,netherlands_2021_11,2021-03-02,15,Ipsos,,pvv,21.0,13.514285714285712
Netherlands,2021,netherlands_2021_11,2021-03-02,15,Ipsos,,cda,18.0,11.628571428571428
Netherlands,2021,netherlands_2021_11,2021-03-02,15,Ipsos,,d66,14.0,9.114285714285716
Netherlands,2021,netherlands_2021_11,2021-03-02,15,Ipsos,,gl,13.0,8.485714285714286
Netherlands,2021,netherlands_2021_11,2021-03-02,15,Ipsos,,sp,10.0,6.6
Netherlands,2021,netherlands_2021_11,2021-03-02,15,Ipsos,,pvda,12.0,7.857142857142857
Netherlands,2021,netherlands_2021_11,2021-03-02,15,Ipsos,,cu,5.0,3.4571428571428573
Netherlands,2021,netherlands_2021_11,2021-03-02,15,Ipsos,,pvdd,6.0,4.085714285714285
Netherlands,2021,netherlands_2021_11,2021-03-02,15,Ipsos,,plus50,1.0,0.942857142857143
Netherlands,2021,netherlands_2021_11,2021-03-02,15,Ipsos,,sgp,3.0,2.2
Netherlands,2021,netherlands_2021_11,2021-03-02,15,Ipsos,,denk,3.0,2.2
Netherlands,2021,netherlands_2021_11,2021-03-02,15,Ipsos,,fvd,4.0,2.8285714285714283
Netherlands,2021,netherlands_2021_11,2021-03-02,15,Ipsos,,ja21,1.0,0.942857142857143
Netherlands,2021,netherlands_2021_11,2021-03-02,15,Ipsos,,volt,1.0,0.942857142857143
Netherlands,2021,netherlands_2021_12,2021-02-28,17,Peil.nl,,vvd,33.0,21.124203821656053
Netherlands,2021,netherlands_2021_12,2021-02-28,17,Peil.nl,,pvv,24.0,15.449044585987261
Netherlands,2021,netherlands_2021_12,2021-02-28,17,Peil.nl,,cda,19.0,12.296178343949045
Netherlands,2021,netherlands_2021_12,2021-02-28,17,Peil.nl,,d66,13.0,8.512738853503183
Netherlands,2021,netherlands_2021_12,2021-02-28,17,Peil.nl,,gl,9.0,5.990445859872612
Netherlands,2021,netherlands_2021_12,2021-02-28,17,Peil.nl,,sp,9.0,5.990445859872612
Netherlands,2021,netherlands_2021_12,2021-02-28,17,Peil.nl,,pvda,12.0,7.882165605095541
Netherlands,2021,netherlands_2021_12,2021-02-28,17,Peil.nl,,cu,7.0,4.729299363057325
Netherlands,2021,netherlands_2021_12,2021-02-28,17,Peil.nl,,pvdd,7.0,4.729299363057325
Netherlands,2021,netherlands_2021_12,2021-02-28,17,Peil.nl,,plus50,2.0,1.5764331210191083
Netherlands,2021,netherlands_2021_12,2021-02-28,17,Peil.nl,,sgp,3.0,2.2070063694267517
Netherlands,2021,netherlands_2021_12,2021-02-28,17,Peil.nl,,denk,2.0,1.5764331210191083
Netherlands,2021,netherlands_2021_12,2021-02-28,17,Peil.nl,,fvd,4.0,2.837579617834395
Netherlands,2021,netherlands_2021_12,2021-02-28,17,Peil.nl,,ja21,3.0,2.2070063694267517
Netherlands,2021,netherlands_2021_12,2021-02-28,17,Peil.nl,,volt,1.0,0.945859872611465
Netherlands,2021,netherlands_2021_12,2021-02-28,17,Peil.nl,,bij1,1.0,0.945859872611465
Netherlands,2021,netherlands_2021_13,2021-02-25,20,Kantar Public,,vvd,40.0,25.457142857142856
Netherlands,2021,netherlands_2021_13,2021-02-25,20,Kantar Public,,pvv,17.0,11.0
Netherlands,2021,netherlands_2021_13,2021-02-25,20,Kantar Public,,cda,17.0,11.0
Netherlands,2021,netherlands_2021_13,2021-02-25,20,Kantar Public,,d66,15.0,9.742857142857142
Netherlands,2021,netherlands_2021_13,2021-02-25,20,Kantar Public,,gl,12.0,7.857142857142857
Netherlands,2021,netherlands_2021_13,2021-02-25,20,Kantar Public,,sp,10.0,6.6
Netherlands,2021,netherlands_2021_13,2021-02-25,20,Kantar Public,,pvda,13.0,8.485714285714286
Netherlands,2021,netherlands_2021_13,2021-02-25,20,Kantar Public,,cu,7.0,4.714285714285714
Netherlands,2021,netherlands_2021_13,2021-02-25,20,Kantar Public,,pvdd,6.0,4.085714285714285
Netherlands,2021,netherlands_2021_13,2021-02-25,20,Kantar Public,,plus50,4.0,2.8285714285714283
Netherlands,2021,netherlands_2021_13,2021-02-25,20,Kantar Public,,sgp,2.0,1.5714285714285714
Netherlands,2021,netherlands_2021_13,2021-02-25,20,Kantar Public,,denk,2.0,1.5714285714285714
Netherlands,2021,netherlands_2021_13,2021-02-25,20,Kantar Public,,fvd,3.0,2.2
Netherlands,2021,netherlands_2021_13,2021-02-25,20,Kantar Public,,ja21,1.0,0.942857142857143
Netherlands,2021,netherlands_2021_13,2021-02-25,20,Kantar Public,,volt,1.0,0.942857142857143
Netherlands,2021,netherlands_2021_14,2021-02-21,24,Peil.nl,,vvd,34.0,21.754777070063696
Netherlands,2021,netherlands_2021_14,2021-02-21,24,Peil.nl,,pvv,23.0,14.818471337579616
Netherlands,2021,netherlands_2021_14,2021-02-21,24,Peil.nl,,cda,18.0,11.665605095541402
Netherlands,2021,netherlands_2021_14,2021-02-21,24,Peil.nl,,d66,13.0,8.512738853503183
Netherlands,2021,netherlands_2021_14,2021-02-21,24,Peil.nl,,gl,9.0,5.990445859872612
Netherlands,2021,netherlands_2021_14,2021-02-21,24,Peil.nl,,sp,9.0,5.990445859872612
Netherlands,2021,netherlands_2021_14,2021-02-21,24,Peil.nl,,pvda,13.0,8.512738853503183
Netherlands,2021,netherlands_2021_14,2021-02-21,24,Peil.nl,,cu,7.0,4.729299363057325
Netherlands,2021,netherlands_2021_14,2021-02-21,24,Peil.nl,,pvdd,7.0,4.729299363057325
Netherlands,2021,netherlands_2021_14,2021-02-21,24,Peil.nl,,plus50,2.0,1.5764331210191083
Netherlands,2021,netherlands_2021_14,2021-02-21,24,Peil.nl,,sgp,3.0,2.2070063694267517
Netherlands,2021,netherlands_2021_14,2021-02-21,24,Peil.nl,,denk,2.0,1.5764331210191083
Netherlands,2021,netherlands_2021_14,2021-02-21,24,Peil.nl,,fvd,4.0,2.837579617834395
Netherlands,2021,netherlands_2021_14,2021-02-21,24,Peil.nl,,ja21,3.0,2.2070063694267517
Netherlands,2021,netherlands_2021_14,2021-02-21,24,Peil.nl,,volt,1.0,0.945859872611465
Netherlands,2021,netherlands_2021_14,2021-02-21,24,Peil.nl,,bij1,1.0,0.945859872611465
Netherlands,2021,netherlands_2021_15,2021-02-16,29,Ipsos,,vvd,38.0,24.277070063694268
Netherlands,2021,netherlands_2021_15,2021-02-16,29,Ipsos,,pvv,22.0,14.187898089171973
Netherlands,2021,netherlands_2021_15,2021-02-16,29,Ipsos,,cda,20.0,12.926751592356688
Netherlands,2021,netherlands_2021_15,2021-02-16,29,Ipsos,,d66,15.0,9.773885350318471
Netherlands,2021,netherlands_2021_15,2021-02-16,29,Ipsos,,gl,11.0,7.2515923566878975
Netherlands,2021,netherlands_2021_15,2021-02-16,29,Ipsos,,sp,10.0,6.6210191082802545
Netherlands,2021,netherlands_2021_15,2021-02-16,29,Ipsos,,pvda,12.0,7.882165605095541
Netherlands,2021,netherlands_2021_15,2021-02-16,29,Ipsos,,cu,6.0,4.098726114649681
Netherlands,2021,netherlands_2021_15,2021-02-16,29,Ipsos,,pvdd,7.0,4.729299363057325
Netherlands,2021,netherlands_2021_15,2021-02-16,29,Ipsos,,plus50,1.0,0.945859872611465
Netherlands,2021,netherlands_2021_15,2021-02-16,29,Ipsos,,sgp,2.0,1.5764331210191083
Netherlands,2021,netherlands_2021_15,2021-02-16,29,Ipsos,,denk,2.0,1.5764331210191083
Netherlands,2021,netherlands_2021_15,2021-02-16,29,Ipsos,,fvd,3.0,2.2070063694267517
Netherlands,2021,netherlands_2021_15,2021-02-16,29,Ipsos,,ja21,1.0,0.945859872611465
Netherlands,2021,netherlands_2021_16,2021-02-15,30,I&O Research,,vvd,39.0,24.82857142857143
Netherlands,2021,netherlands_2021_16,2021-02-15,30,I&O Research,,pvv,19.0,12.257142857142858
Netherlands,2021,netherlands_2021_16,2021-02-15,30,I&O Research,,cda,18.0,11.628571428571428
Netherlands,2021,netherlands_2021_16,2021-02-15,30,I&O Research,,d66,14.0,9.114285714285716
Netherlands,2021,netherlands_2021_16,2021-02-15,30,I&O Research,,gl,12.0,7.857142857142857
Netherlands,2021,netherlands_2021_16,2021-02-15,30,I&O Research,,sp,10.0,6.6
Netherlands,2021,netherlands_2021_16,2021-02-15,30,I&O Research,,pvda,13.0,8.485714285714286
Netherlands,2021,netherlands_2021_16,2021-02-15,30,I&O Research,,cu,5.0,3.4571428571428573
Netherlands,2021,netherlands_2021_16,2021-02-15,30,I&O Research,,pvdd,5.0,3.4571428571428573
Netherlands,2021,netherlands_2021_16,2021-02-15,30,I&O Research,,plus50,1.0,0.942857142857143
Netherlands,2021,netherlands_2021_16,2021-02-15,30,I&O Research,,sgp,3.0,2.2
Netherlands,2021,netherlands_2021_16,2021-02-15,30,I&O Research,,denk,3.0,2.2
Netherlands,2021,netherlands_2021_16,2021-02-15,30,I&O Research,,fvd,4.0,2.8285714285714283
Netherlands,2021,netherlands_2021_16,2021-02-15,30,I&O Research,,ja21,3.0,2.2
Netherlands,2021,netherlands_2021_16,2021-02-15,30,I&O Research,,volt,1.0,0.942857142857143
Netherlands,2021,netherlands_2021_17,2021-02-14,31,Peil.nl,,vvd,35.0,22.456869009584665
Netherlands,2021,netherlands_2021_17,2021-02-14,31,Peil.nl,,pvv,24.0,15.498402555910545
Netherlands,2021,netherlands_2021_17,2021-02-14,31,Peil.nl,,cda,18.0,11.702875399361021
Netherlands,2021,netherlands_2021_17,2021-02-14,31,Peil.nl,,d66,13.0,8.539936102236421
Netherlands,2021,netherlands_2021_17,2021-02-14,31,Peil.nl,,gl,9.0,6.009584664536741
Netherlands,2021,netherlands_2021_17,2021-02-14,31,Peil.nl,,sp,9.0,6.009584664536741
Netherlands,2021,netherlands_2021_17,2021-02-14,31,Peil.nl,,pvda,13.0,8.539936102236421
Netherlands,2021,netherlands_2021_17,2021-02-14,31,Peil.nl,,cu,7.0,4.744408945686901
Netherlands,2021,netherlands_2021_17,2021-02-14,31,Peil.nl,,pvdd,7.0,4.744408945686901
Netherlands,2021,netherlands_2021_17,2021-02-14,31,Peil.nl,,plus50,1.0,0.9488817891373802
Netherlands,2021,netherlands_2021_17,2021-02-14,31,Peil.nl,,sgp,3.0,2.2140575079872202
Netherlands,2021,netherlands_2021_17,2021-02-14,31,Peil.nl,,denk,2.0,1.5814696485623003
Netherlands,2021,netherlands_2021_17,2021-02-14,31,Peil.nl,,fvd,4.0,2.8466453674121404
Netherlands,2021,netherlands_2021_17,2021-02-14,31,Peil.nl,,ja21,3.0,2.2140575079872202
Netherlands,2021,netherlands_2021_17,2021-02-14,31,Peil.nl,,volt,1.0,0.9488817891373802
Netherlands,2021,netherlands_2021_18,2021-02-07,38,Peil.nl,,vvd,35.0,22.314285714285713
Netherlands,2021,netherlands_2021_18,2021-02-07,38,Peil.nl,,pvv,24.0,15.4
Netherlands,2021,netherlands_2021_18,2021-02-07,38,Peil.nl,,cda,18.0,11.628571428571428
Netherlands,2021,netherlands_2021_18,2021-02-07,38,Peil.nl,,d66,13.0,8.485714285714286
Netherlands,2021,netherlands_2021_18,2021-02-07,38,Peil.nl,,gl,9.0,5.9714285714285715
Netherlands,2021,netherlands_2021_18,2021-02-07,38,Peil.nl,,sp,9.0,5.9714285714285715
Netherlands,2021,netherlands_2021_18,2021-02-07,38,Peil.nl,,pvda,13.0,8.485714285714286
Netherlands,2021,netherlands_2021_18,2021-02-07,38,Peil.nl,,cu,7.0,4.714285714285714
Netherlands,2021,netherlands_2021_18,2021-02-07,38,Peil.nl,,pvdd,7.0,4.714285714285714
Netherlands,2021,netherlands_2021_18,2021-02-07,38,Peil.nl,,plus50,1.0,0.942857142857143
Netherlands,2021,netherlands_2021_18,2021-02-07,38,Peil.nl,,sgp,3.0,2.2
Netherlands,2021,netherlands_2021_18,2021-02-07,38,Peil.nl,,denk,2.0,1.5714285714285714
Netherlands,2021,netherlands_2021_18,2021-02-07,38,Peil.nl,,fvd,5.0,3.4571428571428573
Netherlands,2021,netherlands_2021_18,2021-02-07,38,Peil.nl,,ja21,3.0,2.2
Netherlands,2021,netherlands_2021_18,2021-02-07,38,Peil.nl,,volt,1.0,0.942857142857143
Netherlands,2021,netherlands_2021_19,2021-02-02,43,I&O Research,,vvd,43.0,27.429936305732483
Netherlands,2021,netherlands_2021_19,2021-02-02,43,I&O Research,,pvv,19.0,12.296178343949045
Netherlands,2021,netherlands_2021_19,2021-02-02,43,I&O Research,,cda,19.0,12.296178343949045
Netherlands,2021,netherlands_2021_19,2021-02-02,43,I&O Research,,d66,12.0,7.882165605095541
Netherlands,2021,netherlands_2021_19,2021-02-02,43,I&O Research,,gl,11.0,7.2515923566878975
Netherlands,2021,netherlands_2021_19,2021-02-02,43,I&O Research,,sp,11.0,7.2515923566878975
Netherlands,2021,netherlands_2021_19,2021-02-02,43,I&O Research,,pvda,13.0,8.512738853503183
Netherlands,2021,netherlands_2021_19,2021-02-02,43,I&O Research,,cu,7.0,4.729299363057325
Netherlands,2021,netherlands_2021_19,2021-02-02,43,I&O Research,,pvdd,5.0,3.468152866242038
Netherlands,2021,netherlands_2021_19,2021-02-02,43,I&O Research,,plus50,1.0,0.945859872611465
Netherlands,2021,netherlands_2021_19,2021-02-02,43,I&O Research,,sgp,3.0,2.2070063694267517
Netherlands,2021,netherlands_2021_19,2021-02-02,43,I&O Research,,denk,2.0,1.5764331210191083
Netherlands,2021,netherlands_2021_19,2021-02-02,43,I&O Research,,fvd,3.0,2.2070063694267517
Netherlands,2021,netherlands_2021_19,2021-02-02,43,I&O Research,,ja21,1.0,0.945859872611465
Netherlands,2021,netherlands_2021_20,2021-01-31,45,Peil.nl,,vvd,35.0,22.24367088607595
Netherlands,2021,netherlands_2021_20,2021-01-31,45,Peil.nl,,pvv,24.0,15.351265822784809
Netherlands,2021,netherlands_2021_20,2021-01-31,45,Peil.nl,,cda,19.0,12.218354430379748
Netherlands,2021,netherlands_2021_20,2021-01-31,45,Peil.nl,,d66,11.0,7.205696202531645
Netherlands,2021,netherlands_2021_20,2021-01-31,45,Peil.nl,,gl,9.0,5.9525316455696204
Netherlands,2021,netherlands_2021_20,2021-01-31,45,Peil.nl,,sp,10.0,6.579113924050632
Netherlands,2021,netherlands_2021_20,2021-01-31,45,Peil.nl,,pvda,12.0,7.832278481012659
Netherlands,2021,netherlands_2021_20,2021-01-31,45,Peil.nl,,cu,7.0,4.6993670886075956
Netherlands,2021,netherlands_2021_20,2021-01-31,45,Peil.nl,,pvdd,7.0,4.6993670886075956
Netherlands,2021,netherlands_2021_20,2021-01-31,45,Peil.nl,,plus50,1.0,0.939873417721519
Netherlands,2021,netherlands_2021_20,2021-01-31,45,Peil.nl,,sgp,3.0,2.1930379746835444
Netherlands,2021,netherlands_2021_20,2021-01-31,45,Peil.nl,,denk,3.0,2.1930379746835444
Netherlands,2021,netherlands_2021_20,2021-01-31,45,Peil.nl,,fvd,4.0,2.819620253164557
Netherlands,2021,netherlands_2021_20,2021-01-31,45,Peil.nl,,ja21,3.0,2.1930379746835444
Netherlands,2021,netherlands_2021_20,2021-01-31,45,Peil.nl,,volt,1.0,0.939873417721519
Netherlands,2021,netherlands_2021_20,2021-01-31,45,Peil.nl,,bij1,1.0,0.939873417721519
Netherlands,2021,netherlands_2021_21,2021-01-28,48,Kantar Public,,vvd,42.0,26.79936305732484
Netherlands,2021,netherlands_2021_21,2021-01-28,48,Kantar Public,,pvv,17.0,11.035031847133759
Netherlands,2021,netherlands_2021_21,2021-01-28,48,Kantar Public,,cda,18.0,11.665605095541402
Netherlands,2021,netherlands_2021_21,2021-01-28,48,Kantar Public,,d66,14.0,9.143312101910828
Netherlands,2021,netherlands_2021_21,2021-01-28,48,Kantar Public,,gl,13.0,8.512738853503183
Netherlands,2021,netherlands_2021_21,2021-01-28,48,Kantar Public,,sp,11.0,7.2515923566878975
Netherlands,2021,netherlands_2021_21,2021-01-28,48,Kantar Public,,pvda,12.0,7.882165605095541
Netherlands,2021,netherlands_2021_21,2021-01-28,48,Kantar Public,,cu,5.0,3.468152866242038
Netherlands,2021,netherlands_2021_21,2021-01-28,48,Kantar Public,,pvdd,5.0,3.468152866242038
Netherlands,2021,netherlands_2021_21,2021-01-28,48,Kantar Public,,plus50,3.0,2.2070063694267517
Netherlands,2021,netherlands_2021_21,2021-01-28,48,Kantar Public,,sgp,3.0,2.2070063694267517
Netherlands,2021,netherlands_2021_21,2021-01-28,48,Kantar Public,,denk,3.0,2.2070063694267517
Netherlands,2021,netherlands_2021_21,2021-01-28,48,Kantar Public,,fvd,3.0,2.2070063694267517
Netherlands,2021,netherlands_2021_21,2021-01-28,48,Kantar Public,,ja21,1.0,0.945859872611465
Netherlands,2021,netherlands_2021_22,2021-01-26,50,Ipsos,,vvd,40.0,25.538216560509554
Netherlands,2021,netherlands_2021_22,2021-01-26,50,Ipsos,,pvv,20.0,12.926751592356688
Netherlands,2021,netherlands_2021_22,2021-01-26,50,Ipsos,,cda,20.0,12.926751592356688
Netherlands,2021,netherlands_2021_22,2021-01-26,50,Ipsos,,d66,15.0,9.773885350318471
Netherlands,2021,netherlands_2021_22,2021-01-26,50,Ipsos,,gl,12.0,7.882165605095541
Netherlands,2021,netherlands_2021_22,2021-01-26,50,Ipsos,,sp,9.0,5.990445859872612
Netherlands,2021,netherlands_2021_22,2021-01-26,50,Ipsos,,pvda,12.0,7.882165605095541
Netherlands,2021,netherlands_2021_22,2021-01-26,50,Ipsos,,cu,6.0,4.098726114649681
Netherlands,2021,netherlands_2021_22,2021-01-26,50,Ipsos,,pvdd,6.0,4.098726114649681
Netherlands,2021,netherlands_2021_22,2021-01-26,50,Ipsos,,plus50,1.0,0.945859872611465
Netherlands,2021,netherlands_2021_22,2021-01-26,50,Ipsos,,sgp,2.0,1.5764331210191083
Netherlands,2021,netherlands_2021_22,2021-01-26,50,Ipsos,,denk,2.0,1.5764331210191083
Netherlands,2021,netherlands_2021_22,2021-01-26,50,Ipsos,,fvd,3.0,2.2070063694267517
Netherlands,2021,netherlands_2021_22,2021-01-26,50,Ipsos,,ja21,2.0,1.5764331210191083
Netherlands,2021,netherlands_2021_23,2021-01-25,51,I&O Research,,vvd,42.0,26.79936305732484
Netherlands,2021,netherlands_2021_23,2021-01-25,51,I&O Research,,pvv,19.0,12.296178343949045
Netherlands,2021,netherlands_2021_23,2021-01-25,51,I&O Research,,cda,17.0,11.035031847133759
Netherlands,2021,netherlands_2021_23,2021-01-25,51,I&O Research,,d66,14.0,9.143312101910828
Netherlands,2021,netherlands_2021_23,2021-01-25,51,I&O Research,,gl,13.0,8.512738853503183
Netherlands,2021,netherlands_2021_23,2021-01-25,51,I&O Research,,sp,11.0,7.2515923566878975
Netherlands,2021,netherlands_2021_23,2021-01-25,51,I&O Research,,pvda,12.0,7.882165605095541
Netherlands,2021,netherlands_2021_23,2021-01-25,51,I&O Research,,cu,7.0,4.729299363057325
Netherlands,2021,netherlands_2021_23,2021-01-25,51,I&O Research,,pvdd,4.0,2.837579617834395
Netherlands,2021,netherlands_2021_23,2021-01-25,51,I&O Research,,plus50,1.0,0.945859872611465
Netherlands,2021,netherlands_2021_23,2021-01-25,51,I&O Research,,sgp,3.0,2.2070063694267517
Netherlands,2021,netherlands_2021_23,2021-01-25,51,I&O Research,,denk,1.0,0.945859872611465
Netherlands,2021,netherlands_2021_23,2021-01-25,51,I&O Research,,fvd,4.0,2.837579617834395
Netherlands,2021,netherlands_2021_23,2021-01-25,51,I&O Research,,ja21,2.0,1.5764331210191083
Netherlands,2021,netherlands_2021_24,2021-01-24,52,Peil.nl,,vvd,35.0,22.314285714285713
Netherlands,2021,netherlands_2021_24,2021-01-24,52,Peil.nl,,pvv,24.0,15.4
Netherlands,2021,netherlands_2021_24,2021-01-24,52,Peil.nl,,cda,19.0,12.257142857142858
Netherlands,2021,netherlands_2021_24,2021-01-24,52,Peil.nl,,d66,12.0,7.857142857142857
Netherlands,2021,netherlands_2021_24,2021-01-24,52,Peil.nl,,gl,9.0,5.9714285714285715
Netherlands,2021,netherlands_2021_24,2021-01-24,52,Peil.nl,,sp,10.0,6.6
Netherlands,2021,netherlands_2021_24,2021-01-24,52,Peil.nl,,pvda,11.0,7.228571428571429
Netherlands,2021,netherlands_2021_24,2021-01-24,52,Peil.nl,,cu,7.0,4.714285714285714
Netherlands,2021,netherlands_2021_24,2021-01-24,52,Peil.nl,,pvdd,8.0,5.342857142857143
Netherlands,2021,netherlands_2021_24,2021-01-24,52,Peil.nl,,plus50,1.0,0.942857142857143
Netherlands,2021,netherlands_2021_24,2021-01-24,52,Peil.nl,,sgp,3.0,2.2
Netherlands,2021,netherlands_2021_24,2021-01-24,52,Peil.nl,,denk,3.0,2.2
Netherlands,2021,netherlands_2021_24,2021-01-24,52,Peil.nl,,fvd,4.0,2.8285714285714283
Netherlands,2021,netherlands_2021_24,2021-01-24,52,Peil.nl,,ja21,3.0,2.2
Netherlands,2021,netherlands_2021_24,2021-01-24,52,Peil.nl,,bij1,1.0,0.942857142857143
Netherlands,2021,netherlands_2021_25,2021-01-17,59,Peil.nl,,vvd,35.0,22.314285714285713
Netherlands,2021,netherlands_2021_25,2021-01-17,59,Peil.nl,,pvv,25.0,16.02857142857143
Netherlands,2021,netherlands_2021_25,2021-01-17,59,Peil.nl,,cda,17.0,11.0
Netherlands,2021,netherlands_2021_25,2021-01-17,59,Peil.nl,,d66,14.0,9.114285714285716
Netherlands,2021,netherlands_2021_25,2021-01-17,59,Peil.nl,,gl,10.0,6.6
Netherlands,2021,netherlands_2021_25,2021-01-17,59,Peil.nl,,sp,10.0,6.6
Netherlands,2021,netherlands_2021_25,2021-01-17,59,Peil.nl,,pvda,10.0,6.6
Netherlands,2021,netherlands_2021_25,2021-01-17,59,Peil.nl,,cu,7.0,4.714285714285714
Netherlands,2021,netherlands_2021_25,2021-01-17,59,Peil.nl,,pvdd,7.0,4.714285714285714
Netherlands,2021,netherlands_2021_25,2021-01-17,59,Peil.nl,,plus50,1.0,0.942857142857143
Netherlands,2021,netherlands_2021_25,2021-01-17,59,Peil.nl,,sgp,3.0,2.2
Netherlands,2021,netherlands_2021_25,2021-01-17,59,Peil.nl,,denk,3.0,2.2
Netherlands,2021,netherlands_2021_25,2021-01-17,59,Peil.nl,,fvd,4.0,2.8285714285714283
Netherlands,2021,netherlands_2021_25,2021-01-17,59,Peil.nl,,ja21,3.0,2.2
Netherlands,2021,netherlands_2021_25,2021-01-17,59,Peil.nl,,bij1,1.0,0.942857142857143
Netherlands,2021,netherlands_2021_26,2021-01-15,61,Kantar Public,,vvd,43.0,27.429936305732483
Netherlands,2021,netherlands_2021_26,2021-01-15,61,Kantar Public,,pvv,21.0,13.55732484076433
Netherlands,2021,netherlands_2021_26,2021-01-15,61,Kantar Public,,cda,17.0,11.035031847133759
Netherlands,2021,netherlands_2021_26,2021-01-15,61,Kantar Public,,d66,13.0,8.512738853503183
Netherlands,2021,netherlands_2021_26,2021-01-15,61,Kantar Public,,gl,12.0,7.882165605095541
Netherlands,2021,netherlands_2021_26,2021-01-15,61,Kantar Public,,sp,11.0,7.2515923566878975
Netherlands,2021,netherlands_2021_26,2021-01-15,61,Kantar Public,,pvda,10.0,6.6210191082802545
Netherlands,2021,netherlands_2021_26,2021-01-15,61,Kantar Public,,cu,6.0,4.098726114649681
Netherlands,2021,netherlands_2021_26,2021-01-15,61,Kantar Public,,pvdd,4.0,2.837579617834395
Netherlands,2021,netherlands_2021_26,2021-01-15,61,Kantar Public,,plus50,2.0,1.5764331210191083
Netherlands,2021,netherlands_2021_26,2021-01-15,61,Kantar Public,,sgp,3.0,2.2070063694267517
Netherlands,2021,netherlands_2021_26,2021-01-15,61,Kantar Public,,denk,2.0,1.5764331210191083
Netherlands,2021,netherlands_2021_26,2021-01-15,61,Kantar Public,,fvd,4.0,2.837579617834395
Netherlands,2021,netherlands_2021_26,2021-01-15,61,Kantar Public,,ja21,2.0,1.5764331210191083
Netherlands,2021,netherlands_2021_27,2021-01-11,65,I&O Research,,vvd,43.0,27.429936305732483
Netherlands,2021,netherlands_2021_27,2021-01-11,65,I&O Research,,pvv,20.0,12.926751592356688
Netherlands,2021,netherlands_2021_27,2021-01-11,65,I&O Research,,cda,18.0,11.665605095541402
Netherlands,2021,netherlands_2021_27,2021-01-11,65,I&O Research,,d66,13.0,8.512738853503183
Netherlands,2021,netherlands_2021_27,2021-01-11,65,I&O Research,,gl,13.0,8.512738853503183
Netherlands,2021,netherlands_2021_27,2021-01-11,65,I&O Research,,sp,10.0,6.6210191082802545
Netherlands,2021,netherlands_2021_27,2021-01-11,65,I&O Research,,pvda,11.0,7.2515923566878975
Netherlands,2021,netherlands_2021_27,2021-01-11,65,I&O Research,,cu,7.0,4.729299363057325
Netherlands,2021,netherlands_2021_27,2021-01-11,65,I&O Research,,pvdd,4.0,2.837579617834395
Netherlands,2021,netherlands_2021_27,2021-01-11,65,I&O Research,,plus50,1.0,0.945859872611465
Netherlands,2021,netherlands_2021_27,2021-01-11,65,I&O Research,,sgp,3.0,2.2070063694267517
Netherlands,2021,netherlands_2021_27,2021-01-11,65,I&O Research,,denk,1.0,0.945859872611465
Netherlands,2021,netherlands_2021_27,2021-01-11,65,I&O Research,,fvd,4.0,2.837579617834395
Netherlands,2021,netherlands_2021_27,2021-01-11,65,I&O Research,,ja21,2.0,1.5764331210191083
Netherlands,2021,netherlands_2021_28,2021-01-10,66,Peil.nl,,vvd,33.0,21.057142857142857
Netherlands,2021,netherlands_2021_28,2021-01-10,66,Peil.nl,,pvv,25.0,16.02857142857143
Netherlands,2021,netherlands_2021_28,2021-01-10,66,Peil.nl,,cda,18.0,11.628571428571428
Netherlands,2021,netherlands_2021_28,2021-01-10,66,Peil.nl,,d66,13.0,8.485714285714286
Netherlands,2021,netherlands_2021_28,2021-01-10,66,Peil.nl,,gl,10.0,6.6
Netherlands,2021,netherlands_2021_28,2021-01-10,66,Peil.nl,,sp,9.0,5.9714285714285715
Netherlands,2021,netherlands_2021_28,2021-01-10,66,Peil.nl,,pvda,11.0,7.228571428571429
Netherlands,2021,netherlands_2021_28,2021-01-10,66,Peil.nl,,cu,8.0,5.342857142857143
Netherlands,2021,netherlands_2021_28,2021-01-10,66,Peil.nl,,pvdd,7.0,4.714285714285714
Netherlands,2021,netherlands_2021_28,2021-01-10,66,Peil.nl,,plus50,1.0,0.942857142857143
Netherlands,2021,netherlands_2021_28,2021-01-10,66,Peil.nl,,sgp,4.0,2.8285714285714283
Netherlands,2021,netherlands_2021_28,2021-01-10,66,Peil.nl,,denk,3.0,2.2
Netherlands,2021,netherlands_2021_28,2021-01-10,66,Peil.nl,,fvd,4.0,2.8285714285714283
Netherlands,2021,netherlands_2021_28,2021-01-10,66,Peil.nl,,ja21,3.0,2.2
Netherlands,2021,netherlands_2021_28,2021-01-10,66,Peil.nl,,bij1,1.0,0.942857142857143
Netherlands,2021,netherlands_2021_29,2021-01-03,73,Peil.nl,,vvd,33.0,21.191693290734825
Netherlands,2021,netherlands_2021_29,2021-01-03,73,Peil.nl,,pvv,25.0,16.130990415335464
Netherlands,2021,netherlands_2021_29,2021-01-03,73,Peil.nl,,cda,18.0,11.702875399361021
Netherlands,2021,netherlands_2021_29,2021-01-03,73,Peil.nl,,d66,13.0,8.539936102236421
Netherlands,2021,netherlands_2021_29,2021-01-03,73,Peil.nl,,gl,10.0,6.642172523961661
Netherlands,2021,netherlands_2021_29,2021-01-03,73,Peil.nl,,sp,9.0,6.009584664536741
Netherlands,2021,netherlands_2021_29,2021-01-03,73,Peil.nl,,pvda,12.0,7.907348242811501
Netherlands,2021,netherlands_2021_29,2021-01-03,73,Peil.nl,,cu,8.0,5.376996805111821
Netherlands,2021,netherlands_2021_29,2021-01-03,73,Peil.nl,,pvdd,6.0,4.111821086261981
Netherlands,2021,netherlands_2021_29,2021-01-03,73,Peil.nl,,plus50,1.0,0.9488817891373802
Netherlands,2021,netherlands_2021_29,2021-01-03,73,Peil.nl,,sgp,4.0,2.8466453674121404
Netherlands,2021,netherlands_2021_29,2021-01-03,73,Peil.nl,,denk,3.0,2.2140575079872202
Netherlands,2021,netherlands_2021_29,2021-01-03,73,Peil.nl,,fvd,4.0,2.8466453674121404
Netherlands,2021,netherlands_2021_29,2021-01-03,73,Peil.nl,,ja21,2.0,1.5814696485623003
Netherlands,2021,netherlands_2021_29,2021-01-03,73,Peil.nl,,bij1,1.0,0.9488817891373802
Netherlands,2021,netherlands_2021_30,2020-12-23,84,Kantar Public,,vvd,43.0,27.429936305732483
Netherlands,2021,netherlands_2021_30,2020-12-23,84,Kantar Public,,pvv,19.0,12.296178343949045
Netherlands,2021,netherlands_2021_30,2020-12-23,84,Kantar Public,,cda,17.0,11.035031847133759
Netherlands,2021,netherlands_2021_30,2020-12-23,84,Kantar Public,,d66,15.0,9.773885350318471
Netherlands,2021,netherlands_2021_30,2020-12-23,84,Kantar Public,,gl,10.0,6.6210191082802545
Netherlands,2021,netherlands_2021_30,2020-12-23,84,Kantar Public,,sp,9.0,5.990445859872612
Netherlands,2021,netherlands_2021_30,2020-12-23,84,Kantar Public,,pvda,14.0,9.143312101910828
Netherlands,2021,netherlands_2021_30,2020-12-23,84,Kantar Public,,cu,10.0,6.6210191082802545
Netherlands,2021,netherlands_2021_30,2020-12-23,84,Kantar Public,,pvdd,5.0,3.468152866242038
Netherlands,2021,netherlands_2021_30,2020-12-23,84,Kantar Public,,plus50,1.0,0.945859872611465
Netherlands,2021,netherlands_2021_30,2020-12-23,84,Kantar Public,,sgp,2.0,1.5764331210191083
Netherlands,2021,netherlands_2021_30,2020-12-23,84,Kantar Public,,denk,2.0,1.5764331210191083
Netherlands,2021,netherlands_2021_30,2020-12-23,84,Kantar Public,,fvd,2.0,1.5764331210191083
Netherlands,2021,netherlands_2021_30,2020-12-23,84,Kantar Public,,ja21,1.0,0.945859872611465
Netherlands,2021,netherlands_2021_31,2020-12-22,85,Ipsos,,vvd,42.0,26.966773847802788
Netherlands,2021,netherlands_2021_31,2020-12-22,85,Ipsos,,pvv,22.0,14.276527331189712
Netherlands,2021,netherlands_2021_31,2020-12-22,85,Ipsos,,cda,21.0,13.642015005359058
Netherlands,2021,netherlands_2021_31,2020-12-22,85,Ipsos,,d66,13.0,8.565916398713828
Netherlands,2021,netherlands_2021_31,2020-12-22,85,Ipsos,,gl,11.0,7.296891747052519
Netherlands,2021,netherlands_2021_31,2020-12-22,85,Ipsos,,sp,10.0,6.662379421221866
Netherlands,2021,netherlands_2021_31,2020-12-22,85,Ipsos,,pvda,12.0,7.931404072883173
Netherlands,2021,netherlands_2021_31,2020-12-22,85,Ipsos,,cu,5.0,3.489817792068596
Netherlands,2021,netherlands_2021_31,2020-12-22,85,Ipsos,,pvdd,5.0,3.489817792068596
Netherlands,2021,netherlands_2021_31,2020-12-22,85,Ipsos,,plus50,1.0,0.9517684887459809
Netherlands,2021,netherlands_2021_31,2020-12-22,85,Ipsos,,sgp,2.0,1.5862808145766345
Netherlands,2021,netherlands_2021_31,2020-12-22,85,Ipsos,,denk,2.0,1.5862808145766345
Netherlands,2021,netherlands_2021_31,2020-12-22,85,Ipsos,,fvd,3.0,2.2207931404072885
Netherlands,2021,netherlands_2021_31,2020-12-22,85,Ipsos,,ja21,0.0,0.3333333333333333
Netherlands,2021,netherlands_2021_32,2020-12-20,87,Peil.nl,,vvd,34.0,21.89423076923077
Netherlands,2021,netherlands_2021_32,2020-12-20,87,Peil.nl,,pvv,26.0,16.817307692307693
Netherlands,2021,netherlands_2021_32,2020-12-20,87,Peil.nl,,cda,19.0,12.375
Netherlands,2021,netherlands_2021_32,2020-12-20,87,Peil.nl,,d66,12.0,7.932692307692308
Netherlands,2021,netherlands_2021_32,2020-12-20,87,Peil.nl,,gl,10.0,6.663461538461538
Netherlands,2021,netherlands_2021_32,2020-12-20,87,Peil.nl,,sp,9.0,6.028846153846153
Netherlands,2021,netherlands_2021_32,2020-12-20,87,Peil.nl,,pvda,13.0,8.567307692307692
Netherlands,2021,netherlands_2021_32,2020-12-20,87,Peil.nl,,cu,7.0,4.759615384615385
Netherlands,2021,netherlands_2021_32,2020-12-20,87,Peil.nl,,pvdd,6.0,4.125
Netherlands,2021,netherlands_2021_32,2020-12-20,87,Peil.nl,,plus50,1.0,0.951923076923077
Netherlands,2021,netherlands_2021_32,2020-12-20,87,Peil.nl,,sgp,4.0,2.855769230769231
Netherlands,2021,netherlands_2021_32,2020-12-20,87,Peil.nl,,denk,3.0,2.2211538461538463
Netherlands,2021,netherlands_2021_32,2020-12-20,87,Peil.nl,,fvd,4.0,2.855769230769231
Netherlands,2021,netherlands_2021_32,2020-12-20,87,Peil.nl,,ja21,1.0,0.951923076923077
Netherlands,2021,netherlands_2021_33,2020-12-15,92,I&O Research,,vvd,43.0,27.424920127795527
Netherlands,2021,netherlands_2021_33,2020-12-15,92,I&O Research,,pvv,22.0,14.185303514376999
Netherlands,2021,netherlands_2021_33,2020-12-15,92,I&O Research,,cda,19.0,12.293929712460065
Netherlands,2021,netherlands_2021_33,2020-12-15,92,I&O Research,,d66,13.0,8.511182108626198
Netherlands,2021,netherlands_2021_33,2020-12-15,92,I&O Research,,gl,12.0,7.880724174653887
Netherlands,2021,netherlands_2021_33,2020-12-15,92,I&O Research,,sp,9.0,5.989350372736954
Netherlands,2021,netherlands_2021_33,2020-12-15,92,I&O Research,,pvda,13.0,8.511182108626198
Netherlands,2021,netherlands_2021_33,2020-12-15,92,I&O Research,,cu,6.0,4.0979765708200215
Netherlands,2021,netherlands_2021_33,2020-12-15,92,I&O Research,,pvdd,4.0,2.8370607028753994
Netherlands,2021,netherlands_2021_33,2020-12-15,92,I&O Research,,plus50,1.0,0.9456869009584664
Netherlands,2021,netherlands_2021_33,2020-12-15,92,I&O Research,,sgp,3.0,2.2066027689030885
Netherlands,2021,netherlands_2021_33,2020-12-15,92,I&O Research,,denk,1.0,0.9456869009584664
Netherlands,2021,netherlands_2021_33,2020-12-15,92,I&O Research,,fvd,4.0,2.8370607028753994
Netherlands,2021,netherlands_2021_33,2020-12-15,92,I&O Research,,ja21,0.0,0.3333333333333333
Netherlands,2021,netherlands_2021_34,2020-12-13,94,Peil.nl,,vvd,34.0,21.964630225080388
Netherlands,2021,netherlands_2021_34,2020-12-13,94,Peil.nl,,pvv,28.0,18.144694533762056
Netherlands,2021,netherlands_2021_34,2020-12-13,94,Peil.nl,,cda,16.0,10.504823151125402
Netherlands,2021,netherlands_2021_34,2020-12-13,94,Peil.nl,,d66,12.0,7.958199356913183
Netherlands,2021,netherlands_2021_34,2020-12-13,94,Peil.nl,,gl,11.0,7.321543408360128
Netherlands,2021,netherlands_2021_34,2020-12-13,94,Peil.nl,,sp,9.0,6.048231511254019
Netherlands,2021,netherlands_2021_34,2020-12-13,94,Peil.nl,,pvda,14.0,9.231511254019292
Netherlands,2021,netherlands_2021_34,2020-12-13,94,Peil.nl,,cu,7.0,4.77491961414791
Netherlands,2021,netherlands_2021_34,2020-12-13,94,Peil.nl,,pvdd,6.0,4.138263665594855
Netherlands,2021,netherlands_2021_34,2020-12-13,94,Peil.nl,,plus50,1.0,0.9549839228295821
Netherlands,2021,netherlands_2021_34,2020-12-13,94,Peil.nl,,sgp,4.0,2.864951768488746
Netherlands,2021,netherlands_2021_34,2020-12-13,94,Peil.nl,,denk,3.0,2.2282958199356915
Netherlands,2021,netherlands_2021_34,2020-12-13,94,Peil.nl,,fvd,4.0,2.864951768488746
Netherlands,2021,netherlands_2021_35,2020-12-05,102,Peil.nl,,vvd,36.0,23.237942122186496
Netherlands,2021,netherlands_2021_35,2020-12-05,102,Peil.nl,,pvv,27.0,17.508038585209004
Netherlands,2021,netherlands_2021_35,2020-12-05,102,Peil.nl,,cda,14.0,9.231511254019292
Netherlands,2021,netherlands_2021_35,2020-12-05,102,Peil.nl,,d66,13.0,8.594855305466238
Netherlands,2021,netherlands_2021_35,2020-12-05,102,Peil.nl,,gl,11.0,7.321543408360128
Netherlands,2021,netherlands_2021_35,2020-12-05,102,Peil.nl,,sp,9.0,6.048231511254019
Netherlands,2021,netherlands_2021_35,2020-12-05,102,Peil.nl,,pvda,13.0,8.594855305466238
Netherlands,2021,netherlands_2021_35,2020-12-05,102,Peil.nl,,cu,7.0,4.77491961414791
Netherlands,2021,netherlands_2021_35,2020-12-05,102,Peil.nl,,pvdd,6.0,4.138263665594855
Netherlands,2021,netherlands_2021_35,2020-12-05,102,Peil.nl,,plus50,2.0,1.5916398713826365
Netherlands,2021,netherlands_2021_35,2020-12-05,102,Peil.nl,,sgp,4.0,2.864951768488746
Netherlands,2021,netherlands_2021_35,2020-12-05,102,Peil.nl,,denk,3.0,2.2282958199356915
Netherlands,2021,netherlands_2021_35,2020-12-05,102,Peil.nl,,fvd,4.0,2.864951768488746
Netherlands,2021,netherlands_2021_36,2020-11-27,110,Peil.nl,,vvd,36.0,23.237942122186496
Netherlands,2021,netherlands_2021_36,2020-11-27,110,Peil.nl,,pvv,28.0,18.144694533762056
Netherlands,2021,netherlands_2021_36,2020-11-27,110,Peil.nl,,cda,14.0,9.231511254019292
Netherlands,2021,netherlands_2021_36,2020-11-27,110,Peil.nl,,d66,13.0,8.594855305466238
Netherlands,2021,netherlands_2021_36,2020-11-27,110,Peil.nl,,gl,11.0,7.321543408360128
Netherlands,2021,netherlands_2021_36,2020-11-27,110,Peil.nl,,sp,10.0,6.684887459807075
Netherlands,2021,netherlands_2021_36,2020-11-27,110,Peil.nl,,pvda,13.0,8.594855305466238
Netherlands,2021,netherlands_2021_36,2020-11-27,110,Peil.nl,,cu,7.0,4.77491961414791
Netherlands,2021,netherlands_2021_36,2020-11-27,110,Peil.nl,,pvdd,6.0,4.138263665594855
Netherlands,2021,netherlands_2021_36,2020-11-27,110,Peil.nl,,plus50,2.0,1.5916398713826365
Netherlands,2021,netherlands_2021_36,2020-11-27,110,Peil.nl,,sgp,3.0,2.2282958199356915
Netherlands,2021,netherlands_2021_36,2020-11-27,110,Peil.nl,,denk,3.0,2.2282958199356915
Netherlands,2021,netherlands_2021_36,2020-11-27,110,Peil.nl,,fvd,3.0,2.2282958199356915
Netherlands,2021,netherlands_2021_37,2020-11-25,112,Ipsos,,vvd,39.0,24.987220447284347
Netherlands,2021,netherlands_2021_37,2020-11-25,112,Ipsos,,pvv,20.0,12.968051118210864
Netherlands,2021,netherlands_2021_37,2020-11-25,112,Ipsos,,cda,18.0,11.702875399361021
Netherlands,2021,netherlands_2021_37,2020-11-25,112,Ipsos,,d66,15.0,9.805111821086262
Netherlands,2021,netherlands_2021_37,2020-11-25,112,Ipsos,,gl,12.0,7.907348242811501
Netherlands,2021,netherlands_2021_37,2020-11-25,112,Ipsos,,sp,10.0,6.642172523961661
Netherlands,2021,netherlands_2021_37,2020-11-25,112,Ipsos,,pvda,14.0,9.17252396166134
Netherlands,2021,netherlands_2021_37,2020-11-25,112,Ipsos,,cu,6.0,4.111821086261981
Netherlands,2021,netherlands_2021_37,2020-11-25,112,Ipsos,,pvdd,5.0,3.4792332268370605
Netherlands,2021,netherlands_2021_37,2020-11-25,112,Ipsos,,plus50,1.0,0.9488817891373802
Netherlands,2021,netherlands_2021_37,2020-11-25,112,Ipsos,,sgp,3.0,2.2140575079872202
Netherlands,2021,netherlands_2021_37,2020-11-25,112,Ipsos,,denk,1.0,0.9488817891373802
Netherlands,2021,netherlands_2021_37,2020-11-25,112,Ipsos,,fvd,6.0,4.111821086261981
Netherlands,2021,netherlands_2021_38,2020-11-22,115,Peil.nl,,vvd,36.0,23.237942122186496
Netherlands,2021,netherlands_2021_38,2020-11-22,115,Peil.nl,,pvv,24.0,15.59807073954984
Netherlands,2021,netherlands_2021_38,2020-11-22,115,Peil.nl,,cda,13.0,8.594855305466238
Netherlands,2021,netherlands_2021_38,2020-11-22,115,Peil.nl,,d66,13.0,8.594855305466238
Netherlands,2021,netherlands_2021_38,2020-11-22,115,Peil.nl,,gl,12.0,7.958199356913183
Netherlands,2021,netherlands_2021_38,2020-11-22,115,Peil.nl,,sp,10.0,6.684887459807075
Netherlands,2021,netherlands_2021_38,2020-11-22,115,Peil.nl,,pvda,13.0,8.594855305466238
Netherlands,2021,netherlands_2021_38,2020-11-22,115,Peil.nl,,cu,7.0,4.77491961414791
Netherlands,2021,netherlands_2021_38,2020-11-22,115,Peil.nl,,pvdd,6.0,4.138263665594855
Netherlands,2021,netherlands_2021_38,2020-11-22,115,Peil.nl,,plus50,1.0,0.9549839228295821
Netherlands,2021,netherlands_2021_38,2020-11-22,115,Peil.nl,,sgp,3.0,2.2282958199356915
Netherlands,2021,netherlands_2021_38,2020-11-22,115,Peil.nl,,denk,3.0,2.2282958199356915
Netherlands,2021,netherlands_2021_38,2020-11-22,115,Peil.nl,,fvd,8.0,5.411575562700965
Netherlands,2021,netherlands_2021_39,2020-11-19,118,I&O Research,,vvd,44.0,28.150159744408942
Netherlands,2021,netherlands_2021_39,2020-11-19,118,I&O Research,,pvv,21.0,13.600638977635784
Netherlands,2021,netherlands_2021_39,2020-11-19,118,I&O Research,,cda,13.0,8.539936102236421
Netherlands,2021,netherlands_2021_39,2020-11-19,118,I&O Research,,d66,13.0,8.539936102236421
Netherlands,2021,netherlands_2021_39,2020-11-19,118,I&O Research,,gl,13.0,8.539936102236421
Netherlands,2021,netherlands_2021_39,2020-11-19,118,I&O Research,,sp,10.0,6.642172523961661
Netherlands,2021,netherlands_2021_39,2020-11-19,118,I&O Research,,pvda,13.0,8.539936102236421
Netherlands,2021,netherlands_2021_39,2020-11-19,118,I&O Research,,cu,7.0,4.744408945686901
Netherlands,2021,netherlands_2021_39,2020-11-19,118,I&O Research,,pvdd,4.0,2.8466453674121404
Netherlands,2021,netherlands_2021_39,2020-11-19,118,I&O Research,,plus50,1.0,0.9488817891373802
Netherlands,2021,netherlands_2021_39,2020-11-19,118,I&O Research,,sgp,3.0,2.2140575079872202
Netherlands,2021,netherlands_2021_39,2020-11-19,118,I&O Research,,denk,2.0,1.5814696485623003
Netherlands,2021,netherlands_2021_39,2020-11-19,118,I&O Research,,fvd,6.0,4.111821086261981
Netherlands,2023,netherlands_2023_0,2023-11-21,1,Peil.nl,,vvd,26.0,16.65392781316348
Netherlands,2023,netherlands_2023_0,2023-11-21,1,Peil.nl,,d66,8.0,5.341825902335457
Netherlands,2023,netherlands_2023_0,2023-11-21,1,Peil.nl,,pvv,29.0,18.539278131634823
Netherlands,2023,netherlands_2023_0,2023-11-21,1,Peil.nl,,cda,6.0,4.084925690021231
Netherlands,2023,netherlands_2023_0,2023-11-21,1,Peil.nl,,sp,5.0,3.456475583864119
Netherlands,2023,netherlands_2023_0,2023-11-21,1,Peil.nl,,glpvda,28.0,17.910828025477706
Netherlands,2023,netherlands_2023_0,2023-11-21,1,Peil.nl,,fvd,4.0,2.8280254777070066
Netherlands,2023,netherlands_2023_0,2023-11-21,1,Peil.nl,,pvdd,4.0,2.8280254777070066
Netherlands,2023,netherlands_2023_0,2023-11-21,1,Peil.nl,,cu,3.0,2.199575371549894
Netherlands,2023,netherlands_2023_0,2023-11-21,1,Peil.nl,,volt,3.0,2.199575371549894
Netherlands,2023,netherlands_2023_0,2023-11-21,1,Peil.nl,,ja21,1.0,0.9426751592356688
Netherlands,2023,netherlands_2023_0,2023-11-21,1,Peil.nl,,sgp,2.0,1.5711252653927814
Netherlands,2023,netherlands_2023_0,2023-11-21,1,Peil.nl,,denk,4.0,2.8280254777070066
Netherlands,2023,netherlands_2023_0,2023-11-21,1,Peil.nl,,plus50,0.0,0.3333333333333333
Netherlands,2023,netherlands_2023_0,2023-11-21,1,Peil.nl,,bbb,6.0,4.084925690021231
Netherlands,2023,netherlands_2023_0,2023-11-21,1,Peil.nl,,bij1,1.0,0.9426751592356688
Netherlands,2023,netherlands_2023_0,2023-11-21,1,Peil.nl,,nsc,19.0,12.254777070063694
Netherlands,2023,netherlands_2023_1,2023-11-21,1,I&O Research,2473.0,vvd,27.0,17.2790202342918
Netherlands,2023,netherlands_2023_1,2023-11-21,1,I&O Research,2473.0,d66,9.0,5.969116080937167
Netherlands,2023,netherlands_2023_1,2023-11-21,1,I&O Research,2473.0,pvv,28.0,17.9073482428115
Netherlands,2023,netherlands_2023_1,2023-11-21,1,I&O Research,2473.0,cda,4.0,2.827476038338658
Netherlands,2023,netherlands_2023_1,2023-11-21,1,I&O Research,2473.0,sp,6.0,4.084132055378062
Netherlands,2023,netherlands_2023_1,2023-11-21,1,I&O Research,2473.0,glpvda,27.0,17.2790202342918
Netherlands,2023,netherlands_2023_1,2023-11-21,1,I&O Research,2473.0,fvd,4.0,2.827476038338658
Netherlands,2023,netherlands_2023_1,2023-11-21,1,I&O Research,2473.0,pvdd,5.0,3.4558040468583595
Netherlands,2023,netherlands_2023_1,2023-11-21,1,I&O Research,2473.0,cu,3.0,2.1991480298189563
Netherlands,2023,netherlands_2023_1,2023-11-21,1,I&O Research,2473.0,volt,3.0,2.1991480298189563
Netherlands,2023,netherlands_2023_1,2023-11-21,1,I&O Research,2473.0,ja21,1.0,0.9424920127795526
Netherlands,2023,netherlands_2023_1,2023-11-21,1,I&O Research,2473.0,sgp,3.0,2.1991480298189563
Netherlands,2023,netherlands_2023_1,2023-11-21,1,I&O Research,2473.0,denk,3.0,2.1991480298189563
Netherlands,2023,netherlands_2023_1,2023-11-21,1,I&O Research,2473.0,plus50,0.0,0.3333333333333333
Netherlands,2023,netherlands_2023_1,2023-11-21,1,I&O Research,2473.0,bbb,5.0,3.4558040468583595
Netherlands,2023,netherlands_2023_1,2023-11-21,1,I&O Research,2473.0,bij1,0.0,0.3333333333333333
Netherlands,2023,netherlands_2023_1,2023-11-21,1,I&O Research,2473.0,nsc,21.0,13.509052183173589
Netherlands,2023,netherlands_2023_2,2023-11-21,1,Ipsos,2260.0,vvd,29.0,18.421940928270043
Netherlands,2023,netherlands_2023_2,2023-11-21,1,Ipsos,2260.0,d66,11.0,7.181434599156119
Netherlands,2023,netherlands_2023_2,2023-11-21,1,Ipsos,2260.0,pvv,27.0,17.172995780590718
Netherlands,2023,netherlands_2023_2,2023-11-21,1,Ipsos,2260.0,cda,4.0,2.810126582278481
Netherlands,2023,netherlands_2023_2,2023-11-21,1,Ipsos,2260.0,sp,5.0,3.4345991561181433
Netherlands,2023,netherlands_2023_2,2023-11-21,1,Ipsos,2260.0,glpvda,24.0,15.29957805907173
Netherlands,2023,netherlands_2023_2,2023-11-21,1,Ipsos,2260.0,fvd,3.0,2.1856540084388185
Netherlands,2023,netherlands_2023_2,2023-11-21,1,Ipsos,2260.0,pvdd,5.0,3.4345991561181433
Netherlands,2023,netherlands_2023_2,2023-11-21,1,Ipsos,2260.0,cu,4.0,2.810126582278481
Netherlands,2023,netherlands_2023_2,2023-11-21,1,Ipsos,2260.0,volt,4.0,2.810126582278481
Netherlands,2023,netherlands_2023_2,2023-11-21,1,Ipsos,2260.0,ja21,1.0,0.9367088607594938
Netherlands,2023,netherlands_2023_2,2023-11-21,1,Ipsos,2260.0,sgp,3.0,2.1856540084388185
Netherlands,2023,netherlands_2023_2,2023-11-21,1,Ipsos,2260.0,denk,4.0,2.810126582278481
Netherlands,2023,netherlands_2023_2,2023-11-21,1,Ipsos,2260.0,plus50,0.0,0.3333333333333333
Netherlands,2023,netherlands_2023_2,2023-11-21,1,Ipsos,2260.0,bbb,6.0,4.059071729957806
Netherlands,2023,netherlands_2023_2,2023-11-21,1,Ipsos,2260.0,bij1,1.0,0.9367088607594938
Netherlands,2023,netherlands_2023_2,2023-11-21,1,Ipsos,2260.0,nsc,19.0,12.177215189873419
Netherlands,2023,netherlands_2023_3,2023-11-20,2,I&O Research,2473.0,vvd,27.0,17.2790202342918
Netherlands,2023,netherlands_2023_3,2023-11-20,2,I&O Research,2473.0,d66,8.0,5.340788072417465
Netherlands,2023,netherlands_2023_3,2023-11-20,2,I&O Research,2473.0,pvv,26.0,16.650692225772097
Netherlands,2023,netherlands_2023_3,2023-11-20,2,I&O Research,2473.0,cda,4.0,2.827476038338658
Netherlands,2023,netherlands_2023_3,2023-11-20,2,I&O Research,2473.0,sp,6.0,4.084132055378062
Netherlands,2023,netherlands_2023_3,2023-11-20,2,I&O Research,2473.0,glpvda,27.0,17.2790202342918
Netherlands,2023,netherlands_2023_3,2023-11-20,2,I&O Research,2473.0,fvd,4.0,2.827476038338658
Netherlands,2023,netherlands_2023_3,2023-11-20,2,I&O Research,2473.0,pvdd,5.0,3.4558040468583595
Netherlands,2023,netherlands_2023_3,2023-11-20,2,I&O Research,2473.0,cu,4.0,2.827476038338658
Netherlands,2023,netherlands_2023_3,2023-11-20,2,I&O Research,2473.0,volt,3.0,2.1991480298189563
Netherlands,2023,netherlands_2023_3,2023-11-20,2,I&O Research,2473.0,ja21,2.0,1.5708200212992545
Netherlands,2023,netherlands_2023_3,2023-11-20,2,I&O Research,2473.0,sgp,3.0,2.1991480298189563
Netherlands,2023,netherlands_2023_3,2023-11-20,2,I&O Research,2473.0,denk,3.0,2.1991480298189563
Netherlands,2023,netherlands_2023_3,2023-11-20,2,I&O Research,2473.0,plus50,0.0,0.3333333333333333
Netherlands,2023,netherlands_2023_3,2023-11-20,2,I&O Research,2473.0,bbb,6.0,4.084132055378062
Netherlands,2023,netherlands_2023_3,2023-11-20,2,I&O Research,2473.0,bij1,0.0,0.3333333333333333
Netherlands,2023,netherlands_2023_3,2023-11-20,2,I&O Research,2473.0,nsc,21.0,13.509052183173589
Netherlands,2023,netherlands_2023_4,2023-11-18,4,Peil.nl,,vvd,26.0,16.65392781316348
Netherlands,2023,netherlands_2023_4,2023-11-18,4,Peil.nl,,d66,8.0,5.341825902335457
Netherlands,2023,netherlands_2023_4,2023-11-18,4,Peil.nl,,pvv,26.0,16.65392781316348
Netherlands,2023,netherlands_2023_4,2023-11-18,4,Peil.nl,,cda,6.0,4.084925690021231
Netherlands,2023,netherlands_2023_4,2023-11-18,4,Peil.nl,,sp,5.0,3.456475583864119
Netherlands,2023,netherlands_2023_4,2023-11-18,4,Peil.nl,,glpvda,23.0,14.768577494692144
Netherlands,2023,netherlands_2023_4,2023-11-18,4,Peil.nl,,fvd,5.0,3.456475583864119
Netherlands,2023,netherlands_2023_4,2023-11-18,4,Peil.nl,,pvdd,5.0,3.456475583864119
Netherlands,2023,netherlands_2023_4,2023-11-18,4,Peil.nl,,cu,3.0,2.199575371549894
Netherlands,2023,netherlands_2023_4,2023-11-18,4,Peil.nl,,volt,4.0,2.8280254777070066
Netherlands,2023,netherlands_2023_4,2023-11-18,4,Peil.nl,,ja21,1.0,0.9426751592356688
Netherlands,2023,netherlands_2023_4,2023-11-18,4,Peil.nl,,sgp,2.0,1.5711252653927814
Netherlands,2023,netherlands_2023_4,2023-11-18,4,Peil.nl,,denk,4.0,2.8280254777070066
Netherlands,2023,netherlands_2023_4,2023-11-18,4,Peil.nl,,plus50,0.0,0.3333333333333333
Netherlands,2023,netherlands_2023_4,2023-11-18,4,Peil.nl,,bbb,7.0,4.713375796178345
Netherlands,2023,netherlands_2023_4,2023-11-18,4,Peil.nl,,bij1,1.0,0.9426751592356688
Netherlands,2023,netherlands_2023_4,2023-11-18,4,Peil.nl,,nsc,23.0,14.768577494692144
Netherlands,2023,netherlands_2023_5,2023-11-14,8,I&O Research,2323.0,vvd,27.0,17.282377919320595
Netherlands,2023,netherlands_2023_5,2023-11-14,8,I&O Research,2323.0,d66,7.0,4.713375796178345
Netherlands,2023,netherlands_2023_5,2023-11-14,8,I&O Research,2323.0,pvv,20.0,12.883227176220807
Netherlands,2023,netherlands_2023_5,2023-11-14,8,I&O Research,2323.0,cda,4.0,2.8280254777070066
Netherlands,2023,netherlands_2023_5,2023-11-14,8,I&O Research,2323.0,sp,7.0,4.713375796178345
Netherlands,2023,netherlands_2023_5,2023-11-14,8,I&O Research,2323.0,glpvda,23.0,14.768577494692144
Netherlands,2023,netherlands_2023_5,2023-11-14,8,I&O Research,2323.0,fvd,4.0,2.8280254777070066
Netherlands,2023,netherlands_2023_5,2023-11-14,8,I&O Research,2323.0,pvdd,6.0,4.084925690021231
Netherlands,2023,netherlands_2023_5,2023-11-14,8,I&O Research,2323.0,cu,3.0,2.199575371549894
Netherlands,2023,netherlands_2023_5,2023-11-14,8,I&O Research,2323.0,volt,5.0,3.456475583864119
Netherlands,2023,netherlands_2023_5,2023-11-14,8,I&O Research,2323.0,ja21,1.0,0.9426751592356688
Netherlands,2023,netherlands_2023_5,2023-11-14,8,I&O Research,2323.0,sgp,4.0,2.8280254777070066
Netherlands,2023,netherlands_2023_5,2023-11-14,8,I&O Research,2323.0,denk,4.0,2.8280254777070066
Netherlands,2023,netherlands_2023_5,2023-11-14,8,I&O Research,2323.0,plus50,1.0,0.9426751592356688
Netherlands,2023,netherlands_2023_5,2023-11-14,8,I&O Research,2323.0,bbb,8.0,5.341825902335457
Netherlands,2023,netherlands_2023_5,2023-11-14,8,I&O Research,2323.0,bij1,0.0,0.3333333333333333
Netherlands,2023,netherlands_2023_5,2023-11-14,8,I&O Research,2323.0,nsc,25.0,16.02547770700637
Netherlands,2023,netherlands_2023_6,2023-11-13,9,Ipsos,2052.0,vvd,28.0,17.79746835443038
Netherlands,2023,netherlands_2023_6,2023-11-13,9,Ipsos,2052.0,d66,9.0,5.932489451476794
Netherlands,2023,netherlands_2023_6,2023-11-13,9,Ipsos,2052.0,pvv,17.0,10.928270042194093
Netherlands,2023,netherlands_2023_6,2023-11-13,9,Ipsos,2052.0,cda,4.0,2.810126582278481
Netherlands,2023,netherlands_2023_6,2023-11-13,9,Ipsos,2052.0,sp,5.0,3.4345991561181433
Netherlands,2023,netherlands_2023_6,2023-11-13,9,Ipsos,2052.0,glpvda,23.0,14.675105485232066
Netherlands,2023,netherlands_2023_6,2023-11-13,9,Ipsos,2052.0,fvd,4.0,2.810126582278481
Netherlands,2023,netherlands_2023_6,2023-11-13,9,Ipsos,2052.0,pvdd,7.0,4.683544303797469
Netherlands,2023,netherlands_2023_6,2023-11-13,9,Ipsos,2052.0,cu,5.0,3.4345991561181433
Netherlands,2023,netherlands_2023_6,2023-11-13,9,Ipsos,2052.0,volt,3.0,2.1856540084388185
Netherlands,2023,netherlands_2023_6,2023-11-13,9,Ipsos,2052.0,ja21,2.0,1.5611814345991564
Netherlands,2023,netherlands_2023_6,2023-11-13,9,Ipsos,2052.0,sgp,3.0,2.1856540084388185
Netherlands,2023,netherlands_2023_6,2023-11-13,9,Ipsos,2052.0,denk,4.0,2.810126582278481
Netherlands,2023,netherlands_2023_6,2023-11-13,9,Ipsos,2052.0,plus50,0.0,0.3333333333333333
Netherlands,2023,netherlands_2023_6,2023-11-13,9,Ipsos,2052.0,bbb,9.0,5.932489451476794
Netherlands,2023,netherlands_2023_6,2023-11-13,9,Ipsos,2052.0,bij1,1.0,0.9367088607594938
Netherlands,2023,netherlands_2023_6,2023-11-13,9,Ipsos,2052.0,nsc,26.0,16.548523206751057
Netherlands,2023,netherlands_2023_7,2023-11-11,11,Peil.nl,,vvd,27.0,17.282377919320595
Netherlands,2023,netherlands_2023_7,2023-11-11,11,Peil.nl,,d66,7.0,4.713375796178345
Netherlands,2023,netherlands_2023_7,2023-11-11,11,Peil.nl,,pvv,21.0,13.511677282377919
Netherlands,2023,netherlands_2023_7,2023-11-11,11,Peil.nl,,cda,5.0,3.456475583864119
Netherlands,2023,netherlands_2023_7,2023-11-11,11,Peil.nl,,sp,4.0,2.8280254777070066
Netherlands,2023,netherlands_2023_7,2023-11-11,11,Peil.nl,,glpvda,24.0,15.397027600849256
Netherlands,2023,netherlands_2023_7,2023-11-11,11,Peil.nl,,fvd,5.0,3.456475583864119
Netherlands,2023,netherlands_2023_7,2023-11-11,11,Peil.nl,,pvdd,4.0,2.8280254777070066
Netherlands,2023,netherlands_2023_7,2023-11-11,11,Peil.nl,,cu,3.0,2.199575371549894
Netherlands,2023,netherlands_2023_7,2023-11-11,11,Peil.nl,,volt,4.0,2.8280254777070066
Netherlands,2023,netherlands_2023_7,2023-11-11,11,Peil.nl,,ja21,1.0,0.9426751592356688
Netherlands,2023,netherlands_2023_7,2023-11-11,11,Peil.nl,,sgp,2.0,1.5711252653927814
Netherlands,2023,netherlands_2023_7,2023-11-11,11,Peil.nl,,denk,4.0,2.8280254777070066
Netherlands,2023,netherlands_2023_7,2023-11-11,11,Peil.nl,,plus50,0.0,0.3333333333333333
Netherlands,2023,netherlands_2023_7,2023-11-11,11,Peil.nl,,bbb,9.0,5.9702760084925695
Netherlands,2023,netherlands_2023_7,2023-11-11,11,Peil.nl,,bij1,1.0,0.9426751592356688
Netherlands,2023,netherlands_2023_7,2023-11-11,11,Peil.nl,,nsc,28.0,17.910828025477706
Netherlands,2023,netherlands_2023_8,2023-11-07,15,I&O Research,2190.0,vvd,26.0,16.650692225772097
Netherlands,2023,netherlands_2023_8,2023-11-07,15,I&O Research,2190.0,d66,8.0,5.340788072417465
Netherlands,2023,netherlands_2023_8,2023-11-07,15,I&O Research,2190.0,pvv,18.0,11.624068157614483
Netherlands,2023,netherlands_2023_8,2023-11-07,15,I&O Research,2190.0,cda,4.0,2.827476038338658
Netherlands,2023,netherlands_2023_8,2023-11-07,15,I&O Research,2190.0,sp,6.0,4.084132055378062
Netherlands,2023,netherlands_2023_8,2023-11-07,15,I&O Research,2190.0,glpvda,24.0,15.394036208732695
Netherlands,2023,netherlands_2023_8,2023-11-07,15,I&O Research,2190.0,fvd,5.0,3.4558040468583595
Netherlands,2023,netherlands_2023_8,2023-11-07,15,I&O Research,2190.0,pvdd,5.0,3.4558040468583595
Netherlands,2023,netherlands_2023_8,2023-11-07,15,I&O Research,2190.0,cu,3.0,2.1991480298189563
Netherlands,2023,netherlands_2023_8,2023-11-07,15,I&O Research,2190.0,volt,5.0,3.4558040468583595
Netherlands,2023,netherlands_2023_8,2023-11-07,15,I&O Research,2190.0,ja21,1.0,0.9424920127795526
Netherlands,2023,netherlands_2023_8,2023-11-07,15,I&O Research,2190.0,sgp,3.0,2.1991480298189563
Netherlands,2023,netherlands_2023_8,2023-11-07,15,I&O Research,2190.0,denk,4.0,2.827476038338658
Netherlands,2023,netherlands_2023_8,2023-11-07,15,I&O Research,2190.0,plus50,0.0,0.3333333333333333
Netherlands,2023,netherlands_2023_8,2023-11-07,15,I&O Research,2190.0,bbb,8.0,5.340788072417465
Netherlands,2023,netherlands_2023_8,2023-11-07,15,I&O Research,2190.0,bij1,0.0,0.3333333333333333
Netherlands,2023,netherlands_2023_8,2023-11-07,15,I&O Research,2190.0,nsc,29.0,18.535676251331203
Netherlands,2023,netherlands_2023_9,2023-11-04,18,Peil.nl,,vvd,26.0,16.65392781316348
Netherlands,2023,netherlands_2023_9,2023-11-04,18,Peil.nl,,d66,7.0,4.713375796178345
Netherlands,2023,netherlands_2023_9,2023-11-04,18,Peil.nl,,pvv,19.0,12.254777070063694
Netherlands,2023,netherlands_2023_9,2023-11-04,18,Peil.nl,,cda,4.0,2.8280254777070066
Netherlands,2023,netherlands_2023_9,2023-11-04,18,Peil.nl,,sp,4.0,2.8280254777070066
Netherlands,2023,netherlands_2023_9,2023-11-04,18,Peil.nl,,glpvda,25.0,16.02547770700637
Netherlands,2023,netherlands_2023_9,2023-11-04,18,Peil.nl,,fvd,5.0,3.456475583864119
Netherlands,2023,netherlands_2023_9,2023-11-04,18,Peil.nl,,pvdd,5.0,3.456475583864119
Netherlands,2023,netherlands_2023_9,2023-11-04,18,Peil.nl,,cu,3.0,2.199575371549894
Netherlands,2023,netherlands_2023_9,2023-11-04,18,Peil.nl,,volt,4.0,2.8280254777070066
Netherlands,2023,netherlands_2023_9,2023-11-04,18,Peil.nl,,ja21,2.0,1.5711252653927814
Netherlands,2023,netherlands_2023_9,2023-11-04,18,Peil.nl,,sgp,2.0,1.5711252653927814
Netherlands,2023,netherlands_2023_9,2023-11-04,18,Peil.nl,,denk,3.0,2.199575371549894
Netherlands,2023,netherlands_2023_9,2023-11-04,18,Peil.nl,,plus50,0.0,0.3333333333333333
Netherlands,2023,netherlands_2023_9,2023-11-04,18,Peil.nl,,bbb,9.0,5.9702760084925695
Netherlands,2023,netherlands_2023_9,2023-11-04,18,Peil.nl,,bij1,1.0,0.9426751592356688
Netherlands,2023,netherlands_2023_9,2023-11-04,18,Peil.nl,,nsc,30.0,19.167728237791934
Netherlands,2023,netherlands_2023_10,2023-10-30,23,Ipsos,1924.0,vvd,28.0,17.79746835443038
Netherlands,2023,netherlands_2023_10,2023-10-30,23,Ipsos,1924.0,d66,8.0,5.308016877637131
Netherlands,2023,netherlands_2023_10,2023-10-30,23,Ipsos,1924.0,pvv,17.0,10.928270042194093
Netherlands,2023,netherlands_2023_10,2023-10-30,23,Ipsos,1924.0,cda,4.0,2.810126582278481
Netherlands,2023,netherlands_2023_10,2023-10-30,23,Ipsos,1924.0,sp,5.0,3.4345991561181433
Netherlands,2023,netherlands_2023_10,2023-10-30,23,Ipsos,1924.0,glpvda,22.0,14.050632911392407
Netherlands,2023,netherlands_2023_10,2023-10-30,23,Ipsos,1924.0,fvd,4.0,2.810126582278481
Netherlands,2023,netherlands_2023_10,2023-10-30,23,Ipsos,1924.0,pvdd,7.0,4.683544303797469
Netherlands,2023,netherlands_2023_10,2023-10-30,23,Ipsos,1924.0,cu,4.0,2.810126582278481
Netherlands,2023,netherlands_2023_10,2023-10-30,23,Ipsos,1924.0,volt,3.0,2.1856540084388185
Netherlands,2023,netherlands_2023_10,2023-10-30,23,Ipsos,1924.0,ja21,2.0,1.5611814345991564
Netherlands,2023,netherlands_2023_10,2023-10-30,23,Ipsos,1924.0,sgp,3.0,2.1856540084388185
Netherlands,2023,netherlands_2023_10,2023-10-30,23,Ipsos,1924.0,denk,4.0,2.810126582278481
Netherlands,2023,netherlands_2023_10,2023-10-30,23,Ipsos,1924.0,plus50,0.0,0.3333333333333333
Netherlands,2023,netherlands_2023_10,2023-10-30,23,Ipsos,1924.0,bbb,12.0,7.805907172995782
Netherlands,2023,netherlands_2023_10,2023-10-30,23,Ipsos,1924.0,bij1,1.0,0.9367088607594938
Netherlands,2023,netherlands_2023_10,2023-10-30,23,Ipsos,1924.0,nsc,26.0,16.548523206751057
Netherlands,2023,netherlands_2023_11,2023-10-28,25,Peil.nl,,vvd,26.0,16.650692225772097
Netherlands,2023,netherlands_2023_11,2023-10-28,25,Peil.nl,,d66,7.0,4.712460063897763
Netherlands,2023,netherlands_2023_11,2023-10-28,25,Peil.nl,,pvv,19.0,12.252396166134185
Netherlands,2023,netherlands_2023_11,2023-10-28,25,Peil.nl,,cda,5.0,3.4558040468583595
Netherlands,2023,netherlands_2023_11,2023-10-28,25,Peil.nl,,sp,4.0,2.827476038338658
Netherlands,2023,netherlands_2023_11,2023-10-28,25,Peil.nl,,glpvda,24.0,15.394036208732695
Netherlands,2023,netherlands_2023_11,2023-10-28,25,Peil.nl,,fvd,5.0,3.4558040468583595
Netherlands,2023,netherlands_2023_11,2023-10-28,25,Peil.nl,,pvdd,4.0,2.827476038338658
Netherlands,2023,netherlands_2023_11,2023-10-28,25,Peil.nl,,cu,4.0,2.827476038338658
Netherlands,2023,netherlands_2023_11,2023-10-28,25,Peil.nl,,volt,4.0,2.827476038338658
Netherlands,2023,netherlands_2023_11,2023-10-28,25,Peil.nl,,ja21,2.0,1.5708200212992545
Netherlands,2023,netherlands_2023_11,2023-10-28,25,Peil.nl,,sgp,2.0,1.5708200212992545
Netherlands,2023,netherlands_2023_11,2023-10-28,25,Peil.nl,,denk,3.0,2.1991480298189563
Netherlands,2023,netherlands_2023_11,2023-10-28,25,Peil.nl,,plus50,0.0,0.3333333333333333
Netherlands,2023,netherlands_2023_11,2023-10-28,25,Peil.nl,,bbb,9.0,5.969116080937167
Netherlands,2023,netherlands_2023_11,2023-10-28,25,Peil.nl,,bij1,0.0,0.3333333333333333
Netherlands,2023,netherlands_2023_11,2023-10-28,25,Peil.nl,,nsc,31.0,19.792332268370608
Netherlands,2023,netherlands_2023_12,2023-10-24,29,I&O Research,2225.0,vvd,26.0,16.544973544973544
Netherlands,2023,netherlands_2023_12,2023-10-24,29,I&O Research,2225.0,d66,6.0,4.058201058201058
Netherlands,2023,netherlands_2023_12,2023-10-24,29,I&O Research,2225.0,pvv,19.0,12.174603174603174
Netherlands,2023,netherlands_2023_12,2023-10-24,29,I&O Research,2225.0,cda,4.0,2.8095238095238093
Netherlands,2023,netherlands_2023_12,2023-10-24,29,I&O Research,2225.0,sp,5.0,3.433862433862434
Netherlands,2023,netherlands_2023_12,2023-10-24,29,I&O Research,2225.0,glpvda,25.0,15.920634920634921
Netherlands,2023,netherlands_2023_12,2023-10-24,29,I&O Research,2225.0,fvd,4.0,2.8095238095238093
Netherlands,2023,netherlands_2023_12,2023-10-24,29,I&O Research,2225.0,pvdd,7.0,4.682539682539682
Netherlands,2023,netherlands_2023_12,2023-10-24,29,I&O Research,2225.0,cu,3.0,2.185185185185185
Netherlands,2023,netherlands_2023_12,2023-10-24,29,I&O Research,2225.0,volt,5.0,3.433862433862434
Netherlands,2023,netherlands_2023_12,2023-10-24,29,I&O Research,2225.0,ja21,2.0,1.5608465608465607
Netherlands,2023,netherlands_2023_12,2023-10-24,29,I&O Research,2225.0,sgp,3.0,2.185185185185185
Netherlands,2023,netherlands_2023_12,2023-10-24,29,I&O Research,2225.0,denk,3.0,2.185185185185185
Netherlands,2023,netherlands_2023_12,2023-10-24,29,I&O Research,2225.0,plus50,0.0,0.3333333333333333
Netherlands,2023,netherlands_2023_12,2023-10-24,29,I&O Research,2225.0,bbb,11.0,7.1798941798941796
Netherlands,2023,netherlands_2023_12,2023-10-24,29,I&O Research,2225.0,bij1,0.0,0.3333333333333333
Netherlands,2023,netherlands_2023_12,2023-10-24,29,I&O Research,2225.0,nsc,27.0,17.169312169312168
Netherlands,2023,netherlands_2023_13,2023-10-21,32,Peil.nl,,vvd,26.0,16.650692225772097
Netherlands,2023,netherlands_2023_13,2023-10-21,32,Peil.nl,,d66,7.0,4.712460063897763
Netherlands,2023,netherlands_2023_13,2023-10-21,32,Peil.nl,,pvv,20.0,12.880724174653887
Netherlands,2023,netherlands_2023_13,2023-10-21,32,Peil.nl,,cda,5.0,3.4558040468583595
Netherlands,2023,netherlands_2023_13,2023-10-21,32,Peil.nl,,sp,4.0,2.827476038338658
Netherlands,2023,netherlands_2023_13,2023-10-21,32,Peil.nl,,glpvda,24.0,15.394036208732695
Netherlands,2023,netherlands_2023_13,2023-10-21,32,Peil.nl,,fvd,5.0,3.4558040468583595
Netherlands,2023,netherlands_2023_13,2023-10-21,32,Peil.nl,,pvdd,4.0,2.827476038338658
Netherlands,2023,netherlands_2023_13,2023-10-21,32,Peil.nl,,cu,4.0,2.827476038338658
Netherlands,2023,netherlands_2023_13,2023-10-21,32,Peil.nl,,volt,4.0,2.827476038338658
Netherlands,2023,netherlands_2023_13,2023-10-21,32,Peil.nl,,ja21,2.0,1.5708200212992545
Netherlands,2023,netherlands_2023_13,2023-10-21,32,Peil.nl,,sgp,2.0,1.5708200212992545
Netherlands,2023,netherlands_2023_13,2023-10-21,32,Peil.nl,,denk,3.0,2.1991480298189563
Netherlands,2023,netherlands_2023_13,2023-10-21,32,Peil.nl,,plus50,0.0,0.3333333333333333
Netherlands,2023,netherlands_2023_13,2023-10-21,32,Peil.nl,,bbb,11.0,7.22577209797657
Netherlands,2023,netherlands_2023_13,2023-10-21,32,Peil.nl,,bij1,0.0,0.3333333333333333
Netherlands,2023,netherlands_2023_13,2023-10-21,32,Peil.nl,,nsc,28.0,17.9073482428115
Netherlands,2023,netherlands_2023_14,2023-10-16,37,Ipsos,1013.0,vvd,28.0,17.79746835443038
Netherlands,2023,netherlands_2023_14,2023-10-16,37,Ipsos,1013.0,d66,7.0,4.683544303797469
Netherlands,2023,netherlands_2023_14,2023-10-16,37,Ipsos,1013.0,pvv,18.0,11.552742616033756
Netherlands,2023,netherlands_2023_14,2023-10-16,37,Ipsos,1013.0,cda,4.0,2.810126582278481
Netherlands,2023,netherlands_2023_14,2023-10-16,37,Ipsos,1013.0,sp,6.0,4.059071729957806
Netherlands,2023,netherlands_2023_14,2023-10-16,37,Ipsos,1013.0,glpvda,20.0,12.80168776371308
Netherlands,2023,netherlands_2023_14,2023-10-16,37,Ipsos,1013.0,fvd,4.0,2.810126582278481
Netherlands,2023,netherlands_2023_14,2023-10-16,37,Ipsos,1013.0,pvdd,7.0,4.683544303797469
Netherlands,2023,netherlands_2023_14,2023-10-16,37,Ipsos,1013.0,cu,4.0,2.810126582278481
Netherlands,2023,netherlands_2023_14,2023-10-16,37,Ipsos,1013.0,volt,3.0,2.1856540084388185
Netherlands,2023,netherlands_2023_14,2023-10-16,37,Ipsos,1013.0,ja21,2.0,1.5611814345991564
Netherlands,2023,netherlands_2023_14,2023-10-16,37,Ipsos,1013.0,sgp,3.0,2.1856540084388185
Netherlands,2023,netherlands_2023_14,2023-10-16,37,Ipsos,1013.0,denk,4.0,2.810126582278481
Netherlands,2023,netherlands_2023_14,2023-10-16,37,Ipsos,1013.0,plus50,0.0,0.3333333333333333
Netherlands,2023,netherlands_2023_14,2023-10-16,37,Ipsos,1013.0,bbb,12.0,7.805907172995782
Netherlands,2023,netherlands_2023_14,2023-10-16,37,Ipsos,1013.0,bij1,1.0,0.9367088607594938
Netherlands,2023,netherlands_2023_14,2023-10-16,37,Ipsos,1013.0,nsc,27.0,17.172995780590718
Netherlands,2023,netherlands_2023_15,2023-10-14,39,Peil.nl,,vvd,26.0,16.650692225772097
Netherlands,2023,netherlands_2023_15,2023-10-14,39,Peil.nl,,d66,7.0,4.712460063897763
Netherlands,2023,netherlands_2023_15,2023-10-14,39,Peil.nl,,pvv,20.0,12.880724174653887
Netherlands,2023,netherlands_2023_15,2023-10-14,39,Peil.nl,,cda,6.0,4.084132055378062
Netherlands,2023,netherlands_2023_15,2023-10-14,39,Peil.nl,,sp,4.0,2.827476038338658
Netherlands,2023,netherlands_2023_15,2023-10-14,39,Peil.nl,,glpvda,24.0,15.394036208732695
Netherlands,2023,netherlands_2023_15,2023-10-14,39,Peil.nl,,fvd,5.0,3.4558040468583595
Netherlands,2023,netherlands_2023_15,2023-10-14,39,Peil.nl,,pvdd,4.0,2.827476038338658
Netherlands,2023,netherlands_2023_15,2023-10-14,39,Peil.nl,,cu,4.0,2.827476038338658
Netherlands,2023,netherlands_2023_15,2023-10-14,39,Peil.nl,,volt,4.0,2.827476038338658
Netherlands,2023,netherlands_2023_15,2023-10-14,39,Peil.nl,,ja21,1.0,0.9424920127795526
Netherlands,2023,netherlands_2023_15,2023-10-14,39,Peil.nl,,sgp,2.0,1.5708200212992545
Netherlands,2023,netherlands_2023_15,2023-10-14,39,Peil.nl,,denk,2.0,1.5708200212992545
Netherlands,2023,netherlands_2023_15,2023-10-14,39,Peil.nl,,plus50,0.0,0.3333333333333333
Netherlands,2023,netherlands_2023_15,2023-10-14,39,Peil.nl,,bbb,12.0,7.854100106496272
Netherlands,2023,netherlands_2023_15,2023-10-14,39,Peil.nl,,bij1,0.0,0.3333333333333333
Netherlands,2023,netherlands_2023_15,2023-10-14,39,Peil.nl,,nsc,28.0,17.9073482428115
Netherlands,2023,netherlands_2023_16,2023-10-09,44,I&O Research,2293.0,vvd,27.0,17.169312169312168
Netherlands,2023,netherlands_2023_16,2023-10-09,44,I&O Research,2293.0,d66,6.0,4.058201058201058
Netherlands,2023,netherlands_2023_16,2023-10-09,44,I&O Research,2293.0,pvv,18.0,11.550264550264549
Netherlands,2023,netherlands_2023_16,2023-10-09,44,I&O Research,2293.0,cda,5.0,3.433862433862434
Netherlands,2023,netherlands_2023_16,2023-10-09,44,I&O Research,2293.0,sp,5.0,3.433862433862434
Netherlands,2023,netherlands_2023_16,2023-10-09,44,I&O Research,2293.0,glpvda,26.0,16.544973544973544
Netherlands,2023,netherlands_2023_16,2023-10-09,44,I&O Research,2293.0,fvd,5.0,3.433862433862434
Netherlands,2023,netherlands_2023_16,2023-10-09,44,I&O Research,2293.0,pvdd,6.0,4.058201058201058
Netherlands,2023,netherlands_2023_16,2023-10-09,44,I&O Research,2293.0,cu,3.0,2.185185185185185
Netherlands,2023,netherlands_2023_16,2023-10-09,44,I&O Research,2293.0,volt,4.0,2.8095238095238093
Netherlands,2023,netherlands_2023_16,2023-10-09,44,I&O Research,2293.0,ja21,2.0,1.5608465608465607
Netherlands,2023,netherlands_2023_16,2023-10-09,44,I&O Research,2293.0,sgp,3.0,2.185185185185185
Netherlands,2023,netherlands_2023_16,2023-10-09,44,I&O Research,2293.0,denk,3.0,2.185185185185185
Netherlands,2023,netherlands_2023_16,2023-10-09,44,I&O Research,2293.0,plus50,0.0,0.3333333333333333
Netherlands,2023,netherlands_2023_16,2023-10-09,44,I&O Research,2293.0,bbb,11.0,7.1798941798941796
Netherlands,2023,netherlands_2023_16,2023-10-09,44,I&O Research,2293.0,bij1,0.0,0.3333333333333333
Netherlands,2023,netherlands_2023_16,2023-10-09,44,I&O Research,2293.0,nsc,26.0,16.544973544973544
Netherlands,2023,netherlands_2023_17,2023-10-07,46,Peil.nl,,vvd,25.0,16.022364217252395
Netherlands,2023,netherlands_2023_17,2023-10-07,46,Peil.nl,,d66,7.0,4.712460063897763
Netherlands,2023,netherlands_2023_17,2023-10-07,46,Peil.nl,,pvv,19.0,12.252396166134185
Netherlands,2023,netherlands_2023_17,2023-10-07,46,Peil.nl,,cda,6.0,4.084132055378062
Netherlands,2023,netherlands_2023_17,2023-10-07,46,Peil.nl,,sp,4.0,2.827476038338658
Netherlands,2023,netherlands_2023_17,2023-10-07,46,Peil.nl,,glpvda,24.0,15.394036208732695
Netherlands,2023,netherlands_2023_17,2023-10-07,46,Peil.nl,,fvd,5.0,3.4558040468583595
Netherlands,2023,netherlands_2023_17,2023-10-07,46,Peil.nl,,pvdd,5.0,3.4558040468583595
Netherlands,2023,netherlands_2023_17,2023-10-07,46,Peil.nl,,cu,4.0,2.827476038338658
Netherlands,2023,netherlands_2023_17,2023-10-07,46,Peil.nl,,volt,4.0,2.827476038338658
Netherlands,2023,netherlands_2023_17,2023-10-07,46,Peil.nl,,ja21,1.0,0.9424920127795526
Netherlands,2023,netherlands_2023_17,2023-10-07,46,Peil.nl,,sgp,2.0,1.5708200212992545
Netherlands,2023,netherlands_2023_17,2023-10-07,46,Peil.nl,,denk,2.0,1.5708200212992545
Netherlands,2023,netherlands_2023_17,2023-10-07,46,Peil.nl,,plus50,0.0,0.3333333333333333
Netherlands,2023,netherlands_2023_17,2023-10-07,46,Peil.nl,,bbb,13.0,8.482428115015974
Netherlands,2023,netherlands_2023_17,2023-10-07,46,Peil.nl,,bij1,0.0,0.3333333333333333
Netherlands,2023,netherlands_2023_17,2023-10-07,46,Peil.nl,,nsc,28.0,17.9073482428115
Netherlands,2023,netherlands_2023_18,2023-09-25,58,I&O Research,2288.0,vvd,27.0,17.169312169312168
Netherlands,2023,netherlands_2023_18,2023-09-25,58,I&O Research,2288.0,d66,5.0,3.433862433862434
Netherlands,2023,netherlands_2023_18,2023-09-25,58,I&O Research,2288.0,pvv,18.0,11.550264550264549
Netherlands,2023,netherlands_2023_18,2023-09-25,58,I&O Research,2288.0,cda,5.0,3.433862433862434
Netherlands,2023,netherlands_2023_18,2023-09-25,58,I&O Research,2288.0,sp,5.0,3.433862433862434
Netherlands,2023,netherlands_2023_18,2023-09-25,58,I&O Research,2288.0,glpvda,29.0,18.417989417989418
Netherlands,2023,netherlands_2023_18,2023-09-25,58,I&O Research,2288.0,fvd,4.0,2.8095238095238093
Netherlands,2023,netherlands_2023_18,2023-09-25,58,I&O Research,2288.0,pvdd,6.0,4.058201058201058
Netherlands,2023,netherlands_2023_18,2023-09-25,58,I&O Research,2288.0,cu,4.0,2.8095238095238093
Netherlands,2023,netherlands_2023_18,2023-09-25,58,I&O Research,2288.0,volt,3.0,2.185185185185185
Netherlands,2023,netherlands_2023_18,2023-09-25,58,I&O Research,2288.0,ja21,1.0,0.9365079365079365
Netherlands,2023,netherlands_2023_18,2023-09-25,58,I&O Research,2288.0,sgp,4.0,2.8095238095238093
Netherlands,2023,netherlands_2023_18,2023-09-25,58,I&O Research,2288.0,denk,2.0,1.5608465608465607
Netherlands,2023,netherlands_2023_18,2023-09-25,58,I&O Research,2288.0,plus50,0.0,0.3333333333333333
Netherlands,2023,netherlands_2023_18,2023-09-25,58,I&O Research,2288.0,bbb,12.0,7.804232804232804
Netherlands,2023,netherlands_2023_18,2023-09-25,58,I&O Research,2288.0,bij1,0.0,0.3333333333333333
Netherlands,2023,netherlands_2023_18,2023-09-25,58,I&O Research,2288.0,nsc,25.0,15.920634920634921
Netherlands,2023,netherlands_2023_19,2023-09-25,58,Ipsos,1020.0,vvd,27.0,17.172995780590718
Netherlands,2023,netherlands_2023_19,2023-09-25,58,Ipsos,1020.0,d66,9.0,5.932489451476794
Netherlands,2023,netherlands_2023_19,2023-09-25,58,Ipsos,1020.0,pvv,18.0,11.552742616033756
Netherlands,2023,netherlands_2023_19,2023-09-25,58,Ipsos,1020.0,cda,4.0,2.810126582278481
Netherlands,2023,netherlands_2023_19,2023-09-25,58,Ipsos,1020.0,sp,5.0,3.4345991561181433
Netherlands,2023,netherlands_2023_19,2023-09-25,58,Ipsos,1020.0,glpvda,21.0,13.426160337552744
Netherlands,2023,netherlands_2023_19,2023-09-25,58,Ipsos,1020.0,fvd,3.0,2.1856540084388185
Netherlands,2023,netherlands_2023_19,2023-09-25,58,Ipsos,1020.0,pvdd,7.0,4.683544303797469
Netherlands,2023,netherlands_2023_19,2023-09-25,58,Ipsos,1020.0,cu,5.0,3.4345991561181433
Netherlands,2023,netherlands_2023_19,2023-09-25,58,Ipsos,1020.0,volt,3.0,2.1856540084388185
Netherlands,2023,netherlands_2023_19,2023-09-25,58,Ipsos,1020.0,ja21,3.0,2.1856540084388185
Netherlands,2023,netherlands_2023_19,2023-09-25,58,Ipsos,1020.0,sgp,3.0,2.1856540084388185
Netherlands,2023,netherlands_2023_19,2023-09-25,58,Ipsos,1020.0,denk,3.0,2.1856540084388185
Netherlands,2023,netherlands_2023_19,2023-09-25,58,Ipsos,1020.0,plus50,0.0,0.3333333333333333
Netherlands,2023,netherlands_2023_19,2023-09-25,58,Ipsos,1020.0,bbb,13.0,8.430379746835444
Netherlands,2023,netherlands_2023_19,2023-09-25,58,Ipsos,1020.0,bij1,1.0,0.9367088607594938
Netherlands,2023,netherlands_2023_19,2023-09-25,58,Ipsos,1020.0,nsc,25.0,15.924050632911394
Netherlands,2023,netherlands_2023_20,2023-09-22,61,Peil.nl,,vvd,24.0,15.397027600849256
Netherlands,2023,netherlands_2023_20,2023-09-22,61,Peil.nl,,d66,7.0,4.713375796178345
Netherlands,2023,netherlands_2023_20,2023-09-22,61,Peil.nl,,pvv,17.0,10.99787685774947
Netherlands,2023,netherlands_2023_20,2023-09-22,61,Peil.nl,,cda,6.0,4.084925690021231
Netherlands,2023,netherlands_2023_20,2023-09-22,61,Peil.nl,,sp,4.0,2.8280254777070066
Netherlands,2023,netherlands_2023_20,2023-09-22,61,Peil.nl,,glpvda,24.0,15.397027600849256
Netherlands,2023,netherlands_2023_20,2023-09-22,61,Peil.nl,,fvd,5.0,3.456475583864119
Netherlands,2023,netherlands_2023_20,2023-09-22,61,Peil.nl,,pvdd,6.0,4.084925690021231
Netherlands,2023,netherlands_2023_20,2023-09-22,61,Peil.nl,,cu,4.0,2.8280254777070066
Netherlands,2023,netherlands_2023_20,2023-09-22,61,Peil.nl,,volt,4.0,2.8280254777070066
Netherlands,2023,netherlands_2023_20,2023-09-22,61,Peil.nl,,ja21,2.0,1.5711252653927814
Netherlands,2023,netherlands_2023_20,2023-09-22,61,Peil.nl,,sgp,2.0,1.5711252653927814
Netherlands,2023,netherlands_2023_20,2023-09-22,61,Peil.nl,,denk,2.0,1.5711252653927814
Netherlands,2023,netherlands_2023_20,2023-09-22,61,Peil.nl,,plus50,1.0,0.9426751592356688
Netherlands,2023,netherlands_2023_20,2023-09-22,61,Peil.nl,,bbb,14.0,9.112526539278132
Netherlands,2023,netherlands_2023_20,2023-09-22,61,Peil.nl,,bij1,0.0,0.3333333333333333
Netherlands,2023,netherlands_2023_20,2023-09-22,61,Peil.nl,,nsc,27.0,17.282377919320595
Netherlands,2023,netherlands_2023_21,2023-09-11,72,I&O Research,2412.0,vvd,25.0,15.924050632911394
Netherlands,2023,netherlands_2023_21,2023-09-11,72,I&O Research,2412.0,d66,6.0,4.059071729957806
Netherlands,2023,netherlands_2023_21,2023-09-11,72,I&O Research,2412.0,pvv,14.0,9.054852320675106
Netherlands,2023,netherlands_2023_21,2023-09-11,72,I&O Research,2412.0,cda,4.0,2.810126582278481
Netherlands,2023,netherlands_2023_21,2023-09-11,72,I&O Research,2412.0,sp,5.0,3.4345991561181433
Netherlands,2023,netherlands_2023_21,2023-09-11,72,I&O Research,2412.0,glpvda,27.0,17.172995780590718
Netherlands,2023,netherlands_2023_21,2023-09-11,72,I&O Research,2412.0,fvd,4.0,2.810126582278481
Netherlands,2023,netherlands_2023_21,2023-09-11,72,I&O Research,2412.0,pvdd,7.0,4.683544303797469
Netherlands,2023,netherlands_2023_21,2023-09-11,72,I&O Research,2412.0,cu,4.0,2.810126582278481
Netherlands,2023,netherlands_2023_21,2023-09-11,72,I&O Research,2412.0,volt,4.0,2.810126582278481
Netherlands,2023,netherlands_2023_21,2023-09-11,72,I&O Research,2412.0,ja21,1.0,0.9367088607594938
Netherlands,2023,netherlands_2023_21,2023-09-11,72,I&O Research,2412.0,sgp,4.0,2.810126582278481
Netherlands,2023,netherlands_2023_21,2023-09-11,72,I&O Research,2412.0,denk,2.0,1.5611814345991564
Netherlands,2023,netherlands_2023_21,2023-09-11,72,I&O Research,2412.0,plus50,1.0,0.9367088607594938
Netherlands,2023,netherlands_2023_21,2023-09-11,72,I&O Research,2412.0,bbb,14.0,9.054852320675106
Netherlands,2023,netherlands_2023_21,2023-09-11,72,I&O Research,2412.0,bij1,0.0,0.3333333333333333
Netherlands,2023,netherlands_2023_21,2023-09-11,72,I&O Research,2412.0,nsc,28.0,17.79746835443038
Netherlands,2023,netherlands_2023_22,2023-09-09,74,Peil.nl,,vvd,26.0,16.650692225772097
Netherlands,2023,netherlands_2023_22,2023-09-09,74,Peil.nl,,d66,7.0,4.712460063897763
Netherlands,2023,netherlands_2023_22,2023-09-09,74,Peil.nl,,pvv,15.0,9.739084132055376
Netherlands,2023,netherlands_2023_22,2023-09-09,74,Peil.nl,,cda,6.0,4.084132055378062
Netherlands,2023,netherlands_2023_22,2023-09-09,74,Peil.nl,,sp,4.0,2.827476038338658
Netherlands,2023,netherlands_2023_22,2023-09-09,74,Peil.nl,,glpvda,23.0,14.765708200212993
Netherlands,2023,netherlands_2023_22,2023-09-09,74,Peil.nl,,fvd,5.0,3.4558040468583595
Netherlands,2023,netherlands_2023_22,2023-09-09,74,Peil.nl,,pvdd,7.0,4.712460063897763
Netherlands,2023,netherlands_2023_22,2023-09-09,74,Peil.nl,,cu,3.0,2.1991480298189563
Netherlands,2023,netherlands_2023_22,2023-09-09,74,Peil.nl,,volt,3.0,2.1991480298189563
Netherlands,2023,netherlands_2023_22,2023-09-09,74,Peil.nl,,ja21,2.0,1.5708200212992545
Netherlands,2023,netherlands_2023_22,2023-09-09,74,Peil.nl,,sgp,2.0,1.5708200212992545
Netherlands,2023,netherlands_2023_22,2023-09-09,74,Peil.nl,,denk,2.0,1.5708200212992545
Netherlands,2023,netherlands_2023_22,2023-09-09,74,Peil.nl,,plus50,0.0,0.3333333333333333
Netherlands,2023,netherlands_2023_22,2023-09-09,74,Peil.nl,,bbb,16.0,10.367412140575079
Netherlands,2023,netherlands_2023_22,2023-09-09,74,Peil.nl,,bij1,0.0,0.3333333333333333
Netherlands,2023,netherlands_2023_22,2023-09-09,74,Peil.nl,,nsc,28.0,17.9073482428115
Netherlands,2023,netherlands_2023_23,2023-09-04,79,Ipsos,1031.0,vvd,26.0,16.544973544973544
Netherlands,2023,netherlands_2023_23,2023-09-04,79,Ipsos,1031.0,d66,10.0,6.555555555555555
Netherlands,2023,netherlands_2023_23,2023-09-04,79,Ipsos,1031.0,pvv,15.0,9.677248677248677
Netherlands,2023,netherlands_2023_23,2023-09-04,79,Ipsos,1031.0,cda,5.0,3.433862433862434
Netherlands,2023,netherlands_2023_23,2023-09-04,79,Ipsos,1031.0,sp,3.0,2.185185185185185
Netherlands,2023,netherlands_2023_23,2023-09-04,79,Ipsos,1031.0,glpvda,20.0,12.798941798941799
Netherlands,2023,netherlands_2023_23,2023-09-04,79,Ipsos,1031.0,fvd,3.0,2.185185185185185
Netherlands,2023,netherlands_2023_23,2023-09-04,79,Ipsos,1031.0,pvdd,9.0,5.931216931216931
Netherlands,2023,netherlands_2023_23,2023-09-04,79,Ipsos,1031.0,cu,5.0,3.433862433862434
Netherlands,2023,netherlands_2023_23,2023-09-04,79,Ipsos,1031.0,volt,3.0,2.185185185185185
Netherlands,2023,netherlands_2023_23,2023-09-04,79,Ipsos,1031.0,ja21,3.0,2.185185185185185
Netherlands,2023,netherlands_2023_23,2023-09-04,79,Ipsos,1031.0,sgp,3.0,2.185185185185185
Netherlands,2023,netherlands_2023_23,2023-09-04,79,Ipsos,1031.0,denk,3.0,2.185185185185185
Netherlands,2023,netherlands_2023_23,2023-09-04,79,Ipsos,1031.0,plus50,0.0,0.3333333333333333
Netherlands,2023,netherlands_2023_23,2023-09-04,79,Ipsos,1031.0,bbb,15.0,9.677248677248677
Netherlands,2023,netherlands_2023_23,2023-09-04,79,Ipsos,1031.0,bij1,0.0,0.3333333333333333
Netherlands,2023,netherlands_2023_23,2023-09-04,79,Ipsos,1031.0,nsc,27.0,17.169312169312168
Netherlands,2023,netherlands_2023_24,2023-09-02,81,Peil.nl,,vvd,25.0,16.022364217252395
Netherlands,2023,netherlands_2023_24,2023-09-02,81,Peil.nl,,d66,7.0,4.712460063897763
Netherlands,2023,netherlands_2023_24,2023-09-02,81,Peil.nl,,pvv,15.0,9.739084132055376
Netherlands,2023,netherlands_2023_24,2023-09-02,81,Peil.nl,,cda,6.0,4.084132055378062
Netherlands,2023,netherlands_2023_24,2023-09-02,81,Peil.nl,,sp,4.0,2.827476038338658
Netherlands,2023,netherlands_2023_24,2023-09-02,81,Peil.nl,,glpvda,23.0,14.765708200212993
Netherlands,2023,netherlands_2023_24,2023-09-02,81,Peil.nl,,fvd,5.0,3.4558040468583595
Netherlands,2023,netherlands_2023_24,2023-09-02,81,Peil.nl,,pvdd,7.0,4.712460063897763
Netherlands,2023,netherlands_2023_24,2023-09-02,81,Peil.nl,,cu,3.0,2.1991480298189563
Netherlands,2023,netherlands_2023_24,2023-09-02,81,Peil.nl,,volt,3.0,2.1991480298189563
Netherlands,2023,netherlands_2023_24,2023-09-02,81,Peil.nl,,ja21,1.0,0.9424920127795526
Netherlands,2023,netherlands_2023_24,2023-09-02,81,Peil.nl,,sgp,2.0,1.5708200212992545
Netherlands,2023,netherlands_2023_24,2023-09-02,81,Peil.nl,,denk,2.0,1.5708200212992545
Netherlands,2023,netherlands_2023_24,2023-09-02,81,Peil.nl,,plus50,0.0,0.3333333333333333
Netherlands,2023,netherlands_2023_24,2023-09-02,81,Peil.nl,,bbb,18.0,11.624068157614483
Netherlands,2023,netherlands_2023_24,2023-09-02,81,Peil.nl,,bij1,0.0,0.3333333333333333
Netherlands,2023,netherlands_2023_24,2023-09-02,81,Peil.nl,,nsc,28.0,17.9073482428115
Netherlands,2023,netherlands_2023_25,2023-08-26,88,Peil.nl,,vvd,25.0,16.022364217252395
Netherlands,2023,netherlands_2023_25,2023-08-26,88,Peil.nl,,d66,7.0,4.712460063897763
Netherlands,2023,netherlands_2023_25,2023-08-26,88,Peil.nl,,pvv,15.0,9.739084132055376
Netherlands,2023,netherlands_2023_25,2023-08-26,88,Peil.nl,,cda,5.0,3.4558040468583595
Netherlands,2023,netherlands_2023_25,2023-08-26,88,Peil.nl,,sp,5.0,3.4558040468583595
Netherlands,2023,netherlands_2023_25,2023-08-26,88,Peil.nl,,glpvda,24.0,15.394036208732695
Netherlands,2023,netherlands_2023_25,2023-08-26,88,Peil.nl,,fvd,5.0,3.4558040468583595
Netherlands,2023,netherlands_2023_25,2023-08-26,88,Peil.nl,,pvdd,7.0,4.712460063897763
Netherlands,2023,netherlands_2023_25,2023-08-26,88,Peil.nl,,cu,3.0,2.1991480298189563
Netherlands,2023,netherlands_2023_25,2023-08-26,88,Peil.nl,,volt,3.0,2.1991480298189563
Netherlands,2023,netherlands_2023_25,2023-08-26,88,Peil.nl,,ja21,3.0,2.1991480298189563
Netherlands,2023,netherlands_2023_25,2023-08-26,88,Peil.nl,,sgp,2.0,1.5708200212992545
Netherlands,2023,netherlands_2023_25,2023-08-26,88,Peil.nl,,denk,2.0,1.5708200212992545
Netherlands,2023,netherlands_2023_25,2023-08-26,88,Peil.nl,,plus50,0.0,0.3333333333333333
Netherlands,2023,netherlands_2023_25,2023-08-26,88,Peil.nl,,bbb,14.0,9.110756123535676
Netherlands,2023,netherlands_2023_25,2023-08-26,88,Peil.nl,,bij1,0.0,0.3333333333333333
Netherlands,2023,netherlands_2023_25,2023-08-26,88,Peil.nl,,nsc,29.0,18.535676251331203
Netherlands,2023,netherlands_2023_26,2023-08-24,90,I&O Research,2398.0,vvd,22.0,14.047619047619046
Netherlands,2023,netherlands_2023_26,2023-08-24,90,I&O Research,2398.0,d66,7.0,4.682539682539682
Netherlands,2023,netherlands_2023_26,2023-08-24,90,I&O Research,2398.0,pvv,13.0,8.428571428571429
Netherlands,2023,netherlands_2023_26,2023-08-24,90,I&O Research,2398.0,cda,3.0,2.185185185185185
Netherlands,2023,netherlands_2023_26,2023-08-24,90,I&O Research,2398.0,sp,5.0,3.433862433862434
Netherlands,2023,netherlands_2023_26,2023-08-24,90,I&O Research,2398.0,glpvda,28.0,17.79365079365079
Netherlands,2023,netherlands_2023_26,2023-08-24,90,I&O Research,2398.0,fvd,3.0,2.185185185185185
Netherlands,2023,netherlands_2023_26,2023-08-24,90,I&O Research,2398.0,pvdd,8.0,5.306878306878307
Netherlands,2023,netherlands_2023_26,2023-08-24,90,I&O Research,2398.0,cu,4.0,2.8095238095238093
Netherlands,2023,netherlands_2023_26,2023-08-24,90,I&O Research,2398.0,volt,3.0,2.185185185185185
Netherlands,2023,netherlands_2023_26,2023-08-24,90,I&O Research,2398.0,ja21,3.0,2.185185185185185
Netherlands,2023,netherlands_2023_26,2023-08-24,90,I&O Research,2398.0,sgp,4.0,2.8095238095238093
Netherlands,2023,netherlands_2023_26,2023-08-24,90,I&O Research,2398.0,denk,3.0,2.185185185185185
Netherlands,2023,netherlands_2023_26,2023-08-24,90,I&O Research,2398.0,plus50,0.0,0.3333333333333333
Netherlands,2023,netherlands_2023_26,2023-08-24,90,I&O Research,2398.0,bbb,13.0,8.428571428571429
Netherlands,2023,netherlands_2023_26,2023-08-24,90,I&O Research,2398.0,bij1,0.0,0.3333333333333333
Netherlands,2023,netherlands_2023_26,2023-08-24,90,I&O Research,2398.0,nsc,31.0,19.666666666666668
Netherlands,2023,netherlands_2023_27,2023-08-19,95,Peil.nl,,vvd,28.0,17.968051118210862
Netherlands,2023,netherlands_2023_27,2023-08-19,95,Peil.nl,,d66,8.0,5.358892438764643
Netherlands,2023,netherlands_2023_27,2023-08-19,95,Peil.nl,,pvv,19.0,12.293929712460065
Netherlands,2023,netherlands_2023_27,2023-08-19,95,Peil.nl,,cda,8.0,5.358892438764643
Netherlands,2023,netherlands_2023_27,2023-08-19,95,Peil.nl,,sp,8.0,5.358892438764643
Netherlands,2023,netherlands_2023_27,2023-08-19,95,Peil.nl,,glpvda,26.0,16.70713525026624
Netherlands,2023,netherlands_2023_27,2023-08-19,95,Peil.nl,,fvd,5.0,3.4675186368477102
Netherlands,2023,netherlands_2023_27,2023-08-19,95,Peil.nl,,pvdd,9.0,5.989350372736954
Netherlands,2023,netherlands_2023_27,2023-08-19,95,Peil.nl,,cu,4.0,2.8370607028753994
Netherlands,2023,netherlands_2023_27,2023-08-19,95,Peil.nl,,volt,4.0,2.8370607028753994
Netherlands,2023,netherlands_2023_27,2023-08-19,95,Peil.nl,,ja21,3.0,2.2066027689030885
Netherlands,2023,netherlands_2023_27,2023-08-19,95,Peil.nl,,sgp,3.0,2.2066027689030885
Netherlands,2023,netherlands_2023_27,2023-08-19,95,Peil.nl,,denk,2.0,1.5761448349307774
Netherlands,2023,netherlands_2023_27,2023-08-19,95,Peil.nl,,plus50,1.0,0.9456869009584664
Netherlands,2023,netherlands_2023_27,2023-08-19,95,Peil.nl,,bbb,21.0,13.554845580404688
Netherlands,2023,netherlands_2023_27,2023-08-19,95,Peil.nl,,bij1,0.0,0.3333333333333333
Netherlands,2025,netherlands_2025_0,2025-10-28,1,Peil.nl,8000.0,pvv,23.0,14.721693121693121
Netherlands,2025,netherlands_2025_0,2025-10-28,1,Peil.nl,8000.0,glpvda,23.0,14.721693121693121
Netherlands,2025,netherlands_2025_0,2025-10-28,1,Peil.nl,8000.0,vvd,22.0,14.095238095238095
Netherlands,2025,netherlands_2025_0,2025-10-28,1,Peil.nl,8000.0,nsc,0.0,0.3333333333333333
Netherlands,2025,netherlands_2025_0,2025-10-28,1,Peil.nl,8000.0,d66,22.0,14.095238095238095
Netherlands,2025,netherlands_2025_0,2025-10-28,1,Peil.nl,8000.0,bbb,4.0,2.8190476190476192
Netherlands,2025,netherlands_2025_0,2025-10-28,1,Peil.nl,8000.0,cda,20.0,12.842328042328043
Netherlands,2025,netherlands_2025_0,2025-10-28,1,Peil.nl,8000.0,sp,4.0,2.8190476190476192
Netherlands,2025,netherlands_2025_0,2025-10-28,1,Peil.nl,8000.0,denk,4.0,2.8190476190476192
Netherlands,2025,netherlands_2025_0,2025-10-28,1,Peil.nl,8000.0,pvdd,3.0,2.1925925925925926
Netherlands,2025,netherlands_2025_0,2025-10-28,1,Peil.nl,8000.0,fvd,7.0,4.698412698412699
Netherlands,2025,netherlands_2025_0,2025-10-28,1,Peil.nl,8000.0,sgp,3.0,2.1925925925925926
Netherlands,2025,netherlands_2025_0,2025-10-28,1,Peil.nl,8000.0,cu,2.0,1.566137566137566
Netherlands,2025,netherlands_2025_0,2025-10-28,1,Peil.nl,8000.0,volt,2.0,1.566137566137566
Netherlands,2025,netherlands_2025_0,2025-10-28,1,Peil.nl,8000.0,ja21,9.0,5.951322751322752
Netherlands,2025,netherlands_2025_0,2025-10-28,1,Peil.nl,8000.0,plus50,2.0,1.566137566137566
Netherlands,2025,netherlands_2025_1,2025-10-28,1,Verian,1151.0,pvv,29.0,18.48042328042328
Netherlands,2025,netherlands_2025_1,2025-10-28,1,Verian,1151.0,glpvda,25.0,15.974603174603176
Netherlands,2025,netherlands_2025_1,2025-10-28,1,Verian,1151.0,vvd,16.0,10.336507936507937
Netherlands,2025,netherlands_2025_1,2025-10-28,1,Verian,1151.0,nsc,0.0,0.3333333333333333
Netherlands,2025,netherlands_2025_1,2025-10-28,1,Verian,1151.0,d66,24.0,15.34814814814815
Netherlands,2025,netherlands_2025_1,2025-10-28,1,Verian,1151.0,bbb,3.0,2.1925925925925926
Netherlands,2025,netherlands_2025_1,2025-10-28,1,Verian,1151.0,cda,19.0,12.215873015873017
Netherlands,2025,netherlands_2025_1,2025-10-28,1,Verian,1151.0,sp,5.0,3.445502645502646
Netherlands,2025,netherlands_2025_1,2025-10-28,1,Verian,1151.0,denk,3.0,2.1925925925925926
Netherlands,2025,netherlands_2025_1,2025-10-28,1,Verian,1151.0,pvdd,2.0,1.566137566137566
Netherlands,2025,netherlands_2025_1,2025-10-28,1,Verian,1151.0,fvd,6.0,4.071957671957672
Netherlands,2025,netherlands_2025_1,2025-10-28,1,Verian,1151.0,sgp,3.0,2.1925925925925926
Netherlands,2025,netherlands_2025_1,2025-10-28,1,Verian,1151.0,cu,3.0,2.1925925925925926
Netherlands,2025,netherlands_2025_1,2025-10-28,1,Verian,1151.0,volt,2.0,1.566137566137566
Netherlands,2025,netherlands_2025_1,2025-10-28,1,Verian,1151.0,ja21,8.0,5.324867724867725
Netherlands,2025,netherlands_2025_1,2025-10-28,1,Verian,1151.0,plus50,2.0,1.566137566137566
Netherlands,2025,netherlands_2025_2,2025-10-28,1,Ipsos I&O,2505.0,pvv,23.0,14.724683544303796
Netherlands,2025,netherlands_2025_2,2025-10-28,1,Ipsos I&O,2505.0,glpvda,23.0,14.724683544303796
Netherlands,2025,netherlands_2025_2,2025-10-28,1,Ipsos I&O,2505.0,vvd,17.0,10.965189873417721
Netherlands,2025,netherlands_2025_2,2025-10-28,1,Ipsos I&O,2505.0,nsc,1.0,0.939873417721519
Netherlands,2025,netherlands_2025_2,2025-10-28,1,Ipsos I&O,2505.0,d66,23.0,14.724683544303796
Netherlands,2025,netherlands_2025_2,2025-10-28,1,Ipsos I&O,2505.0,bbb,5.0,3.4462025316455693
Netherlands,2025,netherlands_2025_2,2025-10-28,1,Ipsos I&O,2505.0,cda,19.0,12.218354430379748
Netherlands,2025,netherlands_2025_2,2025-10-28,1,Ipsos I&O,2505.0,sp,4.0,2.819620253164557
Netherlands,2025,netherlands_2025_2,2025-10-28,1,Ipsos I&O,2505.0,denk,3.0,2.1930379746835444
Netherlands,2025,netherlands_2025_2,2025-10-28,1,Ipsos I&O,2505.0,pvdd,4.0,2.819620253164557
Netherlands,2025,netherlands_2025_2,2025-10-28,1,Ipsos I&O,2505.0,fvd,6.0,4.072784810126582
Netherlands,2025,netherlands_2025_2,2025-10-28,1,Ipsos I&O,2505.0,sgp,3.0,2.1930379746835444
Netherlands,2025,netherlands_2025_2,2025-10-28,1,Ipsos I&O,2505.0,cu,3.0,2.1930379746835444
Netherlands,2025,netherlands_2025_2,2025-10-28,1,Ipsos I&O,2505.0,volt,2.0,1.5664556962025318
Netherlands,2025,netherlands_2025_2,2025-10-28,1,Ipsos I&O,2505.0,ja21,11.0,7.205696202531645
Netherlands,2025,netherlands_2025_2,2025-10-28,1,Ipsos I&O,2505.0,plus50,3.0,2.1930379746835444
Netherlands,2025,netherlands_2025_3,2025-10-24,5,Peil.nl,,pvv,29.0,18.48042328042328
Netherlands,2025,netherlands_2025_3,2025-10-24,5,Peil.nl,,glpvda,24.0,15.34814814814815
Netherlands,2025,netherlands_2025_3,2025-10-24,5,Peil.nl,,vvd,20.0,12.842328042328043
Netherlands,2025,netherlands_2025_3,2025-10-24,5,Peil.nl,,nsc,0.0,0.3333333333333333
Netherlands,2025,netherlands_2025_3,2025-10-24,5,Peil.nl,,d66,17.0,10.962962962962964
Netherlands,2025,netherlands_2025_3,2025-10-24,5,Peil.nl,,bbb,4.0,2.8190476190476192
Netherlands,2025,netherlands_2025_3,2025-10-24,5,Peil.nl,,cda,22.0,14.095238095238095
Netherlands,2025,netherlands_2025_3,2025-10-24,5,Peil.nl,,sp,4.0,2.8190476190476192
Netherlands,2025,netherlands_2025_3,2025-10-24,5,Peil.nl,,denk,4.0,2.8190476190476192
Netherlands,2025,netherlands_2025_3,2025-10-24,5,Peil.nl,,pvdd,3.0,2.1925925925925926
Netherlands,2025,netherlands_2025_3,2025-10-24,5,Peil.nl,,fvd,6.0,4.071957671957672
Netherlands,2025,netherlands_2025_3,2025-10-24,5,Peil.nl,,sgp,3.0,2.1925925925925926
Netherlands,2025,netherlands_2025_3,2025-10-24,5,Peil.nl,,cu,2.0,1.566137566137566
Netherlands,2025,netherlands_2025_3,2025-10-24,5,Peil.nl,,volt,2.0,1.566137566137566
Netherlands,2025,netherlands_2025_3,2025-10-24,5,Peil.nl,,ja21,9.0,5.951322751322752
Netherlands,2025,netherlands_2025_3,2025-10-24,5,Peil.nl,,plus50,1.0,0.9396825396825398
Netherlands,2025,netherlands_2025_4,2025-10-24,5,Ipsos I&O,2745.0,pvv,26.0,16.601058201058205
Netherlands,2025,netherlands_2025_4,2025-10-24,5,Ipsos I&O,2745.0,glpvda,23.0,14.721693121693121
Netherlands,2025,netherlands_2025_4,2025-10-24,5,Ipsos I&O,2745.0,vvd,16.0,10.336507936507937
Netherlands,2025,netherlands_2025_4,2025-10-24,5,Ipsos I&O,2745.0,nsc,0.0,0.3333333333333333
Netherlands,2025,netherlands_2025_4,2025-10-24,5,Ipsos I&O,2745.0,d66,22.0,14.095238095238095
Netherlands,2025,netherlands_2025_4,2025-10-24,5,Ipsos I&O,2745.0,bbb,4.0,2.8190476190476192
Netherlands,2025,netherlands_2025_4,2025-10-24,5,Ipsos I&O,2745.0,cda,20.0,12.842328042328043
Netherlands,2025,netherlands_2025_4,2025-10-24,5,Ipsos I&O,2745.0,sp,4.0,2.8190476190476192
Netherlands,2025,netherlands_2025_4,2025-10-24,5,Ipsos I&O,2745.0,denk,3.0,2.1925925925925926
Netherlands,2025,netherlands_2025_4,2025-10-24,5,Ipsos I&O,2745.0,pvdd,4.0,2.8190476190476192
Netherlands,2025,netherlands_2025_4,2025-10-24,5,Ipsos I&O,2745.0,fvd,5.0,3.445502645502646
Netherlands,2025,netherlands_2025_4,2025-10-24,5,Ipsos I&O,2745.0,sgp,3.0,2.1925925925925926
Netherlands,2025,netherlands_2025_4,2025-10-24,5,Ipsos I&O,2745.0,cu,3.0,2.1925925925925926
Netherlands,2025,netherlands_2025_4,2025-10-24,5,Ipsos I&O,2745.0,volt,3.0,2.1925925925925926
Netherlands,2025,netherlands_2025_4,2025-10-24,5,Ipsos I&O,2745.0,ja21,12.0,7.830687830687831
Netherlands,2025,netherlands_2025_4,2025-10-24,5,Ipsos I&O,2745.0,plus50,2.0,1.566137566137566
Netherlands,2025,netherlands_2025_5,2025-10-20,9,Verian,1473.0,pvv,34.0,21.612698412698414
Netherlands,2025,netherlands_2025_5,2025-10-20,9,Verian,1473.0,glpvda,25.0,15.974603174603176
Netherlands,2025,netherlands_2025_5,2025-10-20,9,Verian,1473.0,vvd,15.0,9.71005291005291
Netherlands,2025,netherlands_2025_5,2025-10-20,9,Verian,1473.0,nsc,0.0,0.3333333333333333
Netherlands,2025,netherlands_2025_5,2025-10-20,9,Verian,1473.0,d66,16.0,10.336507936507937
Netherlands,2025,netherlands_2025_5,2025-10-20,9,Verian,1473.0,bbb,2.0,1.566137566137566
Netherlands,2025,netherlands_2025_5,2025-10-20,9,Verian,1473.0,cda,23.0,14.721693121693121
Netherlands,2025,netherlands_2025_5,2025-10-20,9,Verian,1473.0,sp,4.0,2.8190476190476192
Netherlands,2025,netherlands_2025_5,2025-10-20,9,Verian,1473.0,denk,3.0,2.1925925925925926
Netherlands,2025,netherlands_2025_5,2025-10-20,9,Verian,1473.0,pvdd,3.0,2.1925925925925926
Netherlands,2025,netherlands_2025_5,2025-10-20,9,Verian,1473.0,fvd,4.0,2.8190476190476192
Netherlands,2025,netherlands_2025_5,2025-10-20,9,Verian,1473.0,sgp,3.0,2.1925925925925926
Netherlands,2025,netherlands_2025_5,2025-10-20,9,Verian,1473.0,cu,2.0,1.566137566137566
Netherlands,2025,netherlands_2025_5,2025-10-20,9,Verian,1473.0,volt,3.0,2.1925925925925926
Netherlands,2025,netherlands_2025_5,2025-10-20,9,Verian,1473.0,ja21,12.0,7.830687830687831
Netherlands,2025,netherlands_2025_5,2025-10-20,9,Verian,1473.0,plus50,1.0,0.9396825396825398
Netherlands,2025,netherlands_2025_6,2025-10-17,12,Peil.nl,,pvv,28.0,17.853968253968254
Netherlands,2025,netherlands_2025_6,2025-10-17,12,Peil.nl,,glpvda,24.0,15.34814814814815
Netherlands,2025,netherlands_2025_6,2025-10-17,12,Peil.nl,,vvd,16.0,10.336507936507937
Netherlands,2025,netherlands_2025_6,2025-10-17,12,Peil.nl,,nsc,0.0,0.3333333333333333
Netherlands,2025,netherlands_2025_6,2025-10-17,12,Peil.nl,,d66,17.0,10.962962962962964
Netherlands,2025,netherlands_2025_6,2025-10-17,12,Peil.nl,,bbb,4.0,2.8190476190476192
Netherlands,2025,netherlands_2025_6,2025-10-17,12,Peil.nl,,cda,24.0,15.34814814814815
Netherlands,2025,netherlands_2025_6,2025-10-17,12,Peil.nl,,sp,4.0,2.8190476190476192
Netherlands,2025,netherlands_2025_6,2025-10-17,12,Peil.nl,,denk,4.0,2.8190476190476192
Netherlands,2025,netherlands_2025_6,2025-10-17,12,Peil.nl,,pvdd,3.0,2.1925925925925926
Netherlands,2025,netherlands_2025_6,2025-10-17,12,Peil.nl,,fvd,6.0,4.071957671957672
Netherlands,2025,netherlands_2025_6,2025-10-17,12,Peil.nl,,sgp,3.0,2.1925925925925926
Netherlands,2025,netherlands_2025_6,2025-10-17,12,Peil.nl,,cu,3.0,2.1925925925925926
Netherlands,2025,netherlands_2025_6,2025-10-17,12,Peil.nl,,volt,2.0,1.566137566137566
Netherlands,2025,netherlands_2025_6,2025-10-17,12,Peil.nl,,ja21,11.0,7.204232804232805
Netherlands,2025,netherlands_2025_6,2025-10-17,12,Peil.nl,,plus50,1.0,0.9396825396825398
Netherlands,2025,netherlands_2025_7,2025-10-15,14,Ipsos I&O,2455.0,pvv,29.0,18.48042328042328
Netherlands,2025,netherlands_2025_7,2025-10-15,14,Ipsos I&O,2455.0,glpvda,22.0,14.095238095238095
Netherlands,2025,netherlands_2025_7,2025-10-15,14,Ipsos I&O,2455.0,vvd,14.0,9.083597883597884
Netherlands,2025,netherlands_2025_7,2025-10-15,14,Ipsos I&O,2455.0,nsc,0.0,0.3333333333333333
Netherlands,2025,netherlands_2025_7,2025-10-15,14,Ipsos I&O,2455.0,d66,18.0,11.58941798941799
Netherlands,2025,netherlands_2025_7,2025-10-15,14,Ipsos I&O,2455.0,bbb,4.0,2.8190476190476192
Netherlands,2025,netherlands_2025_7,2025-10-15,14,Ipsos I&O,2455.0,cda,25.0,15.974603174603176
Netherlands,2025,netherlands_2025_7,2025-10-15,14,Ipsos I&O,2455.0,sp,4.0,2.8190476190476192
Netherlands,2025,netherlands_2025_7,2025-10-15,14,Ipsos I&O,2455.0,denk,3.0,2.1925925925925926
Netherlands,2025,netherlands_2025_7,2025-10-15,14,Ipsos I&O,2455.0,pvdd,4.0,2.8190476190476192
Netherlands,2025,netherlands_2025_7,2025-10-15,14,Ipsos I&O,2455.0,fvd,4.0,2.8190476190476192
Netherlands,2025,netherlands_2025_7,2025-10-15,14,Ipsos I&O,2455.0,sgp,3.0,2.1925925925925926
Netherlands,2025,netherlands_2025_7,2025-10-15,14,Ipsos I&O,2455.0,cu,3.0,2.1925925925925926
Netherlands,2025,netherlands_2025_7,2025-10-15,14,Ipsos I&O,2455.0,volt,3.0,2.1925925925925926
Netherlands,2025,netherlands_2025_7,2025-10-15,14,Ipsos I&O,2455.0,ja21,12.0,7.830687830687831
Netherlands,2025,netherlands_2025_7,2025-10-15,14,Ipsos I&O,2455.0,plus50,2.0,1.566137566137566
Netherlands,2025,netherlands_2025_8,2025-10-13,16,Verian,1566.0,pvv,31.0,19.733333333333334
Netherlands,2025,netherlands_2025_8,2025-10-13,16,Verian,1566.0,glpvda,25.0,15.974603174603176
Netherlands,2025,netherlands_2025_8,2025-10-13,16,Verian,1566.0,vvd,14.0,9.083597883597884
Netherlands,2025,netherlands_2025_8,2025-10-13,16,Verian,1566.0,nsc,0.0,0.3333333333333333
Netherlands,2025,netherlands_2025_8,2025-10-13,16,Verian,1566.0,d66,14.0,9.083597883597884
Netherlands,2025,netherlands_2025_8,2025-10-13,16,Verian,1566.0,bbb,4.0,2.8190476190476192
Netherlands,2025,netherlands_2025_8,2025-10-13,16,Verian,1566.0,cda,23.0,14.721693121693121
Netherlands,2025,netherlands_2025_8,2025-10-13,16,Verian,1566.0,sp,4.0,2.8190476190476192
Netherlands,2025,netherlands_2025_8,2025-10-13,16,Verian,1566.0,denk,2.0,1.566137566137566
Netherlands,2025,netherlands_2025_8,2025-10-13,16,Verian,1566.0,pvdd,3.0,2.1925925925925926
Netherlands,2025,netherlands_2025_8,2025-10-13,16,Verian,1566.0,fvd,5.0,3.445502645502646
Netherlands,2025,netherlands_2025_8,2025-10-13,16,Verian,1566.0,sgp,3.0,2.1925925925925926
Netherlands,2025,netherlands_2025_8,2025-10-13,16,Verian,1566.0,cu,3.0,2.1925925925925926
Netherlands,2025,netherlands_2025_8,2025-10-13,16,Verian,1566.0,volt,4.0,2.8190476190476192
Netherlands,2025,netherlands_2025_8,2025-10-13,16,Verian,1566.0,ja21,13.0,8.457142857142857
Netherlands,2025,netherlands_2025_8,2025-10-13,16,Verian,1566.0,plus50,2.0,1.566137566137566
Netherlands,2025,netherlands_2025_9,2025-10-10,19,Peil.nl,,pvv,31.0,19.733333333333334
Netherlands,2025,netherlands_2025_9,2025-10-10,19,Peil.nl,,glpvda,25.0,15.974603174603176
Netherlands,2025,netherlands_2025_9,2025-10-10,19,Peil.nl,,vvd,15.0,9.71005291005291
Netherlands,2025,netherlands_2025_9,2025-10-10,19,Peil.nl,,nsc,0.0,0.3333333333333333
Netherlands,2025,netherlands_2025_9,2025-10-10,19,Peil.nl,,d66,14.0,9.083597883597884
Netherlands,2025,netherlands_2025_9,2025-10-10,19,Peil.nl,,bbb,4.0,2.8190476190476192
Netherlands,2025,netherlands_2025_9,2025-10-10,19,Peil.nl,,cda,22.0,14.095238095238095
Netherlands,2025,netherlands_2025_9,2025-10-10,19,Peil.nl,,sp,4.0,2.8190476190476192
Netherlands,2025,netherlands_2025_9,2025-10-10,19,Peil.nl,,denk,4.0,2.8190476190476192
Netherlands,2025,netherlands_2025_9,2025-10-10,19,Peil.nl,,pvdd,3.0,2.1925925925925926
Netherlands,2025,netherlands_2025_9,2025-10-10,19,Peil.nl,,fvd,5.0,3.445502645502646
Netherlands,2025,netherlands_2025_9,2025-10-10,19,Peil.nl,,sgp,3.0,2.1925925925925926
Netherlands,2025,netherlands_2025_9,2025-10-10,19,Peil.nl,,cu,3.0,2.1925925925925926
Netherlands,2025,netherlands_2025_9,2025-10-10,19,Peil.nl,,volt,3.0,2.1925925925925926
Netherlands,2025,netherlands_2025_9,2025-10-10,19,Peil.nl,,ja21,13.0,8.457142857142857
Netherlands,2025,netherlands_2025_9,2025-10-10,19,Peil.nl,,plus50,1.0,0.9396825396825398
Netherlands,2025,netherlands_2025_10,2025-10-06,23,Ipsos I&O,2079.0,pvv,31.0,19.733333333333334
Netherlands,2025,netherlands_2025_10,2025-10-06,23,Ipsos I&O,2079.0,glpvda,22.0,14.095238095238095
Netherlands,2025,netherlands_2025_10,2025-10-06,23,Ipsos I&O,2079.0,vvd,13.0,8.457142857142857
Netherlands,2025,netherlands_2025_10,2025-10-06,23,Ipsos I&O,2079.0,nsc,0.0,0.3333333333333333
Netherlands,2025,netherlands_2025_10,2025-10-06,23,Ipsos I&O,2079.0,d66,14.0,9.083597883597884
Netherlands,2025,netherlands_2025_10,2025-10-06,23,Ipsos I&O,2079.0,bbb,4.0,2.8190476190476192
Netherlands,2025,netherlands_2025_10,2025-10-06,23,Ipsos I&O,2079.0,cda,24.0,15.34814814814815
Netherlands,2025,netherlands_2025_10,2025-10-06,23,Ipsos I&O,2079.0,sp,4.0,2.8190476190476192
Netherlands,2025,netherlands_2025_10,2025-10-06,23,Ipsos I&O,2079.0,denk,4.0,2.8190476190476192
Netherlands,2025,netherlands_2025_10,2025-10-06,23,Ipsos I&O,2079.0,pvdd,5.0,3.445502645502646
Netherlands,2025,netherlands_2025_10,2025-10-06,23,Ipsos I&O,2079.0,fvd,4.0,2.8190476190476192
Netherlands,2025,netherlands_2025_10,2025-10-06,23,Ipsos I&O,2079.0,sgp,4.0,2.8190476190476192
Netherlands,2025,netherlands_2025_10,2025-10-06,23,Ipsos I&O,2079.0,cu,2.0,1.566137566137566
Netherlands,2025,netherlands_2025_10,2025-10-06,23,Ipsos I&O,2079.0,volt,4.0,2.8190476190476192
Netherlands,2025,netherlands_2025_10,2025-10-06,23,Ipsos I&O,2079.0,ja21,13.0,8.457142857142857
Netherlands,2025,netherlands_2025_10,2025-10-06,23,Ipsos I&O,2079.0,plus50,2.0,1.566137566137566
Netherlands,2025,netherlands_2025_11,2025-10-03,26,Peil.nl,,pvv,30.0,19.106878306878308
Netherlands,2025,netherlands_2025_11,2025-10-03,26,Peil.nl,,glpvda,27.0,17.227513227513228
Netherlands,2025,netherlands_2025_11,2025-10-03,26,Peil.nl,,vvd,13.0,8.457142857142857
Netherlands,2025,netherlands_2025_11,2025-10-03,26,Peil.nl,,nsc,0.0,0.3333333333333333
Netherlands,2025,netherlands_2025_11,2025-10-03,26,Peil.nl,,d66,12.0,7.830687830687831
Netherlands,2025,netherlands_2025_11,2025-10-03,26,Peil.nl,,bbb,4.0,2.8190476190476192
Netherlands,2025,netherlands_2025_11,2025-10-03,26,Peil.nl,,cda,23.0,14.721693121693121
Netherlands,2025,netherlands_2025_11,2025-10-03,26,Peil.nl,,sp,6.0,4.071957671957672
Netherlands,2025,netherlands_2025_11,2025-10-03,26,Peil.nl,,denk,4.0,2.8190476190476192
Netherlands,2025,netherlands_2025_11,2025-10-03,26,Peil.nl,,pvdd,3.0,2.1925925925925926
Netherlands,2025,netherlands_2025_11,2025-10-03,26,Peil.nl,,fvd,5.0,3.445502645502646
Netherlands,2025,netherlands_2025_11,2025-10-03,26,Peil.nl,,sgp,3.0,2.1925925925925926
Netherlands,2025,netherlands_2025_11,2025-10-03,26,Peil.nl,,cu,3.0,2.1925925925925926
Netherlands,2025,netherlands_2025_11,2025-10-03,26,Peil.nl,,volt,3.0,2.1925925925925926
Netherlands,2025,netherlands_2025_11,2025-10-03,26,Peil.nl,,ja21,13.0,8.457142857142857
Netherlands,2025,netherlands_2025_11,2025-10-03,26,Peil.nl,,plus50,1.0,0.9396825396825398
Netherlands,2025,netherlands_2025_12,2025-09-29,30,Verian,1074.0,pvv,34.0,21.612698412698414
Netherlands,2025,netherlands_2025_12,2025-09-29,30,Verian,1074.0,glpvda,23.0,14.721693121693121
Netherlands,2025,netherlands_2025_12,2025-09-29,30,Verian,1074.0,vvd,14.0,9.083597883597884
Netherlands,2025,netherlands_2025_12,2025-09-29,30,Verian,1074.0,nsc,0.0,0.3333333333333333
Netherlands,2025,netherlands_2025_12,2025-09-29,30,Verian,1074.0,d66,11.0,7.204232804232805
Netherlands,2025,netherlands_2025_12,2025-09-29,30,Verian,1074.0,bbb,3.0,2.1925925925925926
Netherlands,2025,netherlands_2025_12,2025-09-29,30,Verian,1074.0,cda,23.0,14.721693121693121
Netherlands,2025,netherlands_2025_12,2025-09-29,30,Verian,1074.0,sp,7.0,4.698412698412699
Netherlands,2025,netherlands_2025_12,2025-09-29,30,Verian,1074.0,denk,3.0,2.1925925925925926
Netherlands,2025,netherlands_2025_12,2025-09-29,30,Verian,1074.0,pvdd,4.0,2.8190476190476192
Netherlands,2025,netherlands_2025_12,2025-09-29,30,Verian,1074.0,fvd,4.0,2.8190476190476192
Netherlands,2025,netherlands_2025_12,2025-09-29,30,Verian,1074.0,sgp,4.0,2.8190476190476192
Netherlands,2025,netherlands_2025_12,2025-09-29,30,Verian,1074.0,cu,4.0,2.8190476190476192
Netherlands,2025,netherlands_2025_12,2025-09-29,30,Verian,1074.0,volt,4.0,2.8190476190476192
Netherlands,2025,netherlands_2025_12,2025-09-29,30,Verian,1074.0,ja21,11.0,7.204232804232805
Netherlands,2025,netherlands_2025_12,2025-09-29,30,Verian,1074.0,plus50,1.0,0.9396825396825398
Netherlands,2025,netherlands_2025_13,2025-09-29,30,Ipsos I&O,1935.0,pvv,31.0,19.733333333333334
Netherlands,2025,netherlands_2025_13,2025-09-29,30,Ipsos I&O,1935.0,glpvda,23.0,14.721693121693121
Netherlands,2025,netherlands_2025_13,2025-09-29,30,Ipsos I&O,1935.0,vvd,14.0,9.083597883597884
Netherlands,2025,netherlands_2025_13,2025-09-29,30,Ipsos I&O,1935.0,nsc,0.0,0.3333333333333333
Netherlands,2025,netherlands_2025_13,2025-09-29,30,Ipsos I&O,1935.0,d66,15.0,9.71005291005291
Netherlands,2025,netherlands_2025_13,2025-09-29,30,Ipsos I&O,1935.0,bbb,5.0,3.445502645502646
Netherlands,2025,netherlands_2025_13,2025-09-29,30,Ipsos I&O,1935.0,cda,25.0,15.974603174603176
Netherlands,2025,netherlands_2025_13,2025-09-29,30,Ipsos I&O,1935.0,sp,4.0,2.8190476190476192
Netherlands,2025,netherlands_2025_13,2025-09-29,30,Ipsos I&O,1935.0,denk,4.0,2.8190476190476192
Netherlands,2025,netherlands_2025_13,2025-09-29,30,Ipsos I&O,1935.0,pvdd,4.0,2.8190476190476192
Netherlands,2025,netherlands_2025_13,2025-09-29,30,Ipsos I&O,1935.0,fvd,4.0,2.8190476190476192
Netherlands,2025,netherlands_2025_13,2025-09-29,30,Ipsos I&O,1935.0,sgp,3.0,2.1925925925925926
Netherlands,2025,netherlands_2025_13,2025-09-29,30,Ipsos I&O,1935.0,cu,2.0,1.566137566137566
Netherlands,2025,netherlands_2025_13,2025-09-29,30,Ipsos I&O,1935.0,volt,4.0,2.8190476190476192
Netherlands,2025,netherlands_2025_13,2025-09-29,30,Ipsos I&O,1935.0,ja21,11.0,7.204232804232805
Netherlands,2025,netherlands_2025_13,2025-09-29,30,Ipsos I&O,1935.0,plus50,1.0,0.9396825396825398
Netherlands,2025,netherlands_2025_14,2025-09-26,33,Peil.nl,,pvv,29.0,18.48042328042328
Netherlands,2025,netherlands_2025_14,2025-09-26,33,Peil.nl,,glpvda,27.0,17.227513227513228
Netherlands,2025,netherlands_2025_14,2025-09-26,33,Peil.nl,,vvd,15.0,9.71005291005291
Netherlands,2025,netherlands_2025_14,2025-09-26,33,Peil.nl,,nsc,0.0,0.3333333333333333
Netherlands,2025,netherlands_2025_14,2025-09-26,33,Peil.nl,,d66,11.0,7.204232804232805
Netherlands,2025,netherlands_2025_14,2025-09-26,33,Peil.nl,,bbb,4.0,2.8190476190476192
Netherlands,2025,netherlands_2025_14,2025-09-26,33,Peil.nl,,cda,23.0,14.721693121693121
Netherlands,2025,netherlands_2025_14,2025-09-26,33,Peil.nl,,sp,6.0,4.071957671957672
Netherlands,2025,netherlands_2025_14,2025-09-26,33,Peil.nl,,denk,4.0,2.8190476190476192
Netherlands,2025,netherlands_2025_14,2025-09-26,33,Peil.nl,,pvdd,3.0,2.1925925925925926
Netherlands,2025,netherlands_2025_14,2025-09-26,33,Peil.nl,,fvd,5.0,3.445502645502646
Netherlands,2025,netherlands_2025_14,2025-09-26,33,Peil.nl,,sgp,3.0,2.1925925925925926
Netherlands,2025,netherlands_2025_14,2025-09-26,33,Peil.nl,,cu,3.0,2.1925925925925926
Netherlands,2025,netherlands_2025_14,2025-09-26,33,Peil.nl,,volt,3.0,2.1925925925925926
Netherlands,2025,netherlands_2025_14,2025-09-26,33,Peil.nl,,ja21,13.0,8.457142857142857
Netherlands,2025,netherlands_2025_14,2025-09-26,33,Peil.nl,,plus50,1.0,0.9396825396825398
Netherlands,2025,netherlands_2025_15,2025-09-19,40,Peil.nl,,pvv,29.0,18.48042328042328
Netherlands,2025,netherlands_2025_15,2025-09-19,40,Peil.nl,,glpvda,26.0,16.601058201058205
Netherlands,2025,netherlands_2025_15,2025-09-19,40,Peil.nl,,vvd,16.0,10.336507936507937
Netherlands,2025,netherlands_2025_15,2025-09-19,40,Peil.nl,,nsc,0.0,0.3333333333333333
Netherlands,2025,netherlands_2025_15,2025-09-19,40,Peil.nl,,d66,12.0,7.830687830687831
Netherlands,2025,netherlands_2025_15,2025-09-19,40,Peil.nl,,bbb,4.0,2.8190476190476192
Netherlands,2025,netherlands_2025_15,2025-09-19,40,Peil.nl,,cda,22.0,14.095238095238095
Netherlands,2025,netherlands_2025_15,2025-09-19,40,Peil.nl,,sp,7.0,4.698412698412699
Netherlands,2025,netherlands_2025_15,2025-09-19,40,Peil.nl,,denk,4.0,2.8190476190476192
Netherlands,2025,netherlands_2025_15,2025-09-19,40,Peil.nl,,pvdd,3.0,2.1925925925925926
Netherlands,2025,netherlands_2025_15,2025-09-19,40,Peil.nl,,fvd,5.0,3.445502645502646
Netherlands,2025,netherlands_2025_15,2025-09-19,40,Peil.nl,,sgp,3.0,2.1925925925925926
Netherlands,2025,netherlands_2025_15,2025-09-19,40,Peil.nl,,cu,3.0,2.1925925925925926
Netherlands,2025,netherlands_2025_15,2025-09-19,40,Peil.nl,,volt,3.0,2.1925925925925926
Netherlands,2025,netherlands_2025_15,2025-09-19,40,Peil.nl,,ja21,12.0,7.830687830687831
Netherlands,2025,netherlands_2025_15,2025-09-19,40,Peil.nl,,plus50,1.0,0.9396825396825398
Netherlands,2025,netherlands_2025_16,2025-09-15,44,Ipsos I&O,1920.0,pvv,32.0,20.35978835978836
Netherlands,2025,netherlands_2025_16,2025-09-15,44,Ipsos I&O,1920.0,glpvda,23.0,14.721693121693121
Netherlands,2025,netherlands_2025_16,2025-09-15,44,Ipsos I&O,1920.0,vvd,14.0,9.083597883597884
Netherlands,2025,netherlands_2025_16,2025-09-15,44,Ipsos I&O,1920.0,nsc,0.0,0.3333333333333333
Netherlands,2025,netherlands_2025_16,2025-09-15,44,Ipsos I&O,1920.0,d66,13.0,8.457142857142857
Netherlands,2025,netherlands_2025_16,2025-09-15,44,Ipsos I&O,1920.0,bbb,4.0,2.8190476190476192
Netherlands,2025,netherlands_2025_16,2025-09-15,44,Ipsos I&O,1920.0,cda,24.0,15.34814814814815
Netherlands,2025,netherlands_2025_16,2025-09-15,44,Ipsos I&O,1920.0,sp,6.0,4.071957671957672
Netherlands,2025,netherlands_2025_16,2025-09-15,44,Ipsos I&O,1920.0,denk,4.0,2.8190476190476192
Netherlands,2025,netherlands_2025_16,2025-09-15,44,Ipsos I&O,1920.0,pvdd,4.0,2.8190476190476192
Netherlands,2025,netherlands_2025_16,2025-09-15,44,Ipsos I&O,1920.0,fvd,4.0,2.8190476190476192
Netherlands,2025,netherlands_2025_16,2025-09-15,44,Ipsos I&O,1920.0,sgp,3.0,2.1925925925925926
Netherlands,2025,netherlands_2025_16,2025-09-15,44,Ipsos I&O,1920.0,cu,3.0,2.1925925925925926
Netherlands,2025,netherlands_2025_16,2025-09-15,44,Ipsos I&O,1920.0,volt,3.0,2.1925925925925926
Netherlands,2025,netherlands_2025_16,2025-09-15,44,Ipsos I&O,1920.0,ja21,12.0,7.830687830687831
Netherlands,2025,netherlands_2025_16,2025-09-15,44,Ipsos I&O,1920.0,plus50,1.0,0.9396825396825398
Netherlands,2025,netherlands_2025_17,2025-09-06,53,Peil.nl,,pvv,28.0,17.850318471337577
Netherlands,2025,netherlands_2025_17,2025-09-06,53,Peil.nl,,glpvda,28.0,17.850318471337577
Netherlands,2025,netherlands_2025_17,2025-09-06,53,Peil.nl,,vvd,15.0,9.708067940552016
Netherlands,2025,netherlands_2025_17,2025-09-06,53,Peil.nl,,nsc,0.0,0.3333333333333333
Netherlands,2025,netherlands_2025_17,2025-09-06,53,Peil.nl,,d66,10.0,6.576433121019108
Netherlands,2025,netherlands_2025_17,2025-09-06,53,Peil.nl,,bbb,6.0,4.071125265392781
Netherlands,2025,netherlands_2025_17,2025-09-06,53,Peil.nl,,cda,24.0,15.345010615711251
Netherlands,2025,netherlands_2025_17,2025-09-06,53,Peil.nl,,sp,7.0,4.697452229299363
Netherlands,2025,netherlands_2025_17,2025-09-06,53,Peil.nl,,denk,4.0,2.8184713375796178
Netherlands,2025,netherlands_2025_17,2025-09-06,53,Peil.nl,,pvdd,3.0,2.192144373673036
Netherlands,2025,netherlands_2025_17,2025-09-06,53,Peil.nl,,fvd,5.0,3.444798301486199
Netherlands,2025,netherlands_2025_17,2025-09-06,53,Peil.nl,,sgp,3.0,2.192144373673036
Netherlands,2025,netherlands_2025_17,2025-09-06,53,Peil.nl,,cu,3.0,2.192144373673036
Netherlands,2025,netherlands_2025_17,2025-09-06,53,Peil.nl,,volt,3.0,2.192144373673036
Netherlands,2025,netherlands_2025_17,2025-09-06,53,Peil.nl,,ja21,11.0,7.202760084925689
Netherlands,2025,netherlands_2025_17,2025-09-06,53,Peil.nl,,plus50,0.0,0.3333333333333333
Netherlands,2025,netherlands_2025_18,2025-09-01,58,Ipsos I&O,1991.0,pvv,31.0,19.733333333333334
Netherlands,2025,netherlands_2025_18,2025-09-01,58,Ipsos I&O,1991.0,glpvda,23.0,14.721693121693121
Netherlands,2025,netherlands_2025_18,2025-09-01,58,Ipsos I&O,1991.0,vvd,15.0,9.71005291005291
Netherlands,2025,netherlands_2025_18,2025-09-01,58,Ipsos I&O,1991.0,nsc,1.0,0.9396825396825398
Netherlands,2025,netherlands_2025_18,2025-09-01,58,Ipsos I&O,1991.0,d66,11.0,7.204232804232805
Netherlands,2025,netherlands_2025_18,2025-09-01,58,Ipsos I&O,1991.0,bbb,6.0,4.071957671957672
Netherlands,2025,netherlands_2025_18,2025-09-01,58,Ipsos I&O,1991.0,cda,25.0,15.974603174603176
Netherlands,2025,netherlands_2025_18,2025-09-01,58,Ipsos I&O,1991.0,sp,6.0,4.071957671957672
Netherlands,2025,netherlands_2025_18,2025-09-01,58,Ipsos I&O,1991.0,denk,4.0,2.8190476190476192
Netherlands,2025,netherlands_2025_18,2025-09-01,58,Ipsos I&O,1991.0,pvdd,6.0,4.071957671957672
Netherlands,2025,netherlands_2025_18,2025-09-01,58,Ipsos I&O,1991.0,fvd,3.0,2.1925925925925926
Netherlands,2025,netherlands_2025_18,2025-09-01,58,Ipsos I&O,1991.0,sgp,3.0,2.1925925925925926
Netherlands,2025,netherlands_2025_18,2025-09-01,58,Ipsos I&O,1991.0,cu,3.0,2.1925925925925926
Netherlands,2025,netherlands_2025_18,2025-09-01,58,Ipsos I&O,1991.0,volt,4.0,2.8190476190476192
Netherlands,2025,netherlands_2025_18,2025-09-01,58,Ipsos I&O,1991.0,ja21,9.0,5.951322751322752
Netherlands,2025,netherlands_2025_18,2025-09-01,58,Ipsos I&O,1991.0,plus50,0.0,0.3333333333333333
Netherlands,2025,netherlands_2025_19,2025-08-25,65,Verian,1574.0,pvv,33.0,20.98195329087049
Netherlands,2025,netherlands_2025_19,2025-08-25,65,Verian,1574.0,glpvda,26.0,16.597664543524413
Netherlands,2025,netherlands_2025_19,2025-08-25,65,Verian,1574.0,vvd,15.0,9.708067940552016
Netherlands,2025,netherlands_2025_19,2025-08-25,65,Verian,1574.0,nsc,0.0,0.3333333333333333
Netherlands,2025,netherlands_2025_19,2025-08-25,65,Verian,1574.0,d66,10.0,6.576433121019108
Netherlands,2025,netherlands_2025_19,2025-08-25,65,Verian,1574.0,bbb,4.0,2.8184713375796178
Netherlands,2025,netherlands_2025_19,2025-08-25,65,Verian,1574.0,cda,22.0,14.092356687898087
Netherlands,2025,netherlands_2025_19,2025-08-25,65,Verian,1574.0,sp,7.0,4.697452229299363
Netherlands,2025,netherlands_2025_19,2025-08-25,65,Verian,1574.0,denk,4.0,2.8184713375796178
Netherlands,2025,netherlands_2025_19,2025-08-25,65,Verian,1574.0,pvdd,4.0,2.8184713375796178
Netherlands,2025,netherlands_2025_19,2025-08-25,65,Verian,1574.0,fvd,4.0,2.8184713375796178
Netherlands,2025,netherlands_2025_19,2025-08-25,65,Verian,1574.0,sgp,3.0,2.192144373673036
Netherlands,2025,netherlands_2025_19,2025-08-25,65,Verian,1574.0,cu,5.0,3.444798301486199
Netherlands,2025,netherlands_2025_19,2025-08-25,65,Verian,1574.0,volt,4.0,2.8184713375796178
Netherlands,2025,netherlands_2025_19,2025-08-25,65,Verian,1574.0,ja21,9.0,5.950106157112526
Netherlands,2025,netherlands_2025_19,2025-08-25,65,Verian,1574.0,plus50,0.0,0.3333333333333333
Netherlands,2025,netherlands_2025_20,2025-08-25,65,Peil.nl,6000.0,pvv,30.0,19.102972399150744
Netherlands,2025,netherlands_2025_20,2025-08-25,65,Peil.nl,6000.0,glpvda,29.0,18.476645435244162
Netherlands,2025,netherlands_2025_20,2025-08-25,65,Peil.nl,6000.0,vvd,15.0,9.708067940552016
Netherlands,2025,netherlands_2025_20,2025-08-25,65,Peil.nl,6000.0,nsc,0.0,0.3333333333333333
Netherlands,2025,netherlands_2025_20,2025-08-25,65,Peil.nl,6000.0,d66,10.0,6.576433121019108
Netherlands,2025,netherlands_2025_20,2025-08-25,65,Peil.nl,6000.0,bbb,7.0,4.697452229299363
Netherlands,2025,netherlands_2025_20,2025-08-25,65,Peil.nl,6000.0,cda,22.0,14.092356687898087
Netherlands,2025,netherlands_2025_20,2025-08-25,65,Peil.nl,6000.0,sp,7.0,4.697452229299363
Netherlands,2025,netherlands_2025_20,2025-08-25,65,Peil.nl,6000.0,denk,4.0,2.8184713375796178
Netherlands,2025,netherlands_2025_20,2025-08-25,65,Peil.nl,6000.0,pvdd,3.0,2.192144373673036
Netherlands,2025,netherlands_2025_20,2025-08-25,65,Peil.nl,6000.0,fvd,4.0,2.8184713375796178
Netherlands,2025,netherlands_2025_20,2025-08-25,65,Peil.nl,6000.0,sgp,4.0,2.8184713375796178
Netherlands,2025,netherlands_2025_20,2025-08-25,65,Peil.nl,6000.0,cu,3.0,2.192144373673036
Netherlands,2025,netherlands_2025_20,2025-08-25,65,Peil.nl,6000.0,volt,3.0,2.192144373673036
Netherlands,2025,netherlands_2025_20,2025-08-25,65,Peil.nl,6000.0,ja21,9.0,5.950106157112526
Netherlands,2025,netherlands_2025_20,2025-08-25,65,Peil.nl,6000.0,plus50,0.0,0.3333333333333333
Netherlands,2025,netherlands_2025_21,2025-08-09,81,Peil.nl,,pvv,28.0,17.850318471337577
Netherlands,2025,netherlands_2025_21,2025-08-09,81,Peil.nl,,glpvda,28.0,17.850318471337577
Netherlands,2025,netherlands_2025_21,2025-08-09,81,Peil.nl,,vvd,16.0,10.334394904458598
Netherlands,2025,netherlands_2025_21,2025-08-09,81,Peil.nl,,nsc,0.0,0.3333333333333333
Netherlands,2025,netherlands_2025_21,2025-08-09,81,Peil.nl,,d66,11.0,7.202760084925689
Netherlands,2025,netherlands_2025_21,2025-08-09,81,Peil.nl,,bbb,6.0,4.071125265392781
Netherlands,2025,netherlands_2025_21,2025-08-09,81,Peil.nl,,cda,24.0,15.345010615711251
Netherlands,2025,netherlands_2025_21,2025-08-09,81,Peil.nl,,sp,8.0,5.323779193205945
Netherlands,2025,netherlands_2025_21,2025-08-09,81,Peil.nl,,denk,4.0,2.8184713375796178
Netherlands,2025,netherlands_2025_21,2025-08-09,81,Peil.nl,,pvdd,4.0,2.8184713375796178
Netherlands,2025,netherlands_2025_21,2025-08-09,81,Peil.nl,,fvd,4.0,2.8184713375796178
Netherlands,2025,netherlands_2025_21,2025-08-09,81,Peil.nl,,sgp,4.0,2.8184713375796178
Netherlands,2025,netherlands_2025_21,2025-08-09,81,Peil.nl,,cu,3.0,2.192144373673036
Netherlands,2025,netherlands_2025_21,2025-08-09,81,Peil.nl,,volt,3.0,2.192144373673036
Netherlands,2025,netherlands_2025_21,2025-08-09,81,Peil.nl,,ja21,7.0,4.697452229299363
Netherlands,2025,netherlands_2025_21,2025-08-09,81,Peil.nl,,plus50,0.0,0.3333333333333333
Netherlands,2025,netherlands_2025_22,2025-07-28,93,Ipsos I&O,1735.0,pvv,27.0,17.227513227513228
Netherlands,2025,netherlands_2025_22,2025-07-28,93,Ipsos I&O,1735.0,glpvda,24.0,15.34814814814815
Netherlands,2025,netherlands_2025_22,2025-07-28,93,Ipsos I&O,1735.0,vvd,20.0,12.842328042328043
Netherlands,2025,netherlands_2025_22,2025-07-28,93,Ipsos I&O,1735.0,nsc,1.0,0.9396825396825398
Netherlands,2025,netherlands_2025_22,2025-07-28,93,Ipsos I&O,1735.0,d66,12.0,7.830687830687831
Netherlands,2025,netherlands_2025_22,2025-07-28,93,Ipsos I&O,1735.0,bbb,4.0,2.8190476190476192
Netherlands,2025,netherlands_2025_22,2025-07-28,93,Ipsos I&O,1735.0,cda,24.0,15.34814814814815
Netherlands,2025,netherlands_2025_22,2025-07-28,93,Ipsos I&O,1735.0,sp,6.0,4.071957671957672
Netherlands,2025,netherlands_2025_22,2025-07-28,93,Ipsos I&O,1735.0,denk,4.0,2.8190476190476192
Netherlands,2025,netherlands_2025_22,2025-07-28,93,Ipsos I&O,1735.0,pvdd,6.0,4.071957671957672
Netherlands,2025,netherlands_2025_22,2025-07-28,93,Ipsos I&O,1735.0,fvd,3.0,2.1925925925925926
Netherlands,2025,netherlands_2025_22,2025-07-28,93,Ipsos I&O,1735.0,sgp,4.0,2.8190476190476192
Netherlands,2025,netherlands_2025_22,2025-07-28,93,Ipsos I&O,1735.0,cu,4.0,2.8190476190476192
Netherlands,2025,netherlands_2025_22,2025-07-28,93,Ipsos I&O,1735.0,volt,4.0,2.8190476190476192
Netherlands,2025,netherlands_2025_22,2025-07-28,93,Ipsos I&O,1735.0,ja21,7.0,4.698412698412699
Netherlands,2025,netherlands_2025_22,2025-07-28,93,Ipsos I&O,1735.0,plus50,0.0,0.3333333333333333
Netherlands,2025,netherlands_2025_23,2025-07-28,93,Verian,1505.0,pvv,30.0,19.106878306878308
Netherlands,2025,netherlands_2025_23,2025-07-28,93,Verian,1505.0,glpvda,29.0,18.48042328042328
Netherlands,2025,netherlands_2025_23,2025-07-28,93,Verian,1505.0,vvd,23.0,14.721693121693121
Netherlands,2025,netherlands_2025_23,2025-07-28,93,Verian,1505.0,nsc,1.0,0.9396825396825398
Netherlands,2025,netherlands_2025_23,2025-07-28,93,Verian,1505.0,d66,10.0,6.577777777777778
Netherlands,2025,netherlands_2025_23,2025-07-28,93,Verian,1505.0,bbb,2.0,1.566137566137566
Netherlands,2025,netherlands_2025_23,2025-07-28,93,Verian,1505.0,cda,23.0,14.721693121693121
Netherlands,2025,netherlands_2025_23,2025-07-28,93,Verian,1505.0,sp,7.0,4.698412698412699
Netherlands,2025,netherlands_2025_23,2025-07-28,93,Verian,1505.0,denk,2.0,1.566137566137566
Netherlands,2025,netherlands_2025_23,2025-07-28,93,Verian,1505.0,pvdd,4.0,2.8190476190476192
Netherlands,2025,netherlands_2025_23,2025-07-28,93,Verian,1505.0,fvd,4.0,2.8190476190476192
Netherlands,2025,netherlands_2025_23,2025-07-28,93,Verian,1505.0,sgp,3.0,2.1925925925925926
Netherlands,2025,netherlands_2025_23,2025-07-28,93,Verian,1505.0,cu,3.0,2.1925925925925926
Netherlands,2025,netherlands_2025_23,2025-07-28,93,Verian,1505.0,volt,2.0,1.566137566137566
Netherlands,2025,netherlands_2025_23,2025-07-28,93,Verian,1505.0,ja21,7.0,4.698412698412699
Netherlands,2025,netherlands_2025_23,2025-07-28,93,Verian,1505.0,plus50,0.0,0.3333333333333333
Netherlands,2025,netherlands_2025_24,2025-07-26,95,Peil.nl,,pvv,29.0,18.476645435244162
Netherlands,2025,netherlands_2025_24,2025-07-26,95,Peil.nl,,glpvda,27.0,17.223991507430995
Netherlands,2025,netherlands_2025_24,2025-07-26,95,Peil.nl,,vvd,19.0,12.213375796178344
Netherlands,2025,netherlands_2025_24,2025-07-26,95,Peil.nl,,nsc,0.0,0.3333333333333333
Netherlands,2025,netherlands_2025_24,2025-07-26,95,Peil.nl,,d66,10.0,6.576433121019108
Netherlands,2025,netherlands_2025_24,2025-07-26,95,Peil.nl,,bbb,5.0,3.444798301486199
Netherlands,2025,netherlands_2025_24,2025-07-26,95,Peil.nl,,cda,21.0,13.466029723991506
Netherlands,2025,netherlands_2025_24,2025-07-26,95,Peil.nl,,sp,8.0,5.323779193205945
Netherlands,2025,netherlands_2025_24,2025-07-26,95,Peil.nl,,denk,4.0,2.8184713375796178
Netherlands,2025,netherlands_2025_24,2025-07-26,95,Peil.nl,,pvdd,5.0,3.444798301486199
Netherlands,2025,netherlands_2025_24,2025-07-26,95,Peil.nl,,fvd,4.0,2.8184713375796178
Netherlands,2025,netherlands_2025_24,2025-07-26,95,Peil.nl,,sgp,4.0,2.8184713375796178
Netherlands,2025,netherlands_2025_24,2025-07-26,95,Peil.nl,,cu,3.0,2.192144373673036
Netherlands,2025,netherlands_2025_24,2025-07-26,95,Peil.nl,,volt,3.0,2.192144373673036
Netherlands,2025,netherlands_2025_24,2025-07-26,95,Peil.nl,,ja21,8.0,5.323779193205945
Netherlands,2025,netherlands_2025_24,2025-07-26,95,Peil.nl,,plus50,0.0,0.3333333333333333
Netherlands,2025,netherlands_2025_25,2025-07-05,116,Peil.nl,,pvv,29.0,18.476645435244162
Netherlands,2025,netherlands_2025_25,2025-07-05,116,Peil.nl,,glpvda,28.0,17.850318471337577
Netherlands,2025,netherlands_2025_25,2025-07-05,116,Peil.nl,,vvd,20.0,12.839702760084926
Netherlands,2025,netherlands_2025_25,2025-07-05,116,Peil.nl,,nsc,0.0,0.3333333333333333
Netherlands,2025,netherlands_2025_25,2025-07-05,116,Peil.nl,,d66,9.0,5.950106157112526
Netherlands,2025,netherlands_2025_25,2025-07-05,116,Peil.nl,,bbb,4.0,2.8184713375796178
Netherlands,2025,netherlands_2025_25,2025-07-05,116,Peil.nl,,cda,21.0,13.466029723991506
Netherlands,2025,netherlands_2025_25,2025-07-05,116,Peil.nl,,sp,7.0,4.697452229299363
Netherlands,2025,netherlands_2025_25,2025-07-05,116,Peil.nl,,denk,4.0,2.8184713375796178
Netherlands,2025,netherlands_2025_25,2025-07-05,116,Peil.nl,,pvdd,4.0,2.8184713375796178
Netherlands,2025,netherlands_2025_25,2025-07-05,116,Peil.nl,,fvd,4.0,2.8184713375796178
Netherlands,2025,netherlands_2025_25,2025-07-05,116,Peil.nl,,sgp,4.0,2.8184713375796178
Netherlands,2025,netherlands_2025_25,2025-07-05,116,Peil.nl,,cu,3.0,2.192144373673036
Netherlands,2025,netherlands_2025_25,2025-07-05,116,Peil.nl,,volt,3.0,2.192144373673036
Netherlands,2025,netherlands_2025_25,2025-07-05,116,Peil.nl,,ja21,10.0,6.576433121019108
Netherlands,2025,netherlands_2025_25,2025-07-05,116,Peil.nl,,plus50,0.0,0.3333333333333333
Sweden,2014,sweden_2014_0,2014-09-12,2,SKOP,,s,31.2,31.2
Sweden,2014,sweden_2014_0,2014-09-12,2,SKOP,,m,24.6,24.6
Sweden,2014,sweden_2014_0,2014-09-12,2,SKOP,,mp,7.7,7.7
Sweden,2014,sweden_2014_0,2014-09-12,2,SKOP,,l,6.7,6.7
Sweden,2014,sweden_2014_0,2014-09-12,2,SKOP,,c,6.5,6.5
Sweden,2014,sweden_2014_0,2014-09-12,2,SKOP,,sd,8.0,8.0
Sweden,2014,sweden_2014_0,2014-09-12,2,SKOP,,v,6.5,6.5
Sweden,2014,sweden_2014_0,2014-09-12,2,SKOP,,kd,4.6,4.6
Sweden,2014,sweden_2014_0,2014-09-12,2,SKOP,,fi,3.5,3.5
Sweden,2014,sweden_2014_1,2014-09-11,3,Sifo,,s,31.1,31.1
Sweden,2014,sweden_2014_1,2014-09-11,3,Sifo,,m,21.2,21.2
Sweden,2014,sweden_2014_1,2014-09-11,3,Sifo,,mp,8.3,8.3
Sweden,2014,sweden_2014_1,2014-09-11,3,Sifo,,l,6.8,6.8
Sweden,2014,sweden_2014_1,2014-09-11,3,Sifo,,c,6.5,6.5
Sweden,2014,sweden_2014_1,2014-09-11,3,Sifo,,sd,10.3,10.3
Sweden,2014,sweden_2014_1,2014-09-11,3,Sifo,,v,6.3,6.3
Sweden,2014,sweden_2014_1,2014-09-11,3,Sifo,,kd,5.5,5.5
Sweden,2014,sweden_2014_1,2014-09-11,3,Sifo,,fi,3.0,3.0
Sweden,2014,sweden_2014_2,2014-09-11,3,United Minds,,s,31.1,31.1
Sweden,2014,sweden_2014_2,2014-09-11,3,United Minds,,m,22.8,22.8
Sweden,2014,sweden_2014_2,2014-09-11,3,United Minds,,mp,8.7,8.7
Sweden,2014,sweden_2014_2,2014-09-11,3,United Minds,,l,5.5,5.5
Sweden,2014,sweden_2014_2,2014-09-11,3,United Minds,,c,5.8,5.8
Sweden,2014,sweden_2014_2,2014-09-11,3,United Minds,,sd,11.1,11.1
Sweden,2014,sweden_2014_2,2014-09-11,3,United Minds,,v,5.7,5.7
Sweden,2014,sweden_2014_2,2014-09-11,3,United Minds,,kd,5.4,5.4
Sweden,2014,sweden_2014_2,2014-09-11,3,United Minds,,fi,3.3,3.3
Sweden,2014,sweden_2014_3,2014-09-11,3,Demoskop,,s,29.2,29.2
Sweden,2014,sweden_2014_3,2014-09-11,3,Demoskop,,m,20.9,20.9
Sweden,2014,sweden_2014_3,2014-09-11,3,Demoskop,,mp,9.7,9.7
Sweden,2014,sweden_2014_3,2014-09-11,3,Demoskop,,l,5.9,5.9
Sweden,2014,sweden_2014_3,2014-09-11,3,Demoskop,,c,6.8,6.8
Sweden,2014,sweden_2014_3,2014-09-11,3,Demoskop,,sd,10.2,10.2
Sweden,2014,sweden_2014_3,2014-09-11,3,Demoskop,,v,7.2,7.2
Sweden,2014,sweden_2014_3,2014-09-11,3,Demoskop,,kd,4.9,4.9
Sweden,2014,sweden_2014_3,2014-09-11,3,Demoskop,,fi,3.9,3.9
Sweden,2014,sweden_2014_4,2014-09-10,4,YouGov,,s,29.5,29.5
Sweden,2014,sweden_2014_4,2014-09-10,4,YouGov,,m,21.2,21.2
Sweden,2014,sweden_2014_4,2014-09-10,4,YouGov,,mp,8.0,8.0
Sweden,2014,sweden_2014_4,2014-09-10,4,YouGov,,l,6.2,6.2
Sweden,2014,sweden_2014_4,2014-09-10,4,YouGov,,c,6.4,6.4
Sweden,2014,sweden_2014_4,2014-09-10,4,YouGov,,sd,11.1,11.1
Sweden,2014,sweden_2014_4,2014-09-10,4,YouGov,,v,6.8,6.8
Sweden,2014,sweden_2014_4,2014-09-10,4,YouGov,,kd,5.8,5.8
Sweden,2014,sweden_2014_4,2014-09-10,4,YouGov,,fi,4.0,4.0
Sweden,2014,sweden_2014_5,2014-09-09,5,Sifo,,s,30.4,30.4
Sweden,2014,sweden_2014_5,2014-09-09,5,Sifo,,m,22.6,22.6
Sweden,2014,sweden_2014_5,2014-09-09,5,Sifo,,mp,10.3,10.3
Sweden,2014,sweden_2014_5,2014-09-09,5,Sifo,,l,7.2,7.2
Sweden,2014,sweden_2014_5,2014-09-09,5,Sifo,,c,7.0,7.0
Sweden,2014,sweden_2014_5,2014-09-09,5,Sifo,,sd,8.9,8.9
Sweden,2014,sweden_2014_5,2014-09-09,5,Sifo,,v,6.8,6.8
Sweden,2014,sweden_2014_5,2014-09-09,5,Sifo,,kd,4.5,4.5
Sweden,2014,sweden_2014_5,2014-09-09,5,Sifo,,fi,1.6,1.6
Sweden,2014,sweden_2014_6,2014-09-09,5,United Minds,,s,29.6,29.6
Sweden,2014,sweden_2014_6,2014-09-09,5,United Minds,,m,21.0,21.0
Sweden,2014,sweden_2014_6,2014-09-09,5,United Minds,,mp,7.5,7.5
Sweden,2014,sweden_2014_6,2014-09-09,5,United Minds,,l,6.9,6.9
Sweden,2014,sweden_2014_6,2014-09-09,5,United Minds,,c,6.5,6.5
Sweden,2014,sweden_2014_6,2014-09-09,5,United Minds,,sd,11.1,11.1
Sweden,2014,sweden_2014_6,2014-09-09,5,United Minds,,v,7.2,7.2
Sweden,2014,sweden_2014_6,2014-09-09,5,United Minds,,kd,5.7,5.7
Sweden,2014,sweden_2014_6,2014-09-09,5,United Minds,,fi,3.4,3.4
Sweden,2014,sweden_2014_7,2014-09-08,6,Sentio,,s,29.1,29.1
Sweden,2014,sweden_2014_7,2014-09-08,6,Sentio,,m,20.7,20.7
Sweden,2014,sweden_2014_7,2014-09-08,6,Sentio,,mp,8.8,8.8
Sweden,2014,sweden_2014_7,2014-09-08,6,Sentio,,l,5.6,5.6
Sweden,2014,sweden_2014_7,2014-09-08,6,Sentio,,c,6.5,6.5
Sweden,2014,sweden_2014_7,2014-09-08,6,Sentio,,sd,12.7,12.7
Sweden,2014,sweden_2014_7,2014-09-08,6,Sentio,,v,7.4,7.4
Sweden,2014,sweden_2014_7,2014-09-08,6,Sentio,,kd,5.1,5.1
Sweden,2014,sweden_2014_8,2014-09-08,6,Demoskop,,s,28.6,28.6
Sweden,2014,sweden_2014_8,2014-09-08,6,Demoskop,,m,20.4,20.4
Sweden,2014,sweden_2014_8,2014-09-08,6,Demoskop,,mp,10.0,10.0
Sweden,2014,sweden_2014_8,2014-09-08,6,Demoskop,,l,6.6,6.6
Sweden,2014,sweden_2014_8,2014-09-08,6,Demoskop,,c,6.1,6.1
Sweden,2014,sweden_2014_8,2014-09-08,6,Demoskop,,sd,11.8,11.8
Sweden,2014,sweden_2014_8,2014-09-08,6,Demoskop,,v,5.9,5.9
Sweden,2014,sweden_2014_8,2014-09-08,6,Demoskop,,kd,5.0,5.0
Sweden,2014,sweden_2014_8,2014-09-08,6,Demoskop,,fi,3.7,3.7
Sweden,2014,sweden_2014_9,2014-09-06,8,Novus,,s,30.0,30.0
Sweden,2014,sweden_2014_9,2014-09-06,8,Novus,,m,22.4,22.4
Sweden,2014,sweden_2014_9,2014-09-06,8,Novus,,mp,9.9,9.9
Sweden,2014,sweden_2014_9,2014-09-06,8,Novus,,l,6.2,6.2
Sweden,2014,sweden_2014_9,2014-09-06,8,Novus,,c,5.1,5.1
Sweden,2014,sweden_2014_9,2014-09-06,8,Novus,,sd,10.4,10.4
Sweden,2014,sweden_2014_9,2014-09-06,8,Novus,,v,7.2,7.2
Sweden,2014,sweden_2014_9,2014-09-06,8,Novus,,kd,4.8,4.8
Sweden,2014,sweden_2014_9,2014-09-06,8,Novus,,fi,2.6,2.6
Sweden,2014,sweden_2014_10,2014-09-05,9,United Minds,,s,30.5,30.5
Sweden,2014,sweden_2014_10,2014-09-05,9,United Minds,,m,21.1,21.1
Sweden,2014,sweden_2014_10,2014-09-05,9,United Minds,,mp,8.8,8.8
Sweden,2014,sweden_2014_10,2014-09-05,9,United Minds,,l,6.5,6.5
Sweden,2014,sweden_2014_10,2014-09-05,9,United Minds,,c,4.6,4.6
Sweden,2014,sweden_2014_10,2014-09-05,9,United Minds,,sd,11.4,11.4
Sweden,2014,sweden_2014_10,2014-09-05,9,United Minds,,v,7.3,7.3
Sweden,2014,sweden_2014_10,2014-09-05,9,United Minds,,kd,5.4,5.4
Sweden,2014,sweden_2014_10,2014-09-05,9,United Minds,,fi,2.8,2.8
Sweden,2014,sweden_2014_11,2014-09-04,10,YouGov,,s,32.2,32.2
Sweden,2014,sweden_2014_11,2014-09-04,10,YouGov,,m,21.1,21.1
Sweden,2014,sweden_2014_11,2014-09-04,10,YouGov,,mp,8.0,8.0
Sweden,2014,sweden_2014_11,2014-09-04,10,YouGov,,l,6.6,6.6
Sweden,2014,sweden_2014_11,2014-09-04,10,YouGov,,c,4.4,4.4
Sweden,2014,sweden_2014_11,2014-09-04,10,YouGov,,sd,11.3,11.3
Sweden,2014,sweden_2014_11,2014-09-04,10,YouGov,,v,6.7,6.7
Sweden,2014,sweden_2014_11,2014-09-04,10,YouGov,,kd,5.2,5.2
Sweden,2014,sweden_2014_11,2014-09-04,10,YouGov,,fi,3.0,3.0
Sweden,2014,sweden_2014_12,2014-09-04,10,Sifo,,s,27.0,27.0
Sweden,2014,sweden_2014_12,2014-09-04,10,Sifo,,m,22.1,22.1
Sweden,2014,sweden_2014_12,2014-09-04,10,Sifo,,mp,10.5,10.5
Sweden,2014,sweden_2014_12,2014-09-04,10,Sifo,,l,8.4,8.4
Sweden,2014,sweden_2014_12,2014-09-04,10,Sifo,,c,4.7,4.7
Sweden,2014,sweden_2014_12,2014-09-04,10,Sifo,,sd,10.4,10.4
Sweden,2014,sweden_2014_12,2014-09-04,10,Sifo,,v,7.5,7.5
Sweden,2014,sweden_2014_12,2014-09-04,10,Sifo,,kd,5.3,5.3
Sweden,2014,sweden_2014_12,2014-09-04,10,Sifo,,fi,1.8,1.8
Sweden,2014,sweden_2014_13,2014-09-04,10,SKOP,,s,32.0,32.0
Sweden,2014,sweden_2014_13,2014-09-04,10,SKOP,,m,22.2,22.2
Sweden,2014,sweden_2014_13,2014-09-04,10,SKOP,,mp,7.9,7.9
Sweden,2014,sweden_2014_13,2014-09-04,10,SKOP,,l,5.8,5.8
Sweden,2014,sweden_2014_13,2014-09-04,10,SKOP,,c,5.3,5.3
Sweden,2014,sweden_2014_13,2014-09-04,10,SKOP,,sd,9.4,9.4
Sweden,2014,sweden_2014_13,2014-09-04,10,SKOP,,v,8.3,8.3
Sweden,2014,sweden_2014_13,2014-09-04,10,SKOP,,kd,5.1,5.1
Sweden,2014,sweden_2014_13,2014-09-04,10,SKOP,,fi,2.4,2.4
Sweden,2014,sweden_2014_14,2014-09-02,12,Demoskop,,s,30.7,30.7
Sweden,2014,sweden_2014_14,2014-09-02,12,Demoskop,,m,22.2,22.2
Sweden,2014,sweden_2014_14,2014-09-02,12,Demoskop,,mp,10.6,10.6
Sweden,2014,sweden_2014_14,2014-09-02,12,Demoskop,,l,5.1,5.1
Sweden,2014,sweden_2014_14,2014-09-02,12,Demoskop,,c,4.6,4.6
Sweden,2014,sweden_2014_14,2014-09-02,12,Demoskop,,sd,10.8,10.8
Sweden,2014,sweden_2014_14,2014-09-02,12,Demoskop,,v,7.2,7.2
Sweden,2014,sweden_2014_14,2014-09-02,12,Demoskop,,kd,5.0,5.0
Sweden,2014,sweden_2014_14,2014-09-02,12,Demoskop,,fi,2.5,2.5
Sweden,2014,sweden_2014_15,2014-09-01,13,Ipsos,,s,29.7,29.7
Sweden,2014,sweden_2014_15,2014-09-01,13,Ipsos,,m,21.7,21.7
Sweden,2014,sweden_2014_15,2014-09-01,13,Ipsos,,mp,11.0,11.0
Sweden,2014,sweden_2014_15,2014-09-01,13,Ipsos,,l,6.3,6.3
Sweden,2014,sweden_2014_15,2014-09-01,13,Ipsos,,c,4.4,4.4
Sweden,2014,sweden_2014_15,2014-09-01,13,Ipsos,,sd,9.7,9.7
Sweden,2014,sweden_2014_15,2014-09-01,13,Ipsos,,v,7.4,7.4
Sweden,2014,sweden_2014_15,2014-09-01,13,Ipsos,,kd,4.5,4.5
Sweden,2014,sweden_2014_15,2014-09-01,13,Ipsos,,fi,4.0,4.0
Sweden,2014,sweden_2014_16,2014-08-31,14,Novus,,s,30.2,30.2
Sweden,2014,sweden_2014_16,2014-08-31,14,Novus,,m,23.3,23.3
Sweden,2014,sweden_2014_16,2014-08-31,14,Novus,,mp,9.6,9.6
Sweden,2014,sweden_2014_16,2014-08-31,14,Novus,,l,6.4,6.4
Sweden,2014,sweden_2014_16,2014-08-31,14,Novus,,c,5.3,5.3
Sweden,2014,sweden_2014_16,2014-08-31,14,Novus,,sd,10.6,10.6
Sweden,2014,sweden_2014_16,2014-08-31,14,Novus,,v,7.1,7.1
Sweden,2014,sweden_2014_16,2014-08-31,14,Novus,,kd,4.4,4.4
Sweden,2014,sweden_2014_16,2014-08-31,14,Novus,,fi,2.1,2.1
Sweden,2014,sweden_2014_17,2014-08-31,14,United Minds,,s,31.3,31.3
Sweden,2014,sweden_2014_17,2014-08-31,14,United Minds,,m,21.1,21.1
Sweden,2014,sweden_2014_17,2014-08-31,14,United Minds,,mp,8.4,8.4
Sweden,2014,sweden_2014_17,2014-08-31,14,United Minds,,l,7.2,7.2
Sweden,2014,sweden_2014_17,2014-08-31,14,United Minds,,c,5.7,5.7
Sweden,2014,sweden_2014_17,2014-08-31,14,United Minds,,sd,10.2,10.2
Sweden,2014,sweden_2014_17,2014-08-31,14,United Minds,,v,6.8,6.8
Sweden,2014,sweden_2014_17,2014-08-31,14,United Minds,,kd,5.1,5.1
Sweden,2014,sweden_2014_17,2014-08-31,14,United Minds,,fi,2.9,2.9
Sweden,2014,sweden_2014_18,2014-08-28,17,Sifo,,s,29.0,29.0
Sweden,2014,sweden_2014_18,2014-08-28,17,Sifo,,m,22.6,22.6
Sweden,2014,sweden_2014_18,2014-08-28,17,Sifo,,mp,11.0,11.0
Sweden,2014,sweden_2014_18,2014-08-28,17,Sifo,,l,5.8,5.8
Sweden,2014,sweden_2014_18,2014-08-28,17,Sifo,,c,5.9,5.9
Sweden,2014,sweden_2014_18,2014-08-28,17,Sifo,,sd,11.0,11.0
Sweden,2014,sweden_2014_18,2014-08-28,17,Sifo,,v,6.1,6.1
Sweden,2014,sweden_2014_18,2014-08-28,17,Sifo,,kd,4.5,4.5
Sweden,2014,sweden_2014_18,2014-08-28,17,Sifo,,fi,2.9,2.9
Sweden,2014,sweden_2014_19,2014-08-24,21,United Minds,,s,30.0,30.0
Sweden,2014,sweden_2014_19,2014-08-24,21,United Minds,,m,21.5,21.5
Sweden,2014,sweden_2014_19,2014-08-24,21,United Minds,,mp,9.0,9.0
Sweden,2014,sweden_2014_19,2014-08-24,21,United Minds,,l,6.8,6.8
Sweden,2014,sweden_2014_19,2014-08-24,21,United Minds,,c,4.4,4.4
Sweden,2014,sweden_2014_19,2014-08-24,21,United Minds,,sd,11.5,11.5
Sweden,2014,sweden_2014_19,2014-08-24,21,United Minds,,v,7.0,7.0
Sweden,2014,sweden_2014_19,2014-08-24,21,United Minds,,kd,4.8,4.8
Sweden,2014,sweden_2014_19,2014-08-24,21,United Minds,,fi,3.4,3.4
Sweden,2014,sweden_2014_20,2014-08-21,24,Demoskop,,s,29.9,29.9
Sweden,2014,sweden_2014_20,2014-08-21,24,Demoskop,,m,23.4,23.4
Sweden,2014,sweden_2014_20,2014-08-21,24,Demoskop,,mp,9.8,9.8
Sweden,2014,sweden_2014_20,2014-08-21,24,Demoskop,,l,5.6,5.6
Sweden,2014,sweden_2014_20,2014-08-21,24,Demoskop,,c,4.7,4.7
Sweden,2014,sweden_2014_20,2014-08-21,24,Demoskop,,sd,12.2,12.2
Sweden,2014,sweden_2014_20,2014-08-21,24,Demoskop,,v,6.5,6.5
Sweden,2014,sweden_2014_20,2014-08-21,24,Demoskop,,kd,3.6,3.6
Sweden,2014,sweden_2014_20,2014-08-21,24,Demoskop,,fi,3.0,3.0
Sweden,2014,sweden_2014_21,2014-08-18,27,United Minds,,s,29.7,29.7
Sweden,2014,sweden_2014_21,2014-08-18,27,United Minds,,m,20.8,20.8
Sweden,2014,sweden_2014_21,2014-08-18,27,United Minds,,mp,9.9,9.9
Sweden,2014,sweden_2014_21,2014-08-18,27,United Minds,,l,7.9,7.9
Sweden,2014,sweden_2014_21,2014-08-18,27,United Minds,,c,5.6,5.6
Sweden,2014,sweden_2014_21,2014-08-18,27,United Minds,,sd,10.9,10.9
Sweden,2014,sweden_2014_21,2014-08-18,27,United Minds,,v,6.9,6.9
Sweden,2014,sweden_2014_21,2014-08-18,27,United Minds,,kd,4.6,4.6
Sweden,2014,sweden_2014_21,2014-08-18,27,United Minds,,fi,2.3,2.3
Sweden,2014,sweden_2014_22,2014-08-18,27,Ipsos,,s,31.8,31.8
Sweden,2014,sweden_2014_22,2014-08-18,27,Ipsos,,m,20.8,20.8
Sweden,2014,sweden_2014_22,2014-08-18,27,Ipsos,,mp,11.6,11.6
Sweden,2014,sweden_2014_22,2014-08-18,27,Ipsos,,l,6.5,6.5
Sweden,2014,sweden_2014_22,2014-08-18,27,Ipsos,,c,4.0,4.0
Sweden,2014,sweden_2014_22,2014-08-18,27,Ipsos,,sd,9.4,9.4
Sweden,2014,sweden_2014_22,2014-08-18,27,Ipsos,,v,7.0,7.0
Sweden,2014,sweden_2014_22,2014-08-18,27,Ipsos,,kd,4.3,4.3
Sweden,2014,sweden_2014_22,2014-08-18,27,Ipsos,,fi,3.4,3.4
Sweden,2014,sweden_2014_23,2014-08-14,31,Sifo,,s,30.3,30.3
Sweden,2014,sweden_2014_23,2014-08-14,31,Sifo,,m,24.6,24.6
Sweden,2014,sweden_2014_23,2014-08-14,31,Sifo,,mp,11.1,11.1
Sweden,2014,sweden_2014_23,2014-08-14,31,Sifo,,l,6.7,6.7
Sweden,2014,sweden_2014_23,2014-08-14,31,Sifo,,c,3.8,3.8
Sweden,2014,sweden_2014_23,2014-08-14,31,Sifo,,sd,10.1,10.1
Sweden,2014,sweden_2014_23,2014-08-14,31,Sifo,,v,7.9,7.9
Sweden,2014,sweden_2014_23,2014-08-14,31,Sifo,,kd,3.4,3.4
Sweden,2014,sweden_2014_23,2014-08-14,31,Sifo,,fi,2.0,2.0
Sweden,2014,sweden_2014_24,2014-08-12,33,Sentio,,s,30.1,30.1
Sweden,2014,sweden_2014_24,2014-08-12,33,Sentio,,m,21.2,21.2
Sweden,2014,sweden_2014_24,2014-08-12,33,Sentio,,mp,8.3,8.3
Sweden,2014,sweden_2014_24,2014-08-12,33,Sentio,,l,5.6,5.6
Sweden,2014,sweden_2014_24,2014-08-12,33,Sentio,,c,4.7,4.7
Sweden,2014,sweden_2014_24,2014-08-12,33,Sentio,,sd,11.8,11.8
Sweden,2014,sweden_2014_24,2014-08-12,33,Sentio,,v,7.4,7.4
Sweden,2014,sweden_2014_24,2014-08-12,33,Sentio,,kd,4.7,4.7
Sweden,2014,sweden_2014_24,2014-08-12,33,Sentio,,fi,4.0,4.0
Sweden,2014,sweden_2014_25,2014-08-10,35,United Minds,,s,29.6,29.6
Sweden,2014,sweden_2014_25,2014-08-10,35,United Minds,,m,19.8,19.8
Sweden,2014,sweden_2014_25,2014-08-10,35,United Minds,,mp,9.8,9.8
Sweden,2014,sweden_2014_25,2014-08-10,35,United Minds,,l,7.5,7.5
Sweden,2014,sweden_2014_25,2014-08-10,35,United Minds,,c,5.2,5.2
Sweden,2014,sweden_2014_25,2014-08-10,35,United Minds,,sd,11.6,11.6
Sweden,2014,sweden_2014_25,2014-08-10,35,United Minds,,v,7.2,7.2
Sweden,2014,sweden_2014_25,2014-08-10,35,United Minds,,kd,4.3,4.3
Sweden,2014,sweden_2014_25,2014-08-10,35,United Minds,,fi,2.9,2.9
Sweden,2014,sweden_2014_26,2014-08-05,40,YouGov,,s,30.3,30.3
Sweden,2014,sweden_2014_26,2014-08-05,40,YouGov,,m,23.4,23.4
Sweden,2014,sweden_2014_26,2014-08-05,40,YouGov,,mp,9.4,9.4
Sweden,2014,sweden_2014_26,2014-08-05,40,YouGov,,l,6.0,6.0
Sweden,2014,sweden_2014_26,2014-08-05,40,YouGov,,c,5.2,5.2
Sweden,2014,sweden_2014_26,2014-08-05,40,YouGov,,sd,9.3,9.3
Sweden,2014,sweden_2014_26,2014-08-05,40,YouGov,,v,6.6,6.6
Sweden,2014,sweden_2014_26,2014-08-05,40,YouGov,,kd,5.0,5.0
Sweden,2014,sweden_2014_26,2014-08-05,40,YouGov,,fi,3.6,3.6
Sweden,2014,sweden_2014_27,2014-08-03,42,Novus,,s,31.8,31.8
Sweden,2014,sweden_2014_27,2014-08-03,42,Novus,,m,22.4,22.4
Sweden,2014,sweden_2014_27,2014-08-03,42,Novus,,mp,9.9,9.9
Sweden,2014,sweden_2014_27,2014-08-03,42,Novus,,l,6.1,6.1
Sweden,2014,sweden_2014_27,2014-08-03,42,Novus,,c,5.8,5.8
Sweden,2014,sweden_2014_27,2014-08-03,42,Novus,,sd,8.8,8.8
Sweden,2014,sweden_2014_27,2014-08-03,42,Novus,,v,7.3,7.3
Sweden,2014,sweden_2014_27,2014-08-03,42,Novus,,kd,4.2,4.2
Sweden,2014,sweden_2014_27,2014-08-03,42,Novus,,fi,2.6,2.6
Sweden,2014,sweden_2014_28,2014-07-16,60,Sentio,,s,29.9,29.9
Sweden,2014,sweden_2014_28,2014-07-16,60,Sentio,,m,20.8,20.8
Sweden,2014,sweden_2014_28,2014-07-16,60,Sentio,,mp,8.3,8.3
Sweden,2014,sweden_2014_28,2014-07-16,60,Sentio,,l,6.1,6.1
Sweden,2014,sweden_2014_28,2014-07-16,60,Sentio,,c,3.7,3.7
Sweden,2014,sweden_2014_28,2014-07-16,60,Sentio,,sd,13.5,13.5
Sweden,2014,sweden_2014_28,2014-07-16,60,Sentio,,v,8.5,8.5
Sweden,2014,sweden_2014_28,2014-07-16,60,Sentio,,kd,5.5,5.5
Sweden,2014,sweden_2014_29,2014-07-07,69,Sifo,,s,30.7,30.7
Sweden,2014,sweden_2014_29,2014-07-07,69,Sifo,,m,23.9,23.9
Sweden,2014,sweden_2014_29,2014-07-07,69,Sifo,,mp,11.4,11.4
Sweden,2014,sweden_2014_29,2014-07-07,69,Sifo,,l,6.1,6.1
Sweden,2014,sweden_2014_29,2014-07-07,69,Sifo,,c,4.6,4.6
Sweden,2014,sweden_2014_29,2014-07-07,69,Sifo,,sd,9.0,9.0
Sweden,2014,sweden_2014_29,2014-07-07,69,Sifo,,v,6.6,6.6
Sweden,2014,sweden_2014_29,2014-07-07,69,Sifo,,kd,4.3,4.3
Sweden,2014,sweden_2014_29,2014-07-07,69,Sifo,,fi,2.6,2.6
Sweden,2014,sweden_2014_30,2014-07-02,74,Demoskop,,s,31.5,31.5
Sweden,2014,sweden_2014_30,2014-07-02,74,Demoskop,,m,19.4,19.4
Sweden,2014,sweden_2014_30,2014-07-02,74,Demoskop,,mp,13.6,13.6
Sweden,2014,sweden_2014_30,2014-07-02,74,Demoskop,,l,6.5,6.5
Sweden,2014,sweden_2014_30,2014-07-02,74,Demoskop,,c,4.5,4.5
Sweden,2014,sweden_2014_30,2014-07-02,74,Demoskop,,sd,9.2,9.2
Sweden,2014,sweden_2014_30,2014-07-02,74,Demoskop,,v,7.2,7.2
Sweden,2014,sweden_2014_30,2014-07-02,74,Demoskop,,kd,4.2,4.2
Sweden,2014,sweden_2014_30,2014-07-02,74,Demoskop,,fi,2.8,2.8
Sweden,2014,sweden_2014_31,2014-06-30,76,United Minds,,s,28.0,28.0
Sweden,2014,sweden_2014_31,2014-06-30,76,United Minds,,m,22.8,22.8
Sweden,2014,sweden_2014_31,2014-06-30,76,United Minds,,mp,11.9,11.9
Sweden,2014,sweden_2014_31,2014-06-30,76,United Minds,,l,5.0,5.0
Sweden,2014,sweden_2014_31,2014-06-30,76,United Minds,,c,4.8,4.8
Sweden,2014,sweden_2014_31,2014-06-30,76,United Minds,,sd,10.5,10.5
Sweden,2014,sweden_2014_31,2014-06-30,76,United Minds,,v,7.5,7.5
Sweden,2014,sweden_2014_31,2014-06-30,76,United Minds,,kd,4.4,4.4
Sweden,2014,sweden_2014_31,2014-06-30,76,United Minds,,fi,4.0,4.0
Sweden,2014,sweden_2014_32,2014-06-22,84,Ipsos,,s,31.1,31.1
Sweden,2014,sweden_2014_32,2014-06-22,84,Ipsos,,m,20.5,20.5
Sweden,2014,sweden_2014_32,2014-06-22,84,Ipsos,,mp,11.3,11.3
Sweden,2014,sweden_2014_32,2014-06-22,84,Ipsos,,l,6.3,6.3
Sweden,2014,sweden_2014_32,2014-06-22,84,Ipsos,,c,5.6,5.6
Sweden,2014,sweden_2014_32,2014-06-22,84,Ipsos,,sd,9.6,9.6
Sweden,2014,sweden_2014_32,2014-06-22,84,Ipsos,,v,7.4,7.4
Sweden,2014,sweden_2014_32,2014-06-22,84,Ipsos,,kd,3.3,3.3
Sweden,2014,sweden_2014_32,2014-06-22,84,Ipsos,,fi,3.7,3.7
Sweden,2014,sweden_2014_33,2014-06-22,84,Novus,,s,32.1,32.1
Sweden,2014,sweden_2014_33,2014-06-22,84,Novus,,m,21.2,21.2
Sweden,2014,sweden_2014_33,2014-06-22,84,Novus,,mp,11.3,11.3
Sweden,2014,sweden_2014_33,2014-06-22,84,Novus,,l,6.8,6.8
Sweden,2014,sweden_2014_33,2014-06-22,84,Novus,,c,5.6,5.6
Sweden,2014,sweden_2014_33,2014-06-22,84,Novus,,sd,8.3,8.3
Sweden,2014,sweden_2014_33,2014-06-22,84,Novus,,v,6.7,6.7
Sweden,2014,sweden_2014_33,2014-06-22,84,Novus,,kd,4.4,4.4
Sweden,2014,sweden_2014_33,2014-06-22,84,Novus,,fi,2.9,2.9
Sweden,2014,sweden_2014_34,2014-06-19,87,Sentio,,s,34.0,34.0
Sweden,2014,sweden_2014_34,2014-06-19,87,Sentio,,m,23.0,23.0
Sweden,2014,sweden_2014_34,2014-06-19,87,Sentio,,mp,9.7,9.7
Sweden,2014,sweden_2014_34,2014-06-19,87,Sentio,,l,5.6,5.6
Sweden,2014,sweden_2014_34,2014-06-19,87,Sentio,,c,4.8,4.8
Sweden,2014,sweden_2014_34,2014-06-19,87,Sentio,,sd,12.5,12.5
Sweden,2014,sweden_2014_34,2014-06-19,87,Sentio,,v,6.3,6.3
Sweden,2014,sweden_2014_34,2014-06-19,87,Sentio,,kd,3.6,3.6
Sweden,2014,sweden_2014_35,2014-06-15,91,SKOP,,s,31.9,31.9
Sweden,2014,sweden_2014_35,2014-06-15,91,SKOP,,m,24.2,24.2
Sweden,2014,sweden_2014_35,2014-06-15,91,SKOP,,mp,12.0,12.0
Sweden,2014,sweden_2014_35,2014-06-15,91,SKOP,,l,7.3,7.3
Sweden,2014,sweden_2014_35,2014-06-15,91,SKOP,,c,4.9,4.9
Sweden,2014,sweden_2014_35,2014-06-15,91,SKOP,,sd,7.8,7.8
Sweden,2014,sweden_2014_35,2014-06-15,91,SKOP,,v,6.7,6.7
Sweden,2014,sweden_2014_35,2014-06-15,91,SKOP,,kd,3.2,3.2
Sweden,2014,sweden_2014_35,2014-06-15,91,SKOP,,fi,1.8,1.8
Sweden,2014,sweden_2014_36,2014-06-12,94,Sifo,,s,29.4,29.4
Sweden,2014,sweden_2014_36,2014-06-12,94,Sifo,,m,21.2,21.2
Sweden,2014,sweden_2014_36,2014-06-12,94,Sifo,,mp,13.0,13.0
Sweden,2014,sweden_2014_36,2014-06-12,94,Sifo,,l,6.8,6.8
Sweden,2014,sweden_2014_36,2014-06-12,94,Sifo,,c,5.5,5.5
Sweden,2014,sweden_2014_36,2014-06-12,94,Sifo,,sd,9.0,9.0
Sweden,2014,sweden_2014_36,2014-06-12,94,Sifo,,v,6.4,6.4
Sweden,2014,sweden_2014_36,2014-06-12,94,Sifo,,kd,3.5,3.5
Sweden,2014,sweden_2014_36,2014-06-12,94,Sifo,,fi,3.4,3.4
Sweden,2014,sweden_2014_37,2014-06-08,98,United Minds,,s,30.8,30.8
Sweden,2014,sweden_2014_37,2014-06-08,98,United Minds,,m,19.7,19.7
Sweden,2014,sweden_2014_37,2014-06-08,98,United Minds,,mp,11.2,11.2
Sweden,2014,sweden_2014_37,2014-06-08,98,United Minds,,l,5.8,5.8
Sweden,2014,sweden_2014_37,2014-06-08,98,United Minds,,c,3.5,3.5
Sweden,2014,sweden_2014_37,2014-06-08,98,United Minds,,sd,11.3,11.3
Sweden,2014,sweden_2014_37,2014-06-08,98,United Minds,,v,9.5,9.5
Sweden,2014,sweden_2014_37,2014-06-08,98,United Minds,,kd,4.9,4.9
Sweden,2014,sweden_2014_37,2014-06-08,98,United Minds,,fi,2.1,2.1
Sweden,2014,sweden_2014_38,2014-06-04,102,Demoskop,,s,29.1,29.1
Sweden,2014,sweden_2014_38,2014-06-04,102,Demoskop,,m,18.5,18.5
Sweden,2014,sweden_2014_38,2014-06-04,102,Demoskop,,mp,13.0,13.0
Sweden,2014,sweden_2014_38,2014-06-04,102,Demoskop,,l,5.7,5.7
Sweden,2014,sweden_2014_38,2014-06-04,102,Demoskop,,c,5.3,5.3
Sweden,2014,sweden_2014_38,2014-06-04,102,Demoskop,,sd,10.0,10.0
Sweden,2014,sweden_2014_38,2014-06-04,102,Demoskop,,v,8.1,8.1
Sweden,2014,sweden_2014_38,2014-06-04,102,Demoskop,,kd,4.8,4.8
Sweden,2014,sweden_2014_38,2014-06-04,102,Demoskop,,fi,4.4,4.4
Sweden,2014,sweden_2014_39,2014-06-03,103,YouGov,,s,31.2,31.2
Sweden,2014,sweden_2014_39,2014-06-03,103,YouGov,,m,24.8,24.8
Sweden,2014,sweden_2014_39,2014-06-03,103,YouGov,,mp,8.3,8.3
Sweden,2014,sweden_2014_39,2014-06-03,103,YouGov,,l,5.1,5.1
Sweden,2014,sweden_2014_39,2014-06-03,103,YouGov,,c,4.8,4.8
Sweden,2014,sweden_2014_39,2014-06-03,103,YouGov,,sd,8.2,8.2
Sweden,2014,sweden_2014_39,2014-06-03,103,YouGov,,v,8.5,8.5
Sweden,2014,sweden_2014_39,2014-06-03,103,YouGov,,kd,5.0,5.0
Sweden,2014,sweden_2014_39,2014-06-03,103,YouGov,,fi,3.6,3.6
Sweden,2014,sweden_2014_40,2014-05-25,112,Ipsos,,s,31.3,31.3
Sweden,2014,sweden_2014_40,2014-05-25,112,Ipsos,,m,22.6,22.6
Sweden,2014,sweden_2014_40,2014-05-25,112,Ipsos,,mp,10.2,10.2
Sweden,2014,sweden_2014_40,2014-05-25,112,Ipsos,,l,5.8,5.8
Sweden,2014,sweden_2014_40,2014-05-25,112,Ipsos,,c,4.3,4.3
Sweden,2014,sweden_2014_40,2014-05-25,112,Ipsos,,sd,7.8,7.8
Sweden,2014,sweden_2014_40,2014-05-25,112,Ipsos,,v,8.7,8.7
Sweden,2014,sweden_2014_40,2014-05-25,112,Ipsos,,kd,4.5,4.5
Sweden,2014,sweden_2014_40,2014-05-25,112,Ipsos,,fi,3.9,3.9
Sweden,2014,sweden_2014_41,2014-05-25,112,SCB,,s,35.3,35.3
Sweden,2014,sweden_2014_41,2014-05-25,112,SCB,,m,22.7,22.7
Sweden,2014,sweden_2014_41,2014-05-25,112,SCB,,mp,8.0,8.0
Sweden,2014,sweden_2014_41,2014-05-25,112,SCB,,l,5.3,5.3
Sweden,2014,sweden_2014_41,2014-05-25,112,SCB,,c,4.9,4.9
Sweden,2014,sweden_2014_41,2014-05-25,112,SCB,,sd,8.1,8.1
Sweden,2014,sweden_2014_41,2014-05-25,112,SCB,,v,8.0,8.0
Sweden,2014,sweden_2014_41,2014-05-25,112,SCB,,kd,3.9,3.9
Sweden,2014,sweden_2014_41,2014-05-25,112,SCB,,fi,2.5,2.5
Sweden,2014,sweden_2014_42,2014-05-25,112,Novus,,s,32.4,32.4
Sweden,2014,sweden_2014_42,2014-05-25,112,Novus,,m,24.3,24.3
Sweden,2014,sweden_2014_42,2014-05-25,112,Novus,,mp,10.1,10.1
Sweden,2014,sweden_2014_42,2014-05-25,112,Novus,,l,6.0,6.0
Sweden,2014,sweden_2014_42,2014-05-25,112,Novus,,c,3.9,3.9
Sweden,2014,sweden_2014_42,2014-05-25,112,Novus,,sd,7.7,7.7
Sweden,2014,sweden_2014_42,2014-05-25,112,Novus,,v,8.3,8.3
Sweden,2014,sweden_2014_42,2014-05-25,112,Novus,,kd,4.2,4.2
Sweden,2014,sweden_2014_43,2014-09-12,2,Sifo,,s,33.5,33.5
Sweden,2014,sweden_2014_43,2014-09-12,2,Sifo,,m,25.7,25.7
Sweden,2014,sweden_2014_43,2014-09-12,2,Sifo,,mp,10.0,10.0
Sweden,2014,sweden_2014_43,2014-09-12,2,Sifo,,l,6.3,6.3
Sweden,2014,sweden_2014_43,2014-09-12,2,Sifo,,c,3.6,3.6
Sweden,2014,sweden_2014_43,2014-09-12,2,Sifo,,sd,9.4,9.4
Sweden,2014,sweden_2014_43,2014-09-12,2,Sifo,,v,6.4,6.4
Sweden,2014,sweden_2014_43,2014-09-12,2,Sifo,,kd,3.6,3.6
Sweden,2014,sweden_2014_44,2014-09-12,2,SKOP,,s,31.7,31.7
Sweden,2014,sweden_2014_44,2014-09-12,2,SKOP,,m,26.6,26.6
Sweden,2014,sweden_2014_44,2014-09-12,2,SKOP,,mp,10.8,10.8
Sweden,2014,sweden_2014_44,2014-09-12,2,SKOP,,l,6.7,6.7
Sweden,2014,sweden_2014_44,2014-09-12,2,SKOP,,c,4.2,4.2
Sweden,2014,sweden_2014_44,2014-09-12,2,SKOP,,sd,9.4,9.4
Sweden,2014,sweden_2014_44,2014-09-12,2,SKOP,,v,6.3,6.3
Sweden,2014,sweden_2014_44,2014-09-12,2,SKOP,,kd,3.2,3.2
Sweden,2014,sweden_2014_45,2014-09-03,11,Demoskop,,s,31.7,31.7
Sweden,2014,sweden_2014_45,2014-09-03,11,Demoskop,,m,25.1,25.1
Sweden,2014,sweden_2014_45,2014-09-03,11,Demoskop,,mp,10.1,10.1
Sweden,2014,sweden_2014_45,2014-09-03,11,Demoskop,,l,6.6,6.6
Sweden,2014,sweden_2014_45,2014-09-03,11,Demoskop,,c,4.5,4.5
Sweden,2014,sweden_2014_45,2014-09-03,11,Demoskop,,sd,10.1,10.1
Sweden,2014,sweden_2014_45,2014-09-03,11,Demoskop,,v,7.1,7.1
Sweden,2014,sweden_2014_45,2014-09-03,11,Demoskop,,kd,3.7,3.7
Sweden,2014,sweden_2014_46,2014-09-03,11,YouGov,,s,30.8,30.8
Sweden,2014,sweden_2014_46,2014-09-03,11,YouGov,,m,25.8,25.8
Sweden,2014,sweden_2014_46,2014-09-03,11,YouGov,,mp,8.8,8.8
Sweden,2014,sweden_2014_46,2014-09-03,11,YouGov,,l,5.3,5.3
Sweden,2014,sweden_2014_46,2014-09-03,11,YouGov,,c,4.9,4.9
Sweden,2014,sweden_2014_46,2014-09-03,11,YouGov,,sd,11.4,11.4
Sweden,2014,sweden_2014_46,2014-09-03,11,YouGov,,v,8.2,8.2
Sweden,2014,sweden_2014_46,2014-09-03,11,YouGov,,kd,3.0,3.0
Sweden,2014,sweden_2014_47,2014-09-01,13,Novus,,s,34.3,34.3
Sweden,2014,sweden_2014_47,2014-09-01,13,Novus,,m,24.6,24.6
Sweden,2014,sweden_2014_47,2014-09-01,13,Novus,,mp,8.6,8.6
Sweden,2014,sweden_2014_47,2014-09-01,13,Novus,,l,6.5,6.5
Sweden,2014,sweden_2014_47,2014-09-01,13,Novus,,c,4.6,4.6
Sweden,2014,sweden_2014_47,2014-09-01,13,Novus,,sd,8.5,8.5
Sweden,2014,sweden_2014_47,2014-09-01,13,Novus,,v,7.3,7.3
Sweden,2014,sweden_2014_47,2014-09-01,13,Novus,,kd,4.6,4.6
Sweden,2014,sweden_2014_48,2014-08-27,18,Ipsos,,s,34.4,34.4
Sweden,2014,sweden_2014_48,2014-08-27,18,Ipsos,,m,25.6,25.6
Sweden,2014,sweden_2014_48,2014-08-27,18,Ipsos,,mp,9.7,9.7
Sweden,2014,sweden_2014_48,2014-08-27,18,Ipsos,,l,5.8,5.8
Sweden,2014,sweden_2014_48,2014-08-27,18,Ipsos,,c,4.1,4.1
Sweden,2014,sweden_2014_48,2014-08-27,18,Ipsos,,sd,8.4,8.4
Sweden,2014,sweden_2014_48,2014-08-27,18,Ipsos,,v,6.9,6.9
Sweden,2014,sweden_2014_48,2014-08-27,18,Ipsos,,kd,3.5,3.5
Sweden,2014,sweden_2014_49,2014-08-22,23,Sifo,,s,30.5,30.5
Sweden,2014,sweden_2014_49,2014-08-22,23,Sifo,,m,26.6,26.6
Sweden,2014,sweden_2014_49,2014-08-22,23,Sifo,,mp,10.9,10.9
Sweden,2014,sweden_2014_49,2014-08-22,23,Sifo,,l,5.9,5.9
Sweden,2014,sweden_2014_49,2014-08-22,23,Sifo,,c,4.0,4.0
Sweden,2014,sweden_2014_49,2014-08-22,23,Sifo,,sd,9.9,9.9
Sweden,2014,sweden_2014_49,2014-08-22,23,Sifo,,v,6.5,6.5
Sweden,2014,sweden_2014_49,2014-08-22,23,Sifo,,kd,3.8,3.8
Sweden,2014,sweden_2014_50,2014-08-15,30,United Minds,,s,33.2,33.2
Sweden,2014,sweden_2014_50,2014-08-15,30,United Minds,,m,24.5,24.5
Sweden,2014,sweden_2014_50,2014-08-15,30,United Minds,,mp,9.1,9.1
Sweden,2014,sweden_2014_50,2014-08-15,30,United Minds,,l,4.6,4.6
Sweden,2014,sweden_2014_50,2014-08-15,30,United Minds,,c,4.9,4.9
Sweden,2014,sweden_2014_50,2014-08-15,30,United Minds,,sd,11.3,11.3
Sweden,2014,sweden_2014_50,2014-08-15,30,United Minds,,v,6.1,6.1
Sweden,2014,sweden_2014_50,2014-08-15,30,United Minds,,kd,4.5,4.5
Sweden,2014,sweden_2014_51,2014-08-06,39,YouGov,,s,30.8,30.8
Sweden,2014,sweden_2014_51,2014-08-06,39,YouGov,,m,28.4,28.4
Sweden,2014,sweden_2014_51,2014-08-06,39,YouGov,,mp,9.3,9.3
Sweden,2014,sweden_2014_51,2014-08-06,39,YouGov,,l,5.4,5.4
Sweden,2014,sweden_2014_51,2014-08-06,39,YouGov,,c,3.6,3.6
Sweden,2014,sweden_2014_51,2014-08-06,39,YouGov,,sd,9.9,9.9
Sweden,2014,sweden_2014_51,2014-08-06,39,YouGov,,v,7.4,7.4
Sweden,2014,sweden_2014_51,2014-08-06,39,YouGov,,kd,4.0,4.0
Sweden,2014,sweden_2014_52,2014-08-04,41,Novus,,s,34.1,34.1
Sweden,2014,sweden_2014_52,2014-08-04,41,Novus,,m,26.2,26.2
Sweden,2014,sweden_2014_52,2014-08-04,41,Novus,,mp,9.7,9.7
Sweden,2014,sweden_2014_52,2014-08-04,41,Novus,,l,5.4,5.4
Sweden,2014,sweden_2014_52,2014-08-04,41,Novus,,c,3.9,3.9
Sweden,2014,sweden_2014_52,2014-08-04,41,Novus,,sd,9.0,9.0
Sweden,2014,sweden_2014_52,2014-08-04,41,Novus,,v,6.3,6.3
Sweden,2014,sweden_2014_52,2014-08-04,41,Novus,,kd,4.0,4.0
Sweden,2014,sweden_2014_53,2014-07-03,73,Demoskop,,s,33.7,33.7
Sweden,2014,sweden_2014_53,2014-07-03,73,Demoskop,,m,25.3,25.3
Sweden,2014,sweden_2014_53,2014-07-03,73,Demoskop,,mp,8.9,8.9
Sweden,2014,sweden_2014_53,2014-07-03,73,Demoskop,,l,5.6,5.6
Sweden,2014,sweden_2014_53,2014-07-03,73,Demoskop,,c,3.2,3.2
Sweden,2014,sweden_2014_53,2014-07-03,73,Demoskop,,sd,11.6,11.6
Sweden,2014,sweden_2014_53,2014-07-03,73,Demoskop,,v,7.8,7.8
Sweden,2014,sweden_2014_53,2014-07-03,73,Demoskop,,kd,3.0,3.0
Sweden,2014,sweden_2014_54,2014-07-02,74,YouGov,,s,30.9,30.9
Sweden,2014,sweden_2014_54,2014-07-02,74,YouGov,,m,26.5,26.5
Sweden,2014,sweden_2014_54,2014-07-02,74,YouGov,,mp,9.5,9.5
Sweden,2014,sweden_2014_54,2014-07-02,74,YouGov,,l,6.7,6.7
Sweden,2014,sweden_2014_54,2014-07-02,74,YouGov,,c,3.2,3.2
Sweden,2014,sweden_2014_54,2014-07-02,74,YouGov,,sd,11.2,11.2
Sweden,2014,sweden_2014_54,2014-07-02,74,YouGov,,v,8.4,8.4
Sweden,2014,sweden_2014_54,2014-07-02,74,YouGov,,kd,3.0,3.0
Sweden,2014,sweden_2014_55,2014-06-25,81,Ipsos,,s,33.1,33.1
Sweden,2014,sweden_2014_55,2014-06-25,81,Ipsos,,m,26.5,26.5
Sweden,2014,sweden_2014_55,2014-06-25,81,Ipsos,,mp,10.5,10.5
Sweden,2014,sweden_2014_55,2014-06-25,81,Ipsos,,l,6.4,6.4
Sweden,2014,sweden_2014_55,2014-06-25,81,Ipsos,,c,4.1,4.1
Sweden,2014,sweden_2014_55,2014-06-25,81,Ipsos,,sd,7.3,7.3
Sweden,2014,sweden_2014_55,2014-06-25,81,Ipsos,,v,6.6,6.6
Sweden,2014,sweden_2014_55,2014-06-25,81,Ipsos,,kd,4.3,4.3
Sweden,2014,sweden_2014_56,2014-06-23,83,Novus,,s,34.4,34.4
Sweden,2014,sweden_2014_56,2014-06-23,83,Novus,,m,26.6,26.6
Sweden,2014,sweden_2014_56,2014-06-23,83,Novus,,mp,8.7,8.7
Sweden,2014,sweden_2014_56,2014-06-23,83,Novus,,l,5.4,5.4
Sweden,2014,sweden_2014_56,2014-06-23,83,Novus,,c,3.8,3.8
Sweden,2014,sweden_2014_56,2014-06-23,83,Novus,,sd,9.0,9.0
Sweden,2014,sweden_2014_56,2014-06-23,83,Novus,,v,6.7,6.7
Sweden,2014,sweden_2014_56,2014-06-23,83,Novus,,kd,4.4,4.4
Sweden,2014,sweden_2014_57,2014-06-16,90,United Minds,,s,32.0,32.0
Sweden,2014,sweden_2014_57,2014-06-16,90,United Minds,,m,25.8,25.8
Sweden,2014,sweden_2014_57,2014-06-16,90,United Minds,,mp,8.9,8.9
Sweden,2014,sweden_2014_57,2014-06-16,90,United Minds,,l,6.3,6.3
Sweden,2014,sweden_2014_57,2014-06-16,90,United Minds,,c,3.7,3.7
Sweden,2014,sweden_2014_57,2014-06-16,90,United Minds,,sd,10.7,10.7
Sweden,2014,sweden_2014_57,2014-06-16,90,United Minds,,v,7.2,7.2
Sweden,2014,sweden_2014_57,2014-06-16,90,United Minds,,kd,3.8,3.8
Sweden,2014,sweden_2014_58,2014-06-13,93,Sifo,,s,31.0,31.0
Sweden,2014,sweden_2014_58,2014-06-13,93,Sifo,,m,28.3,28.3
Sweden,2014,sweden_2014_58,2014-06-13,93,Sifo,,mp,11.0,11.0
Sweden,2014,sweden_2014_58,2014-06-13,93,Sifo,,l,6.0,6.0
Sweden,2014,sweden_2014_58,2014-06-13,93,Sifo,,c,4.0,4.0
Sweden,2014,sweden_2014_58,2014-06-13,93,Sifo,,sd,7.6,7.6
Sweden,2014,sweden_2014_58,2014-06-13,93,Sifo,,v,6.5,6.5
Sweden,2014,sweden_2014_58,2014-06-13,93,Sifo,,kd,4.1,4.1
Sweden,2014,sweden_2014_59,2014-06-05,101,Demoskop,,s,33.5,33.5
Sweden,2014,sweden_2014_59,2014-06-05,101,Demoskop,,m,26.6,26.6
Sweden,2014,sweden_2014_59,2014-06-05,101,Demoskop,,mp,10.9,10.9
Sweden,2014,sweden_2014_59,2014-06-05,101,Demoskop,,l,5.7,5.7
Sweden,2014,sweden_2014_59,2014-06-05,101,Demoskop,,c,3.4,3.4
Sweden,2014,sweden_2014_59,2014-06-05,101,Demoskop,,sd,9.6,9.6
Sweden,2014,sweden_2014_59,2014-06-05,101,Demoskop,,v,6.4,6.4
Sweden,2014,sweden_2014_59,2014-06-05,101,Demoskop,,kd,3.1,3.1
Sweden,2014,sweden_2014_60,2014-06-04,102,YouGov,,s,30.5,30.5
Sweden,2014,sweden_2014_60,2014-06-04,102,YouGov,,m,25.3,25.3
Sweden,2014,sweden_2014_60,2014-06-04,102,YouGov,,mp,10.2,10.2
Sweden,2014,sweden_2014_60,2014-06-04,102,YouGov,,l,6.2,6.2
Sweden,2014,sweden_2014_60,2014-06-04,102,YouGov,,c,4.5,4.5
Sweden,2014,sweden_2014_60,2014-06-04,102,YouGov,,sd,11.5,11.5
Sweden,2014,sweden_2014_60,2014-06-04,102,YouGov,,v,6.9,6.9
Sweden,2014,sweden_2014_60,2014-06-04,102,YouGov,,kd,3.4,3.4
Sweden,2014,sweden_2014_61,2014-05-28,109,Ipsos,,s,32.1,32.1
Sweden,2014,sweden_2014_61,2014-05-28,109,Ipsos,,m,28.9,28.9
Sweden,2014,sweden_2014_61,2014-05-28,109,Ipsos,,mp,10.3,10.3
Sweden,2014,sweden_2014_61,2014-05-28,109,Ipsos,,l,5.8,5.8
Sweden,2014,sweden_2014_61,2014-05-28,109,Ipsos,,c,3.2,3.2
Sweden,2014,sweden_2014_61,2014-05-28,109,Ipsos,,sd,7.0,7.0
Sweden,2014,sweden_2014_61,2014-05-28,109,Ipsos,,v,7.0,7.0
Sweden,2014,sweden_2014_61,2014-05-28,109,Ipsos,,kd,4.2,4.2
Sweden,2014,sweden_2014_62,2014-05-27,110,SCB,,s,35.6,35.6
Sweden,2014,sweden_2014_62,2014-05-27,110,SCB,,m,26.9,26.9
Sweden,2014,sweden_2014_62,2014-05-27,110,SCB,,mp,8.5,8.5
Sweden,2014,sweden_2014_62,2014-05-27,110,SCB,,l,6.0,6.0
Sweden,2014,sweden_2014_62,2014-05-27,110,SCB,,c,4.2,4.2
Sweden,2014,sweden_2014_62,2014-05-27,110,SCB,,sd,7.7,7.7
Sweden,2014,sweden_2014_62,2014-05-27,110,SCB,,v,6.4,6.4
Sweden,2014,sweden_2014_62,2014-05-27,110,SCB,,kd,3.6,3.6
Sweden,2014,sweden_2014_63,2014-05-26,111,Novus,,s,33.5,33.5
Sweden,2014,sweden_2014_63,2014-05-26,111,Novus,,m,27.8,27.8
Sweden,2014,sweden_2014_63,2014-05-26,111,Novus,,mp,8.1,8.1
Sweden,2014,sweden_2014_63,2014-05-26,111,Novus,,l,6.3,6.3
Sweden,2014,sweden_2014_63,2014-05-26,111,Novus,,c,3.6,3.6
Sweden,2014,sweden_2014_63,2014-05-26,111,Novus,,sd,9.2,9.2
Sweden,2014,sweden_2014_63,2014-05-26,111,Novus,,v,6.9,6.9
Sweden,2014,sweden_2014_63,2014-05-26,111,Novus,,kd,3.1,3.1
Sweden,2014,sweden_2014_64,2014-05-19,118,United Minds,,s,32.7,32.7
Sweden,2014,sweden_2014_64,2014-05-19,118,United Minds,,m,26.9,26.9
Sweden,2014,sweden_2014_64,2014-05-19,118,United Minds,,mp,8.5,8.5
Sweden,2014,sweden_2014_64,2014-05-19,118,United Minds,,l,5.4,5.4
Sweden,2014,sweden_2014_64,2014-05-19,118,United Minds,,c,2.8,2.8
Sweden,2014,sweden_2014_64,2014-05-19,118,United Minds,,sd,11.0,11.0
Sweden,2014,sweden_2014_64,2014-05-19,118,United Minds,,v,6.8,6.8
Sweden,2014,sweden_2014_64,2014-05-19,118,United Minds,,kd,4.0,4.0
Sweden,2014,sweden_2014_65,2014-09-13,1,Sifo,,s,33.3,33.3
Sweden,2014,sweden_2014_65,2014-09-13,1,Sifo,,m,28.7,28.7
Sweden,2014,sweden_2014_65,2014-09-13,1,Sifo,,mp,8.9,8.9
Sweden,2014,sweden_2014_65,2014-09-13,1,Sifo,,l,6.6,6.6
Sweden,2014,sweden_2014_65,2014-09-13,1,Sifo,,c,4.8,4.8
Sweden,2014,sweden_2014_65,2014-09-13,1,Sifo,,sd,7.2,7.2
Sweden,2014,sweden_2014_65,2014-09-13,1,Sifo,,v,5.9,5.9
Sweden,2014,sweden_2014_65,2014-09-13,1,Sifo,,kd,3.8,3.8
Sweden,2014,sweden_2014_66,2014-09-05,9,Demoskop,,s,34.8,34.8
Sweden,2014,sweden_2014_66,2014-09-05,9,Demoskop,,m,28.7,28.7
Sweden,2014,sweden_2014_66,2014-09-05,9,Demoskop,,mp,8.9,8.9
Sweden,2014,sweden_2014_66,2014-09-05,9,Demoskop,,l,6.3,6.3
Sweden,2014,sweden_2014_66,2014-09-05,9,Demoskop,,c,5.1,5.1
Sweden,2014,sweden_2014_66,2014-09-05,9,Demoskop,,sd,6.3,6.3
Sweden,2014,sweden_2014_66,2014-09-05,9,Demoskop,,v,5.8,5.8
Sweden,2014,sweden_2014_66,2014-09-05,9,Demoskop,,kd,3.0,3.0
Sweden,2014,sweden_2014_67,2014-09-04,10,YouGov,,s,33.6,33.6
Sweden,2014,sweden_2014_67,2014-09-04,10,YouGov,,m,29.3,29.3
Sweden,2014,sweden_2014_67,2014-09-04,10,YouGov,,mp,8.4,8.4
Sweden,2014,sweden_2014_67,2014-09-04,10,YouGov,,l,6.4,6.4
Sweden,2014,sweden_2014_67,2014-09-04,10,YouGov,,c,4.6,4.6
Sweden,2014,sweden_2014_67,2014-09-04,10,YouGov,,sd,7.3,7.3
Sweden,2014,sweden_2014_67,2014-09-04,10,YouGov,,v,5.3,5.3
Sweden,2014,sweden_2014_67,2014-09-04,10,YouGov,,kd,3.9,3.9
Sweden,2014,sweden_2014_68,2014-08-28,17,Ipsos,,s,35.5,35.5
Sweden,2014,sweden_2014_68,2014-08-28,17,Ipsos,,m,30.9,30.9
Sweden,2014,sweden_2014_68,2014-08-28,17,Ipsos,,mp,7.8,7.8
Sweden,2014,sweden_2014_68,2014-08-28,17,Ipsos,,l,5.5,5.5
Sweden,2014,sweden_2014_68,2014-08-28,17,Ipsos,,c,4.9,4.9
Sweden,2014,sweden_2014_68,2014-08-28,17,Ipsos,,sd,4.9,4.9
Sweden,2014,sweden_2014_68,2014-08-28,17,Ipsos,,v,6.1,6.1
Sweden,2014,sweden_2014_68,2014-08-28,17,Ipsos,,kd,4.0,4.0
Sweden,2014,sweden_2014_69,2014-08-26,19,Novus,,s,34.8,34.8
Sweden,2014,sweden_2014_69,2014-08-26,19,Novus,,m,30.2,30.2
Sweden,2014,sweden_2014_69,2014-08-26,19,Novus,,mp,9.5,9.5
Sweden,2014,sweden_2014_69,2014-08-26,19,Novus,,l,5.7,5.7
Sweden,2014,sweden_2014_69,2014-08-26,19,Novus,,c,3.8,3.8
Sweden,2014,sweden_2014_69,2014-08-26,19,Novus,,sd,5.9,5.9
Sweden,2014,sweden_2014_69,2014-08-26,19,Novus,,v,5.8,5.8
Sweden,2014,sweden_2014_69,2014-08-26,19,Novus,,kd,3.1,3.1
Sweden,2014,sweden_2014_70,2014-08-22,23,Sifo,,s,34.3,34.3
Sweden,2014,sweden_2014_70,2014-08-22,23,Sifo,,m,28.5,28.5
Sweden,2014,sweden_2014_70,2014-08-22,23,Sifo,,mp,9.9,9.9
Sweden,2014,sweden_2014_70,2014-08-22,23,Sifo,,l,6.2,6.2
Sweden,2014,sweden_2014_70,2014-08-22,23,Sifo,,c,4.6,4.6
Sweden,2014,sweden_2014_70,2014-08-22,23,Sifo,,sd,6.2,6.2
Sweden,2014,sweden_2014_70,2014-08-22,23,Sifo,,v,6.2,6.2
Sweden,2014,sweden_2014_70,2014-08-22,23,Sifo,,kd,3.4,3.4
Sweden,2014,sweden_2014_71,2014-08-19,26,United Minds,,s,34.0,34.0
Sweden,2014,sweden_2014_71,2014-08-19,26,United Minds,,m,27.0,27.0
Sweden,2014,sweden_2014_71,2014-08-19,26,United Minds,,mp,8.3,8.3
Sweden,2014,sweden_2014_71,2014-08-19,26,United Minds,,l,5.9,5.9
Sweden,2014,sweden_2014_71,2014-08-19,26,United Minds,,c,4.8,4.8
Sweden,2014,sweden_2014_71,2014-08-19,26,United Minds,,sd,8.4,8.4
Sweden,2014,sweden_2014_71,2014-08-19,26,United Minds,,v,5.9,5.9
Sweden,2014,sweden_2014_71,2014-08-19,26,United Minds,,kd,4.1,4.1
Sweden,2014,sweden_2014_72,2014-08-07,38,YouGov,,s,34.4,34.4
Sweden,2014,sweden_2014_72,2014-08-07,38,YouGov,,m,28.2,28.2
Sweden,2014,sweden_2014_72,2014-08-07,38,YouGov,,mp,9.6,9.6
Sweden,2014,sweden_2014_72,2014-08-07,38,YouGov,,l,5.9,5.9
Sweden,2014,sweden_2014_72,2014-08-07,38,YouGov,,c,4.8,4.8
Sweden,2014,sweden_2014_72,2014-08-07,38,YouGov,,sd,7.6,7.6
Sweden,2014,sweden_2014_72,2014-08-07,38,YouGov,,v,5.1,5.1
Sweden,2014,sweden_2014_72,2014-08-07,38,YouGov,,kd,3.6,3.6
Sweden,2014,sweden_2014_73,2014-07-09,67,SKOP,,s,34.2,34.2
Sweden,2014,sweden_2014_73,2014-07-09,67,SKOP,,m,31.0,31.0
Sweden,2014,sweden_2014_73,2014-07-09,67,SKOP,,mp,8.2,8.2
Sweden,2014,sweden_2014_73,2014-07-09,67,SKOP,,l,6.5,6.5
Sweden,2014,sweden_2014_73,2014-07-09,67,SKOP,,c,4.8,4.8
Sweden,2014,sweden_2014_73,2014-07-09,67,SKOP,,sd,4.7,4.7
Sweden,2014,sweden_2014_73,2014-07-09,67,SKOP,,v,6.5,6.5
Sweden,2014,sweden_2014_73,2014-07-09,67,SKOP,,kd,3.7,3.7
Sweden,2014,sweden_2014_74,2014-07-04,72,Demoskop,,s,35.4,35.4
Sweden,2014,sweden_2014_74,2014-07-04,72,Demoskop,,m,30.8,30.8
Sweden,2014,sweden_2014_74,2014-07-04,72,Demoskop,,mp,9.1,9.1
Sweden,2014,sweden_2014_74,2014-07-04,72,Demoskop,,l,6.6,6.6
Sweden,2014,sweden_2014_74,2014-07-04,72,Demoskop,,c,3.5,3.5
Sweden,2014,sweden_2014_74,2014-07-04,72,Demoskop,,sd,6.0,6.0
Sweden,2014,sweden_2014_74,2014-07-04,72,Demoskop,,v,4.4,4.4
Sweden,2014,sweden_2014_74,2014-07-04,72,Demoskop,,kd,3.7,3.7
Sweden,2014,sweden_2014_75,2014-07-03,73,YouGov,,s,35.7,35.7
Sweden,2014,sweden_2014_75,2014-07-03,73,YouGov,,m,28.2,28.2
Sweden,2014,sweden_2014_75,2014-07-03,73,YouGov,,mp,8.8,8.8
Sweden,2014,sweden_2014_75,2014-07-03,73,YouGov,,l,6.5,6.5
Sweden,2014,sweden_2014_75,2014-07-03,73,YouGov,,c,5.0,5.0
Sweden,2014,sweden_2014_75,2014-07-03,73,YouGov,,sd,6.4,6.4
Sweden,2014,sweden_2014_75,2014-07-03,73,YouGov,,v,5.4,5.4
Sweden,2014,sweden_2014_75,2014-07-03,73,YouGov,,kd,3.1,3.1
Sweden,2014,sweden_2014_76,2014-06-29,77,United Minds,,s,33.6,33.6
Sweden,2014,sweden_2014_76,2014-06-29,77,United Minds,,m,27.0,27.0
Sweden,2014,sweden_2014_76,2014-06-29,77,United Minds,,mp,7.6,7.6
Sweden,2014,sweden_2014_76,2014-06-29,77,United Minds,,l,7.6,7.6
Sweden,2014,sweden_2014_76,2014-06-29,77,United Minds,,c,4.1,4.1
Sweden,2014,sweden_2014_76,2014-06-29,77,United Minds,,sd,8.3,8.3
Sweden,2014,sweden_2014_76,2014-06-29,77,United Minds,,v,6.9,6.9
Sweden,2014,sweden_2014_76,2014-06-29,77,United Minds,,kd,3.4,3.4
Sweden,2014,sweden_2014_77,2014-06-29,77,Novus,,s,33.8,33.8
Sweden,2014,sweden_2014_77,2014-06-29,77,Novus,,m,29.5,29.5
Sweden,2014,sweden_2014_77,2014-06-29,77,Novus,,mp,9.3,9.3
Sweden,2014,sweden_2014_77,2014-06-29,77,Novus,,l,5.6,5.6
Sweden,2014,sweden_2014_77,2014-06-29,77,Novus,,c,5.1,5.1
Sweden,2014,sweden_2014_77,2014-06-29,77,Novus,,sd,5.7,5.7
Sweden,2014,sweden_2014_77,2014-06-29,77,Novus,,v,5.8,5.8
Sweden,2014,sweden_2014_77,2014-06-29,77,Novus,,kd,3.9,3.9
Sweden,2014,sweden_2014_78,2014-06-26,80,Ipsos,,s,34.4,34.4
Sweden,2014,sweden_2014_78,2014-06-26,80,Ipsos,,m,30.7,30.7
Sweden,2014,sweden_2014_78,2014-06-26,80,Ipsos,,mp,9.5,9.5
Sweden,2014,sweden_2014_78,2014-06-26,80,Ipsos,,l,5.2,5.2
Sweden,2014,sweden_2014_78,2014-06-26,80,Ipsos,,c,5.7,5.7
Sweden,2014,sweden_2014_78,2014-06-26,80,Ipsos,,sd,4.7,4.7
Sweden,2014,sweden_2014_78,2014-06-26,80,Ipsos,,v,5.2,5.2
Sweden,2014,sweden_2014_78,2014-06-26,80,Ipsos,,kd,4.2,4.2
Sweden,2014,sweden_2014_79,2014-06-14,92,Sifo,,s,38.8,38.8
Sweden,2014,sweden_2014_79,2014-06-14,92,Sifo,,m,27.6,27.6
Sweden,2014,sweden_2014_79,2014-06-14,92,Sifo,,mp,8.6,8.6
Sweden,2014,sweden_2014_79,2014-06-14,92,Sifo,,l,5.6,5.6
Sweden,2014,sweden_2014_79,2014-06-14,92,Sifo,,c,4.8,4.8
Sweden,2014,sweden_2014_79,2014-06-14,92,Sifo,,sd,5.4,5.4
Sweden,2014,sweden_2014_79,2014-06-14,92,Sifo,,v,4.4,4.4
Sweden,2014,sweden_2014_79,2014-06-14,92,Sifo,,kd,3.9,3.9
Sweden,2014,sweden_2014_80,2014-06-06,100,Demoskop,,s,35.7,35.7
Sweden,2014,sweden_2014_80,2014-06-06,100,Demoskop,,m,30.8,30.8
Sweden,2014,sweden_2014_80,2014-06-06,100,Demoskop,,mp,7.7,7.7
Sweden,2014,sweden_2014_80,2014-06-06,100,Demoskop,,l,4.9,4.9
Sweden,2014,sweden_2014_80,2014-06-06,100,Demoskop,,c,4.4,4.4
Sweden,2014,sweden_2014_80,2014-06-06,100,Demoskop,,sd,6.6,6.6
Sweden,2014,sweden_2014_80,2014-06-06,100,Demoskop,,v,6.9,6.9
Sweden,2014,sweden_2014_80,2014-06-06,100,Demoskop,,kd,2.4,2.4
Sweden,2014,sweden_2014_81,2014-06-05,101,SKOP,,s,31.9,31.9
Sweden,2014,sweden_2014_81,2014-06-05,101,SKOP,,m,31.1,31.1
Sweden,2014,sweden_2014_81,2014-06-05,101,SKOP,,mp,9.8,9.8
Sweden,2014,sweden_2014_81,2014-06-05,101,SKOP,,l,5.5,5.5
Sweden,2014,sweden_2014_81,2014-06-05,101,SKOP,,c,5.4,5.4
Sweden,2014,sweden_2014_81,2014-06-05,101,SKOP,,sd,7.0,7.0
Sweden,2014,sweden_2014_81,2014-06-05,101,SKOP,,v,5.4,5.4
Sweden,2014,sweden_2014_81,2014-06-05,101,SKOP,,kd,2.9,2.9
Sweden,2014,sweden_2014_82,2014-06-05,101,YouGov,,s,34.5,34.5
Sweden,2014,sweden_2014_82,2014-06-05,101,YouGov,,m,29.0,29.0
Sweden,2014,sweden_2014_82,2014-06-05,101,YouGov,,mp,8.1,8.1
Sweden,2014,sweden_2014_82,2014-06-05,101,YouGov,,l,6.8,6.8
Sweden,2014,sweden_2014_82,2014-06-05,101,YouGov,,c,4.5,4.5
Sweden,2014,sweden_2014_82,2014-06-05,101,YouGov,,sd,6.5,6.5
Sweden,2014,sweden_2014_82,2014-06-05,101,YouGov,,v,6.1,6.1
Sweden,2014,sweden_2014_82,2014-06-05,101,YouGov,,kd,3.9,3.9
Sweden,2014,sweden_2014_83,2014-06-03,103,United Minds,,s,34.6,34.6
Sweden,2014,sweden_2014_83,2014-06-03,103,United Minds,,m,27.1,27.1
Sweden,2014,sweden_2014_83,2014-06-03,103,United Minds,,mp,8.2,8.2
Sweden,2014,sweden_2014_83,2014-06-03,103,United Minds,,l,6.6,6.6
Sweden,2014,sweden_2014_83,2014-06-03,103,United Minds,,c,3.4,3.4
Sweden,2014,sweden_2014_83,2014-06-03,103,United Minds,,sd,8.7,8.7
Sweden,2014,sweden_2014_83,2014-06-03,103,United Minds,,v,6.5,6.5
Sweden,2014,sweden_2014_83,2014-06-03,103,United Minds,,kd,3.9,3.9
Sweden,2014,sweden_2014_84,2014-05-29,108,Ipsos,,s,35.8,35.8
Sweden,2014,sweden_2014_84,2014-05-29,108,Ipsos,,m,30.3,30.3
Sweden,2014,sweden_2014_84,2014-05-29,108,Ipsos,,mp,7.8,7.8
Sweden,2014,sweden_2014_84,2014-05-29,108,Ipsos,,l,6.8,6.8
Sweden,2014,sweden_2014_84,2014-05-29,108,Ipsos,,c,4.7,4.7
Sweden,2014,sweden_2014_84,2014-05-29,108,Ipsos,,sd,5.9,5.9
Sweden,2014,sweden_2014_84,2014-05-29,108,Ipsos,,v,4.8,4.8
Sweden,2014,sweden_2014_84,2014-05-29,108,Ipsos,,kd,3.6,3.6
Sweden,2014,sweden_2014_85,2014-05-27,110,SCB,,s,37.3,37.3
Sweden,2014,sweden_2014_85,2014-05-27,110,SCB,,m,28.6,28.6
Sweden,2014,sweden_2014_85,2014-05-27,110,SCB,,mp,8.1,8.1
Sweden,2014,sweden_2014_85,2014-05-27,110,SCB,,l,5.5,5.5
Sweden,2014,sweden_2014_85,2014-05-27,110,SCB,,c,4.7,4.7
Sweden,2014,sweden_2014_85,2014-05-27,110,SCB,,sd,5.4,5.4
Sweden,2014,sweden_2014_85,2014-05-27,110,SCB,,v,5.9,5.9
Sweden,2014,sweden_2014_85,2014-05-27,110,SCB,,kd,3.7,3.7
Sweden,2014,sweden_2014_86,2014-05-21,116,Novus,,s,36.6,36.6
Sweden,2014,sweden_2014_86,2014-05-21,116,Novus,,m,28.3,28.3
Sweden,2014,sweden_2014_86,2014-05-21,116,Novus,,mp,8.2,8.2
Sweden,2014,sweden_2014_86,2014-05-21,116,Novus,,l,6.2,6.2
Sweden,2014,sweden_2014_86,2014-05-21,116,Novus,,c,4.5,4.5
Sweden,2014,sweden_2014_86,2014-05-21,116,Novus,,sd,4.6,4.6
Sweden,2014,sweden_2014_86,2014-05-21,116,Novus,,v,6.1,6.1
Sweden,2014,sweden_2014_86,2014-05-21,116,Novus,,kd,4.2,4.2
Sweden,2014,sweden_2014_87,2014-09-11,3,United Minds,,s,32.4,32.4
Sweden,2014,sweden_2014_87,2014-09-11,3,United Minds,,m,30.9,30.9
Sweden,2014,sweden_2014_87,2014-09-11,3,United Minds,,mp,10.0,10.0
Sweden,2014,sweden_2014_87,2014-09-11,3,United Minds,,l,6.9,6.9
Sweden,2014,sweden_2014_87,2014-09-11,3,United Minds,,c,5.3,5.3
Sweden,2014,sweden_2014_87,2014-09-11,3,United Minds,,sd,6.0,6.0
Sweden,2014,sweden_2014_87,2014-09-11,3,United Minds,,v,3.3,3.3
Sweden,2014,sweden_2014_87,2014-09-11,3,United Minds,,kd,3.9,3.9
Sweden,2014,sweden_2014_88,2014-09-08,6,SKOP,,s,30.5,30.5
Sweden,2014,sweden_2014_88,2014-09-08,6,SKOP,,m,33.5,33.5
Sweden,2014,sweden_2014_88,2014-09-08,6,SKOP,,mp,8.7,8.7
Sweden,2014,sweden_2014_88,2014-09-08,6,SKOP,,l,6.9,6.9
Sweden,2014,sweden_2014_88,2014-09-08,6,SKOP,,c,5.2,5.2
Sweden,2014,sweden_2014_88,2014-09-08,6,SKOP,,sd,5.1,5.1
Sweden,2014,sweden_2014_88,2014-09-08,6,SKOP,,v,5.1,5.1
Sweden,2014,sweden_2014_88,2014-09-08,6,SKOP,,kd,4.0,4.0
Sweden,2014,sweden_2014_89,2014-09-07,7,Demoskop,,s,31.0,31.0
Sweden,2014,sweden_2014_89,2014-09-07,7,Demoskop,,m,32.5,32.5
Sweden,2014,sweden_2014_89,2014-09-07,7,Demoskop,,mp,10.4,10.4
Sweden,2014,sweden_2014_89,2014-09-07,7,Demoskop,,l,5.1,5.1
Sweden,2014,sweden_2014_89,2014-09-07,7,Demoskop,,c,5.9,5.9
Sweden,2014,sweden_2014_89,2014-09-07,7,Demoskop,,sd,4.8,4.8
Sweden,2014,sweden_2014_89,2014-09-07,7,Demoskop,,v,5.9,5.9
Sweden,2014,sweden_2014_89,2014-09-07,7,Demoskop,,kd,3.4,3.4
Sweden,2014,sweden_2014_90,2014-09-04,10,YouGov,,s,31.1,31.1
Sweden,2014,sweden_2014_90,2014-09-04,10,YouGov,,m,32.7,32.7
Sweden,2014,sweden_2014_90,2014-09-04,10,YouGov,,mp,9.5,9.5
Sweden,2014,sweden_2014_90,2014-09-04,10,YouGov,,l,6.4,6.4
Sweden,2014,sweden_2014_90,2014-09-04,10,YouGov,,c,4.0,4.0
Sweden,2014,sweden_2014_90,2014-09-04,10,YouGov,,sd,7.5,7.5
Sweden,2014,sweden_2014_90,2014-09-04,10,YouGov,,v,4.5,4.5
Sweden,2014,sweden_2014_90,2014-09-04,10,YouGov,,kd,3.6,3.6
Sweden,2014,sweden_2014_91,2014-08-24,21,Synovate,,s,32.8,32.8
Sweden,2014,sweden_2014_91,2014-08-24,21,Synovate,,m,36.9,36.9
Sweden,2014,sweden_2014_91,2014-08-24,21,Synovate,,mp,8.4,8.4
Sweden,2014,sweden_2014_91,2014-08-24,21,Synovate,,l,7.5,7.5
Sweden,2014,sweden_2014_91,2014-08-24,21,Synovate,,c,3.8,3.8
Sweden,2014,sweden_2014_91,2014-08-24,21,Synovate,,sd,2.9,2.9
Sweden,2014,sweden_2014_91,2014-08-24,21,Synovate,,v,3.7,3.7
Sweden,2014,sweden_2014_91,2014-08-24,21,Synovate,,kd,3.3,3.3
Sweden,2014,sweden_2014_92,2014-08-22,23,Novus,,s,34.9,34.9
Sweden,2014,sweden_2014_92,2014-08-22,23,Novus,,m,31.5,31.5
Sweden,2014,sweden_2014_92,2014-08-22,23,Novus,,mp,8.9,8.9
Sweden,2014,sweden_2014_92,2014-08-22,23,Novus,,l,6.2,6.2
Sweden,2014,sweden_2014_92,2014-08-22,23,Novus,,c,5.2,5.2
Sweden,2014,sweden_2014_92,2014-08-22,23,Novus,,sd,5.6,5.6
Sweden,2014,sweden_2014_92,2014-08-22,23,Novus,,v,3.9,3.9
Sweden,2014,sweden_2014_92,2014-08-22,23,Novus,,kd,2.9,2.9
Sweden,2014,sweden_2014_93,2014-08-18,27,Sifo,,s,32.8,32.8
Sweden,2014,sweden_2014_93,2014-08-18,27,Sifo,,m,30.1,30.1
Sweden,2014,sweden_2014_93,2014-08-18,27,Sifo,,mp,10.1,10.1
Sweden,2014,sweden_2014_93,2014-08-18,27,Sifo,,l,7.4,7.4
Sweden,2014,sweden_2014_93,2014-08-18,27,Sifo,,c,4.3,4.3
Sweden,2014,sweden_2014_93,2014-08-18,27,Sifo,,sd,6.0,6.0
Sweden,2014,sweden_2014_93,2014-08-18,27,Sifo,,v,4.3,4.3
Sweden,2014,sweden_2014_93,2014-08-18,27,Sifo,,kd,4.0,4.0
Sweden,2014,sweden_2014_94,2014-08-14,31,United Minds,,s,31.6,31.6
Sweden,2014,sweden_2014_94,2014-08-14,31,United Minds,,m,31.0,31.0
Sweden,2014,sweden_2014_94,2014-08-14,31,United Minds,,mp,9.8,9.8
Sweden,2014,sweden_2014_94,2014-08-14,31,United Minds,,l,6.4,6.4
Sweden,2014,sweden_2014_94,2014-08-14,31,United Minds,,c,4.4,4.4
Sweden,2014,sweden_2014_94,2014-08-14,31,United Minds,,sd,7.8,7.8
Sweden,2014,sweden_2014_94,2014-08-14,31,United Minds,,v,5.0,5.0
Sweden,2014,sweden_2014_94,2014-08-14,31,United Minds,,kd,3.2,3.2
Sweden,2014,sweden_2014_95,2014-08-03,42,Demoskop,,s,32.5,32.5
Sweden,2014,sweden_2014_95,2014-08-03,42,Demoskop,,m,31.6,31.6
Sweden,2014,sweden_2014_95,2014-08-03,42,Demoskop,,mp,9.7,9.7
Sweden,2014,sweden_2014_95,2014-08-03,42,Demoskop,,l,5.8,5.8
Sweden,2014,sweden_2014_95,2014-08-03,42,Demoskop,,c,5.4,5.4
Sweden,2014,sweden_2014_95,2014-08-03,42,Demoskop,,sd,5.2,5.2
Sweden,2014,sweden_2014_95,2014-08-03,42,Demoskop,,v,6.1,6.1
Sweden,2014,sweden_2014_95,2014-08-03,42,Demoskop,,kd,2.6,2.6
Sweden,2014,sweden_2014_96,2014-08-01,44,YouGov,,s,30.6,30.6
Sweden,2014,sweden_2014_96,2014-08-01,44,YouGov,,m,31.5,31.5
Sweden,2014,sweden_2014_96,2014-08-01,44,YouGov,,mp,10.6,10.6
Sweden,2014,sweden_2014_96,2014-08-01,44,YouGov,,l,7.1,7.1
Sweden,2014,sweden_2014_96,2014-08-01,44,YouGov,,c,3.4,3.4
Sweden,2014,sweden_2014_96,2014-08-01,44,YouGov,,sd,7.7,7.7
Sweden,2014,sweden_2014_96,2014-08-01,44,YouGov,,v,4.3,4.3
Sweden,2014,sweden_2014_96,2014-08-01,44,YouGov,,kd,3.7,3.7
Sweden,2014,sweden_2014_97,2014-07-06,70,Demoskop,,s,32.5,32.5
Sweden,2014,sweden_2014_97,2014-07-06,70,Demoskop,,m,34.9,34.9
Sweden,2014,sweden_2014_97,2014-07-06,70,Demoskop,,mp,10.6,10.6
Sweden,2014,sweden_2014_97,2014-07-06,70,Demoskop,,l,6.0,6.0
Sweden,2014,sweden_2014_97,2014-07-06,70,Demoskop,,c,3.7,3.7
Sweden,2014,sweden_2014_97,2014-07-06,70,Demoskop,,sd,4.6,4.6
Sweden,2014,sweden_2014_97,2014-07-06,70,Demoskop,,v,3.8,3.8
Sweden,2014,sweden_2014_97,2014-07-06,70,Demoskop,,kd,3.3,3.3
Sweden,2014,sweden_2014_98,2014-07-03,73,SKOP,,s,30.9,30.9
Sweden,2014,sweden_2014_98,2014-07-03,73,SKOP,,m,32.9,32.9
Sweden,2014,sweden_2014_98,2014-07-03,73,SKOP,,mp,10.7,10.7
Sweden,2014,sweden_2014_98,2014-07-03,73,SKOP,,l,6.6,6.6
Sweden,2014,sweden_2014_98,2014-07-03,73,SKOP,,c,6.0,6.0
Sweden,2014,sweden_2014_98,2014-07-03,73,SKOP,,sd,4.2,4.2
Sweden,2014,sweden_2014_98,2014-07-03,73,SKOP,,v,4.7,4.7
Sweden,2014,sweden_2014_98,2014-07-03,73,SKOP,,kd,3.1,3.1
Sweden,2014,sweden_2014_99,2014-07-03,73,YouGov,,s,30.6,30.6
Sweden,2014,sweden_2014_99,2014-07-03,73,YouGov,,m,32.1,32.1
Sweden,2014,sweden_2014_99,2014-07-03,73,YouGov,,mp,10.4,10.4
Sweden,2014,sweden_2014_99,2014-07-03,73,YouGov,,l,5.9,5.9
Sweden,2014,sweden_2014_99,2014-07-03,73,YouGov,,c,4.7,4.7
Sweden,2014,sweden_2014_99,2014-07-03,73,YouGov,,sd,7.2,7.2
Sweden,2014,sweden_2014_99,2014-07-03,73,YouGov,,v,4.9,4.9
Sweden,2014,sweden_2014_99,2014-07-03,73,YouGov,,kd,3.1,3.1
Sweden,2014,sweden_2014_100,2014-07-02,74,United Minds,,s,30.1,30.1
Sweden,2014,sweden_2014_100,2014-07-02,74,United Minds,,m,31.2,31.2
Sweden,2014,sweden_2014_100,2014-07-02,74,United Minds,,mp,10.1,10.1
Sweden,2014,sweden_2014_100,2014-07-02,74,United Minds,,l,6.5,6.5
Sweden,2014,sweden_2014_100,2014-07-02,74,United Minds,,c,4.7,4.7
Sweden,2014,sweden_2014_100,2014-07-02,74,United Minds,,sd,7.4,7.4
Sweden,2014,sweden_2014_100,2014-07-02,74,United Minds,,v,4.6,4.6
Sweden,2014,sweden_2014_100,2014-07-02,74,United Minds,,kd,4.2,4.2
Sweden,2014,sweden_2014_101,2014-06-21,85,Synovate,,s,32.0,32.0
Sweden,2014,sweden_2014_101,2014-06-21,85,Synovate,,m,32.4,32.4
Sweden,2014,sweden_2014_101,2014-06-21,85,Synovate,,mp,10.3,10.3
Sweden,2014,sweden_2014_101,2014-06-21,85,Synovate,,l,7.5,7.5
Sweden,2014,sweden_2014_101,2014-06-21,85,Synovate,,c,3.7,3.7
Sweden,2014,sweden_2014_101,2014-06-21,85,Synovate,,sd,4.8,4.8
Sweden,2014,sweden_2014_101,2014-06-21,85,Synovate,,v,3.8,3.8
Sweden,2014,sweden_2014_101,2014-06-21,85,Synovate,,kd,4.5,4.5
Sweden,2014,sweden_2014_102,2014-06-16,90,Sifo,,s,35.2,35.2
Sweden,2014,sweden_2014_102,2014-06-16,90,Sifo,,m,29.0,29.0
Sweden,2014,sweden_2014_102,2014-06-16,90,Sifo,,mp,9.1,9.1
Sweden,2014,sweden_2014_102,2014-06-16,90,Sifo,,l,6.2,6.2
Sweden,2014,sweden_2014_102,2014-06-16,90,Sifo,,c,4.5,4.5
Sweden,2014,sweden_2014_102,2014-06-16,90,Sifo,,sd,6.8,6.8
Sweden,2014,sweden_2014_102,2014-06-16,90,Sifo,,v,4.5,4.5
Sweden,2014,sweden_2014_102,2014-06-16,90,Sifo,,kd,3.6,3.6
Sweden,2014,sweden_2014_103,2014-06-13,93,Novus,,s,32.2,32.2
Sweden,2014,sweden_2014_103,2014-06-13,93,Novus,,m,30.8,30.8
Sweden,2014,sweden_2014_103,2014-06-13,93,Novus,,mp,9.9,9.9
Sweden,2014,sweden_2014_103,2014-06-13,93,Novus,,l,6.6,6.6
Sweden,2014,sweden_2014_103,2014-06-13,93,Novus,,c,4.8,4.8
Sweden,2014,sweden_2014_103,2014-06-13,93,Novus,,sd,5.4,5.4
Sweden,2014,sweden_2014_103,2014-06-13,93,Novus,,v,5.1,5.1
Sweden,2014,sweden_2014_103,2014-06-13,93,Novus,,kd,4.5,4.5
Sweden,2014,sweden_2014_104,2014-06-05,101,United Minds,,s,30.9,30.9
Sweden,2014,sweden_2014_104,2014-06-05,101,United Minds,,m,30.5,30.5
Sweden,2014,sweden_2014_104,2014-06-05,101,United Minds,,mp,11.2,11.2
Sweden,2014,sweden_2014_104,2014-06-05,101,United Minds,,l,6.8,6.8
Sweden,2014,sweden_2014_104,2014-06-05,101,United Minds,,c,4.0,4.0
Sweden,2014,sweden_2014_104,2014-06-05,101,United Minds,,sd,7.8,7.8
Sweden,2014,sweden_2014_104,2014-06-05,101,United Minds,,v,4.7,4.7
Sweden,2014,sweden_2014_104,2014-06-05,101,United Minds,,kd,3.1,3.1
Sweden,2014,sweden_2014_105,2014-06-05,101,YouGov,,s,30.1,30.1
Sweden,2014,sweden_2014_105,2014-06-05,101,YouGov,,m,31.7,31.7
Sweden,2014,sweden_2014_105,2014-06-05,101,YouGov,,mp,9.3,9.3
Sweden,2014,sweden_2014_105,2014-06-05,101,YouGov,,l,7.2,7.2
Sweden,2014,sweden_2014_105,2014-06-05,101,YouGov,,c,4.5,4.5
Sweden,2014,sweden_2014_105,2014-06-05,101,YouGov,,sd,7.1,7.1
Sweden,2014,sweden_2014_105,2014-06-05,101,YouGov,,v,5.2,5.2
Sweden,2014,sweden_2014_105,2014-06-05,101,YouGov,,kd,4.1,4.1
Sweden,2014,sweden_2014_106,2014-06-01,105,Demoskop,,s,29.2,29.2
Sweden,2014,sweden_2014_106,2014-06-01,105,Demoskop,,m,32.1,32.1
Sweden,2014,sweden_2014_106,2014-06-01,105,Demoskop,,mp,11.8,11.8
Sweden,2014,sweden_2014_106,2014-06-01,105,Demoskop,,l,6.5,6.5
Sweden,2014,sweden_2014_106,2014-06-01,105,Demoskop,,c,5.0,5.0
Sweden,2014,sweden_2014_106,2014-06-01,105,Demoskop,,sd,6.3,6.3
Sweden,2014,sweden_2014_106,2014-06-01,105,Demoskop,,v,5.2,5.2
Sweden,2014,sweden_2014_106,2014-06-01,105,Demoskop,,kd,3.5,3.5
Sweden,2014,sweden_2014_107,2014-05-30,107,SKOP,,s,31.7,31.7
Sweden,2014,sweden_2014_107,2014-05-30,107,SKOP,,m,33.4,33.4
Sweden,2014,sweden_2014_107,2014-05-30,107,SKOP,,mp,9.3,9.3
Sweden,2014,sweden_2014_107,2014-05-30,107,SKOP,,l,5.4,5.4
Sweden,2014,sweden_2014_107,2014-05-30,107,SKOP,,c,5.5,5.5
Sweden,2014,sweden_2014_107,2014-05-30,107,SKOP,,sd,6.5,6.5
Sweden,2014,sweden_2014_107,2014-05-30,107,SKOP,,v,4.3,4.3
Sweden,2014,sweden_2014_107,2014-05-30,107,SKOP,,kd,3.8,3.8
Sweden,2014,sweden_2014_108,2014-05-26,111,SCB,,s,34.0,34.0
Sweden,2014,sweden_2014_108,2014-05-26,111,SCB,,m,31.1,31.1
Sweden,2014,sweden_2014_108,2014-05-26,111,SCB,,mp,8.9,8.9
Sweden,2014,sweden_2014_108,2014-05-26,111,SCB,,l,6.0,6.0
Sweden,2014,sweden_2014_108,2014-05-26,111,SCB,,c,4.5,4.5
Sweden,2014,sweden_2014_108,2014-05-26,111,SCB,,sd,5.7,5.7
Sweden,2014,sweden_2014_108,2014-05-26,111,SCB,,v,4.5,4.5
Sweden,2014,sweden_2014_108,2014-05-26,111,SCB,,kd,3.8,3.8
Sweden,2014,sweden_2014_109,2014-05-25,112,Synovate,,s,33.0,33.0
Sweden,2014,sweden_2014_109,2014-05-25,112,Synovate,,m,32.7,32.7
Sweden,2014,sweden_2014_109,2014-05-25,112,Synovate,,mp,8.9,8.9
Sweden,2014,sweden_2014_109,2014-05-25,112,Synovate,,l,7.2,7.2
Sweden,2014,sweden_2014_109,2014-05-25,112,Synovate,,c,4.7,4.7
Sweden,2014,sweden_2014_109,2014-05-25,112,Synovate,,sd,4.2,4.2
Sweden,2014,sweden_2014_109,2014-05-25,112,Synovate,,v,4.1,4.1
Sweden,2014,sweden_2014_109,2014-05-25,112,Synovate,,kd,3.8,3.8
Sweden,2018,sweden_2018_0,2018-09-07,2,Inizio,,s,24.6,24.6
Sweden,2018,sweden_2018_0,2018-09-07,2,Inizio,,m,19.6,19.6
Sweden,2018,sweden_2018_0,2018-09-07,2,Inizio,,sd,16.8,16.8
Sweden,2018,sweden_2018_0,2018-09-07,2,Inizio,,mp,5.2,5.2
Sweden,2018,sweden_2018_0,2018-09-07,2,Inizio,,c,9.4,9.4
Sweden,2018,sweden_2018_0,2018-09-07,2,Inizio,,v,9.6,9.6
Sweden,2018,sweden_2018_0,2018-09-07,2,Inizio,,l,5.8,5.8
Sweden,2018,sweden_2018_0,2018-09-07,2,Inizio,,kd,5.9,5.9
Sweden,2018,sweden_2018_0,2018-09-07,2,Inizio,,fi,1.1,1.1
Sweden,2018,sweden_2018_1,2018-09-07,2,SKOP,,s,25.9,25.9
Sweden,2018,sweden_2018_1,2018-09-07,2,SKOP,,m,17.6,17.6
Sweden,2018,sweden_2018_1,2018-09-07,2,SKOP,,sd,17.4,17.4
Sweden,2018,sweden_2018_1,2018-09-07,2,SKOP,,mp,4.6,4.6
Sweden,2018,sweden_2018_1,2018-09-07,2,SKOP,,c,7.9,7.9
Sweden,2018,sweden_2018_1,2018-09-07,2,SKOP,,v,10.6,10.6
Sweden,2018,sweden_2018_1,2018-09-07,2,SKOP,,l,6.5,6.5
Sweden,2018,sweden_2018_1,2018-09-07,2,SKOP,,kd,6.4,6.4
Sweden,2018,sweden_2018_1,2018-09-07,2,SKOP,,fi,1.1,1.1
Sweden,2018,sweden_2018_2,2018-09-06,3,Novus,,s,24.9,24.9
Sweden,2018,sweden_2018_2,2018-09-06,3,Novus,,m,17.7,17.7
Sweden,2018,sweden_2018_2,2018-09-06,3,Novus,,sd,19.1,19.1
Sweden,2018,sweden_2018_2,2018-09-06,3,Novus,,mp,5.0,5.0
Sweden,2018,sweden_2018_2,2018-09-06,3,Novus,,c,8.6,8.6
Sweden,2018,sweden_2018_2,2018-09-06,3,Novus,,v,10.0,10.0
Sweden,2018,sweden_2018_2,2018-09-06,3,Novus,,l,6.5,6.5
Sweden,2018,sweden_2018_2,2018-09-06,3,Novus,,kd,5.7,5.7
Sweden,2018,sweden_2018_2,2018-09-06,3,Novus,,fi,2.5,2.5
Sweden,2018,sweden_2018_3,2018-09-06,3,Sifo,,s,24.4,24.4
Sweden,2018,sweden_2018_3,2018-09-06,3,Sifo,,m,16.9,16.9
Sweden,2018,sweden_2018_3,2018-09-06,3,Sifo,,sd,17.0,17.0
Sweden,2018,sweden_2018_3,2018-09-06,3,Sifo,,mp,6.2,6.2
Sweden,2018,sweden_2018_3,2018-09-06,3,Sifo,,c,10.0,10.0
Sweden,2018,sweden_2018_3,2018-09-06,3,Sifo,,v,10.0,10.0
Sweden,2018,sweden_2018_3,2018-09-06,3,Sifo,,l,6.0,6.0
Sweden,2018,sweden_2018_3,2018-09-06,3,Sifo,,kd,6.3,6.3
Sweden,2018,sweden_2018_3,2018-09-06,3,Sifo,,fi,3.2,3.2
Sweden,2018,sweden_2018_4,2018-09-06,3,Demoskop,,s,26.5,26.5
Sweden,2018,sweden_2018_4,2018-09-06,3,Demoskop,,m,17.9,17.9
Sweden,2018,sweden_2018_4,2018-09-06,3,Demoskop,,sd,17.2,17.2
Sweden,2018,sweden_2018_4,2018-09-06,3,Demoskop,,mp,5.3,5.3
Sweden,2018,sweden_2018_4,2018-09-06,3,Demoskop,,c,8.2,8.2
Sweden,2018,sweden_2018_4,2018-09-06,3,Demoskop,,v,9.8,9.8
Sweden,2018,sweden_2018_4,2018-09-06,3,Demoskop,,l,6.2,6.2
Sweden,2018,sweden_2018_4,2018-09-06,3,Demoskop,,kd,6.0,6.0
Sweden,2018,sweden_2018_4,2018-09-06,3,Demoskop,,fi,1.3,1.3
Sweden,2018,sweden_2018_5,2018-09-06,3,SKOP,,s,23.1,23.1
Sweden,2018,sweden_2018_5,2018-09-06,3,SKOP,,m,17.3,17.3
Sweden,2018,sweden_2018_5,2018-09-06,3,SKOP,,sd,17.7,17.7
Sweden,2018,sweden_2018_5,2018-09-06,3,SKOP,,mp,5.7,5.7
Sweden,2018,sweden_2018_5,2018-09-06,3,SKOP,,c,7.9,7.9
Sweden,2018,sweden_2018_5,2018-09-06,3,SKOP,,v,10.6,10.6
Sweden,2018,sweden_2018_5,2018-09-06,3,SKOP,,l,6.2,6.2
Sweden,2018,sweden_2018_5,2018-09-06,3,SKOP,,kd,6.9,6.9
Sweden,2018,sweden_2018_5,2018-09-06,3,SKOP,,fi,0.8,0.8
Sweden,2018,sweden_2018_6,2018-09-05,4,Sifo,,s,25.1,25.1
Sweden,2018,sweden_2018_6,2018-09-05,4,Sifo,,m,17.2,17.2
Sweden,2018,sweden_2018_6,2018-09-05,4,Sifo,,sd,16.9,16.9
Sweden,2018,sweden_2018_6,2018-09-05,4,Sifo,,mp,6.2,6.2
Sweden,2018,sweden_2018_6,2018-09-05,4,Sifo,,c,10.0,10.0
Sweden,2018,sweden_2018_6,2018-09-05,4,Sifo,,v,10.1,10.1
Sweden,2018,sweden_2018_6,2018-09-05,4,Sifo,,l,6.0,6.0
Sweden,2018,sweden_2018_6,2018-09-05,4,Sifo,,kd,5.9,5.9
Sweden,2018,sweden_2018_6,2018-09-05,4,Sifo,,fi,2.7,2.7
Sweden,2018,sweden_2018_7,2018-09-05,4,SKOP,,s,22.1,22.1
Sweden,2018,sweden_2018_7,2018-09-05,4,SKOP,,m,18.2,18.2
Sweden,2018,sweden_2018_7,2018-09-05,4,SKOP,,sd,19.2,19.2
Sweden,2018,sweden_2018_7,2018-09-05,4,SKOP,,mp,5.6,5.6
Sweden,2018,sweden_2018_7,2018-09-05,4,SKOP,,c,7.7,7.7
Sweden,2018,sweden_2018_7,2018-09-05,4,SKOP,,v,10.6,10.6
Sweden,2018,sweden_2018_7,2018-09-05,4,SKOP,,l,5.9,5.9
Sweden,2018,sweden_2018_7,2018-09-05,4,SKOP,,kd,6.6,6.6
Sweden,2018,sweden_2018_7,2018-09-05,4,SKOP,,fi,1.1,1.1
Sweden,2018,sweden_2018_8,2018-09-04,5,Sifo,,s,25.0,25.0
Sweden,2018,sweden_2018_8,2018-09-04,5,Sifo,,m,17.2,17.2
Sweden,2018,sweden_2018_8,2018-09-04,5,Sifo,,sd,17.1,17.1
Sweden,2018,sweden_2018_8,2018-09-04,5,Sifo,,mp,5.4,5.4
Sweden,2018,sweden_2018_8,2018-09-04,5,Sifo,,c,9.3,9.3
Sweden,2018,sweden_2018_8,2018-09-04,5,Sifo,,v,10.2,10.2
Sweden,2018,sweden_2018_8,2018-09-04,5,Sifo,,l,6.8,6.8
Sweden,2018,sweden_2018_8,2018-09-04,5,Sifo,,kd,6.6,6.6
Sweden,2018,sweden_2018_8,2018-09-04,5,Sifo,,fi,2.7,2.7
Sweden,2018,sweden_2018_9,2018-09-04,5,Demoskop,,s,25.5,25.5
Sweden,2018,sweden_2018_9,2018-09-04,5,Demoskop,,m,17.8,17.8
Sweden,2018,sweden_2018_9,2018-09-04,5,Demoskop,,sd,18.2,18.2
Sweden,2018,sweden_2018_9,2018-09-04,5,Demoskop,,mp,4.8,4.8
Sweden,2018,sweden_2018_9,2018-09-04,5,Demoskop,,c,8.9,8.9
Sweden,2018,sweden_2018_9,2018-09-04,5,Demoskop,,v,9.4,9.4
Sweden,2018,sweden_2018_9,2018-09-04,5,Demoskop,,l,6.2,6.2
Sweden,2018,sweden_2018_9,2018-09-04,5,Demoskop,,kd,5.9,5.9
Sweden,2018,sweden_2018_9,2018-09-04,5,Demoskop,,fi,1.9,1.9
Sweden,2018,sweden_2018_10,2018-09-04,5,SKOP,,s,22.5,22.5
Sweden,2018,sweden_2018_10,2018-09-04,5,SKOP,,m,17.1,17.1
Sweden,2018,sweden_2018_10,2018-09-04,5,SKOP,,sd,20.0,20.0
Sweden,2018,sweden_2018_10,2018-09-04,5,SKOP,,mp,5.5,5.5
Sweden,2018,sweden_2018_10,2018-09-04,5,SKOP,,c,8.1,8.1
Sweden,2018,sweden_2018_10,2018-09-04,5,SKOP,,v,11.0,11.0
Sweden,2018,sweden_2018_10,2018-09-04,5,SKOP,,l,5.4,5.4
Sweden,2018,sweden_2018_10,2018-09-04,5,SKOP,,kd,7.0,7.0
Sweden,2018,sweden_2018_10,2018-09-04,5,SKOP,,fi,1.2,1.2
Sweden,2018,sweden_2018_11,2018-09-03,6,Sifo,,s,25.3,25.3
Sweden,2018,sweden_2018_11,2018-09-03,6,Sifo,,m,17.0,17.0
Sweden,2018,sweden_2018_11,2018-09-03,6,Sifo,,sd,17.2,17.2
Sweden,2018,sweden_2018_11,2018-09-03,6,Sifo,,mp,5.4,5.4
Sweden,2018,sweden_2018_11,2018-09-03,6,Sifo,,c,8.4,8.4
Sweden,2018,sweden_2018_11,2018-09-03,6,Sifo,,v,11.1,11.1
Sweden,2018,sweden_2018_11,2018-09-03,6,Sifo,,l,6.7,6.7
Sweden,2018,sweden_2018_11,2018-09-03,6,Sifo,,kd,6.0,6.0
Sweden,2018,sweden_2018_11,2018-09-03,6,Sifo,,fi,2.9,2.9
Sweden,2018,sweden_2018_12,2018-09-03,6,Ipsos,,s,26.5,26.5
Sweden,2018,sweden_2018_12,2018-09-03,6,Ipsos,,m,16.9,16.9
Sweden,2018,sweden_2018_12,2018-09-03,6,Ipsos,,sd,16.3,16.3
Sweden,2018,sweden_2018_12,2018-09-03,6,Ipsos,,mp,5.0,5.0
Sweden,2018,sweden_2018_12,2018-09-03,6,Ipsos,,c,9.6,9.6
Sweden,2018,sweden_2018_12,2018-09-03,6,Ipsos,,v,10.7,10.7
Sweden,2018,sweden_2018_12,2018-09-03,6,Ipsos,,l,5.9,5.9
Sweden,2018,sweden_2018_12,2018-09-03,6,Ipsos,,kd,6.3,6.3
Sweden,2018,sweden_2018_12,2018-09-03,6,Ipsos,,fi,2.8,2.8
Sweden,2018,sweden_2018_13,2018-09-03,6,Inizio,,s,24.6,24.6
Sweden,2018,sweden_2018_13,2018-09-03,6,Inizio,,m,19.2,19.2
Sweden,2018,sweden_2018_13,2018-09-03,6,Inizio,,sd,17.3,17.3
Sweden,2018,sweden_2018_13,2018-09-03,6,Inizio,,mp,5.0,5.0
Sweden,2018,sweden_2018_13,2018-09-03,6,Inizio,,c,8.4,8.4
Sweden,2018,sweden_2018_13,2018-09-03,6,Inizio,,v,9.4,9.4
Sweden,2018,sweden_2018_13,2018-09-03,6,Inizio,,l,6.0,6.0
Sweden,2018,sweden_2018_13,2018-09-03,6,Inizio,,kd,6.5,6.5
Sweden,2018,sweden_2018_13,2018-09-03,6,Inizio,,fi,1.5,1.5
Sweden,2018,sweden_2018_14,2018-09-03,6,SKOP,,s,22.9,22.9
Sweden,2018,sweden_2018_14,2018-09-03,6,SKOP,,m,16.3,16.3
Sweden,2018,sweden_2018_14,2018-09-03,6,SKOP,,sd,20.3,20.3
Sweden,2018,sweden_2018_14,2018-09-03,6,SKOP,,mp,6.2,6.2
Sweden,2018,sweden_2018_14,2018-09-03,6,SKOP,,c,8.0,8.0
Sweden,2018,sweden_2018_14,2018-09-03,6,SKOP,,v,11.0,11.0
Sweden,2018,sweden_2018_14,2018-09-03,6,SKOP,,l,4.9,4.9
Sweden,2018,sweden_2018_14,2018-09-03,6,SKOP,,kd,6.8,6.8
Sweden,2018,sweden_2018_14,2018-09-03,6,SKOP,,fi,1.1,1.1
Sweden,2018,sweden_2018_15,2018-09-02,7,Sifo,,s,25.6,25.6
Sweden,2018,sweden_2018_15,2018-09-02,7,Sifo,,m,16.8,16.8
Sweden,2018,sweden_2018_15,2018-09-02,7,Sifo,,sd,18.1,18.1
Sweden,2018,sweden_2018_15,2018-09-02,7,Sifo,,mp,5.3,5.3
Sweden,2018,sweden_2018_15,2018-09-02,7,Sifo,,c,9.0,9.0
Sweden,2018,sweden_2018_15,2018-09-02,7,Sifo,,v,10.5,10.5
Sweden,2018,sweden_2018_15,2018-09-02,7,Sifo,,l,6.3,6.3
Sweden,2018,sweden_2018_15,2018-09-02,7,Sifo,,kd,5.3,5.3
Sweden,2018,sweden_2018_15,2018-09-02,7,Sifo,,fi,3.0,3.0
Sweden,2018,sweden_2018_16,2018-09-02,7,SKOP,,s,23.3,23.3
Sweden,2018,sweden_2018_16,2018-09-02,7,SKOP,,m,16.9,16.9
Sweden,2018,sweden_2018_16,2018-09-02,7,SKOP,,sd,19.7,19.7
Sweden,2018,sweden_2018_16,2018-09-02,7,SKOP,,mp,6.3,6.3
Sweden,2018,sweden_2018_16,2018-09-02,7,SKOP,,c,7.8,7.8
Sweden,2018,sweden_2018_16,2018-09-02,7,SKOP,,v,10.5,10.5
Sweden,2018,sweden_2018_16,2018-09-02,7,SKOP,,l,5.4,5.4
Sweden,2018,sweden_2018_16,2018-09-02,7,SKOP,,kd,6.6,6.6
Sweden,2018,sweden_2018_16,2018-09-02,7,SKOP,,fi,1.2,1.2
Sweden,2018,sweden_2018_17,2018-09-01,8,YouGov,,s,23.8,23.8
Sweden,2018,sweden_2018_17,2018-09-01,8,YouGov,,m,16.5,16.5
Sweden,2018,sweden_2018_17,2018-09-01,8,YouGov,,sd,24.8,24.8
Sweden,2018,sweden_2018_17,2018-09-01,8,YouGov,,mp,3.6,3.6
Sweden,2018,sweden_2018_17,2018-09-01,8,YouGov,,c,6.0,6.0
Sweden,2018,sweden_2018_17,2018-09-01,8,YouGov,,v,9.4,9.4
Sweden,2018,sweden_2018_17,2018-09-01,8,YouGov,,l,5.7,5.7
Sweden,2018,sweden_2018_17,2018-09-01,8,YouGov,,kd,4.8,4.8
Sweden,2018,sweden_2018_17,2018-09-01,8,YouGov,,fi,0.6,0.6
Sweden,2018,sweden_2018_18,2018-08-31,9,SKOP,,s,23.8,23.8
Sweden,2018,sweden_2018_18,2018-08-31,9,SKOP,,m,17.0,17.0
Sweden,2018,sweden_2018_18,2018-08-31,9,SKOP,,sd,20.0,20.0
Sweden,2018,sweden_2018_18,2018-08-31,9,SKOP,,mp,6.2,6.2
Sweden,2018,sweden_2018_18,2018-08-31,9,SKOP,,c,7.5,7.5
Sweden,2018,sweden_2018_18,2018-08-31,9,SKOP,,v,10.5,10.5
Sweden,2018,sweden_2018_18,2018-08-31,9,SKOP,,l,5.4,5.4
Sweden,2018,sweden_2018_18,2018-08-31,9,SKOP,,kd,6.7,6.7
Sweden,2018,sweden_2018_18,2018-08-31,9,SKOP,,fi,1.2,1.2
Sweden,2018,sweden_2018_19,2018-08-30,10,Demoskop,,s,24.5,24.5
Sweden,2018,sweden_2018_19,2018-08-30,10,Demoskop,,m,17.1,17.1
Sweden,2018,sweden_2018_19,2018-08-30,10,Demoskop,,sd,19.8,19.8
Sweden,2018,sweden_2018_19,2018-08-30,10,Demoskop,,mp,5.1,5.1
Sweden,2018,sweden_2018_19,2018-08-30,10,Demoskop,,c,9.5,9.5
Sweden,2018,sweden_2018_19,2018-08-30,10,Demoskop,,v,9.5,9.5
Sweden,2018,sweden_2018_19,2018-08-30,10,Demoskop,,l,6.8,6.8
Sweden,2018,sweden_2018_19,2018-08-30,10,Demoskop,,kd,4.8,4.8
Sweden,2018,sweden_2018_19,2018-08-30,10,Demoskop,,fi,0.8,0.8
Sweden,2018,sweden_2018_20,2018-08-30,10,Sentio,,s,22.1,22.1
Sweden,2018,sweden_2018_20,2018-08-30,10,Sentio,,m,18.2,18.2
Sweden,2018,sweden_2018_20,2018-08-30,10,Sentio,,sd,24.0,24.0
Sweden,2018,sweden_2018_20,2018-08-30,10,Sentio,,mp,4.4,4.4
Sweden,2018,sweden_2018_20,2018-08-30,10,Sentio,,c,6.0,6.0
Sweden,2018,sweden_2018_20,2018-08-30,10,Sentio,,v,10.7,10.7
Sweden,2018,sweden_2018_20,2018-08-30,10,Sentio,,l,5.2,5.2
Sweden,2018,sweden_2018_20,2018-08-30,10,Sentio,,kd,5.0,5.0
Sweden,2018,sweden_2018_21,2018-08-30,10,Sifo,,s,25.7,25.7
Sweden,2018,sweden_2018_21,2018-08-30,10,Sifo,,m,16.8,16.8
Sweden,2018,sweden_2018_21,2018-08-30,10,Sifo,,sd,16.9,16.9
Sweden,2018,sweden_2018_21,2018-08-30,10,Sifo,,mp,6.9,6.9
Sweden,2018,sweden_2018_21,2018-08-30,10,Sifo,,c,9.5,9.5
Sweden,2018,sweden_2018_21,2018-08-30,10,Sifo,,v,10.5,10.5
Sweden,2018,sweden_2018_21,2018-08-30,10,Sifo,,l,5.5,5.5
Sweden,2018,sweden_2018_21,2018-08-30,10,Sifo,,kd,5.5,5.5
Sweden,2018,sweden_2018_21,2018-08-30,10,Sifo,,fi,3.3,3.3
Sweden,2018,sweden_2018_22,2018-08-30,10,Inizio,,s,23.1,23.1
Sweden,2018,sweden_2018_22,2018-08-30,10,Inizio,,m,19.5,19.5
Sweden,2018,sweden_2018_22,2018-08-30,10,Inizio,,sd,18.1,18.1
Sweden,2018,sweden_2018_22,2018-08-30,10,Inizio,,mp,5.6,5.6
Sweden,2018,sweden_2018_22,2018-08-30,10,Inizio,,c,8.5,8.5
Sweden,2018,sweden_2018_22,2018-08-30,10,Inizio,,v,10.1,10.1
Sweden,2018,sweden_2018_22,2018-08-30,10,Inizio,,l,5.9,5.9
Sweden,2018,sweden_2018_22,2018-08-30,10,Inizio,,kd,6.0,6.0
Sweden,2018,sweden_2018_22,2018-08-30,10,Inizio,,fi,1.7,1.7
Sweden,2018,sweden_2018_23,2018-08-30,10,SKOP,,s,24.7,24.7
Sweden,2018,sweden_2018_23,2018-08-30,10,SKOP,,m,16.9,16.9
Sweden,2018,sweden_2018_23,2018-08-30,10,SKOP,,sd,19.5,19.5
Sweden,2018,sweden_2018_23,2018-08-30,10,SKOP,,mp,6.0,6.0
Sweden,2018,sweden_2018_23,2018-08-30,10,SKOP,,c,8.2,8.2
Sweden,2018,sweden_2018_23,2018-08-30,10,SKOP,,v,10.3,10.3
Sweden,2018,sweden_2018_23,2018-08-30,10,SKOP,,l,5.8,5.8
Sweden,2018,sweden_2018_23,2018-08-30,10,SKOP,,kd,6.1,6.1
Sweden,2018,sweden_2018_23,2018-08-30,10,SKOP,,fi,1.0,1.0
Sweden,2018,sweden_2018_24,2018-08-29,11,Sifo,,s,25.6,25.6
Sweden,2018,sweden_2018_24,2018-08-29,11,Sifo,,m,17.7,17.7
Sweden,2018,sweden_2018_24,2018-08-29,11,Sifo,,sd,17.6,17.6
Sweden,2018,sweden_2018_24,2018-08-29,11,Sifo,,mp,5.9,5.9
Sweden,2018,sweden_2018_24,2018-08-29,11,Sifo,,c,8.9,8.9
Sweden,2018,sweden_2018_24,2018-08-29,11,Sifo,,v,11.3,11.3
Sweden,2018,sweden_2018_24,2018-08-29,11,Sifo,,l,5.1,5.1
Sweden,2018,sweden_2018_24,2018-08-29,11,Sifo,,kd,5.4,5.4
Sweden,2018,sweden_2018_24,2018-08-29,11,Sifo,,fi,2.6,2.6
Sweden,2018,sweden_2018_25,2018-08-29,11,SKOP,,s,25.4,25.4
Sweden,2018,sweden_2018_25,2018-08-29,11,SKOP,,m,15.5,15.5
Sweden,2018,sweden_2018_25,2018-08-29,11,SKOP,,sd,20.3,20.3
Sweden,2018,sweden_2018_25,2018-08-29,11,SKOP,,mp,5.5,5.5
Sweden,2018,sweden_2018_25,2018-08-29,11,SKOP,,c,8.0,8.0
Sweden,2018,sweden_2018_25,2018-08-29,11,SKOP,,v,9.5,9.5
Sweden,2018,sweden_2018_25,2018-08-29,11,SKOP,,l,6.2,6.2
Sweden,2018,sweden_2018_25,2018-08-29,11,SKOP,,kd,6.0,6.0
Sweden,2018,sweden_2018_25,2018-08-29,11,SKOP,,fi,0.9,0.9
Sweden,2018,sweden_2018_26,2018-08-28,12,Sifo,,s,25.2,25.2
Sweden,2018,sweden_2018_26,2018-08-28,12,Sifo,,m,17.6,17.6
Sweden,2018,sweden_2018_26,2018-08-28,12,Sifo,,sd,19.2,19.2
Sweden,2018,sweden_2018_26,2018-08-28,12,Sifo,,mp,5.2,5.2
Sweden,2018,sweden_2018_26,2018-08-28,12,Sifo,,c,8.9,8.9
Sweden,2018,sweden_2018_26,2018-08-28,12,Sifo,,v,10.5,10.5
Sweden,2018,sweden_2018_26,2018-08-28,12,Sifo,,l,5.5,5.5
Sweden,2018,sweden_2018_26,2018-08-28,12,Sifo,,kd,5.7,5.7
Sweden,2018,sweden_2018_26,2018-08-28,12,Sifo,,fi,2.2,2.2
Sweden,2018,sweden_2018_27,2018-08-28,12,Novus,,s,24.3,24.3
Sweden,2018,sweden_2018_27,2018-08-28,12,Novus,,m,19.4,19.4
Sweden,2018,sweden_2018_27,2018-08-28,12,Novus,,sd,18.2,18.2
Sweden,2018,sweden_2018_27,2018-08-28,12,Novus,,mp,5.7,5.7
Sweden,2018,sweden_2018_27,2018-08-28,12,Novus,,c,8.0,8.0
Sweden,2018,sweden_2018_27,2018-08-28,12,Novus,,v,10.2,10.2
Sweden,2018,sweden_2018_27,2018-08-28,12,Novus,,l,6.2,6.2
Sweden,2018,sweden_2018_27,2018-08-28,12,Novus,,kd,5.3,5.3
Sweden,2018,sweden_2018_28,2018-08-28,12,SKOP,,s,25.5,25.5
Sweden,2018,sweden_2018_28,2018-08-28,12,SKOP,,m,16.2,16.2
Sweden,2018,sweden_2018_28,2018-08-28,12,SKOP,,sd,20.3,20.3
Sweden,2018,sweden_2018_28,2018-08-28,12,SKOP,,mp,5.6,5.6
Sweden,2018,sweden_2018_28,2018-08-28,12,SKOP,,c,8.3,8.3
Sweden,2018,sweden_2018_28,2018-08-28,12,SKOP,,v,8.7,8.7
Sweden,2018,sweden_2018_28,2018-08-28,12,SKOP,,l,6.7,6.7
Sweden,2018,sweden_2018_28,2018-08-28,12,SKOP,,kd,5.8,5.8
Sweden,2018,sweden_2018_28,2018-08-28,12,SKOP,,fi,1.1,1.1
Sweden,2018,sweden_2018_29,2018-08-27,13,Sifo,,s,25.9,25.9
Sweden,2018,sweden_2018_29,2018-08-27,13,Sifo,,m,18.3,18.3
Sweden,2018,sweden_2018_29,2018-08-27,13,Sifo,,sd,18.8,18.8
Sweden,2018,sweden_2018_29,2018-08-27,13,Sifo,,mp,5.5,5.5
Sweden,2018,sweden_2018_29,2018-08-27,13,Sifo,,c,8.5,8.5
Sweden,2018,sweden_2018_29,2018-08-27,13,Sifo,,v,9.5,9.5
Sweden,2018,sweden_2018_29,2018-08-27,13,Sifo,,l,5.3,5.3
Sweden,2018,sweden_2018_29,2018-08-27,13,Sifo,,kd,6.1,6.1
Sweden,2018,sweden_2018_29,2018-08-27,13,Sifo,,fi,2.1,2.1
Sweden,2018,sweden_2018_30,2018-08-26,14,Inizio,,s,24.0,24.0
Sweden,2018,sweden_2018_30,2018-08-26,14,Inizio,,m,20.3,20.3
Sweden,2018,sweden_2018_30,2018-08-26,14,Inizio,,sd,18.7,18.7
Sweden,2018,sweden_2018_30,2018-08-26,14,Inizio,,mp,5.8,5.8
Sweden,2018,sweden_2018_30,2018-08-26,14,Inizio,,c,8.7,8.7
Sweden,2018,sweden_2018_30,2018-08-26,14,Inizio,,v,8.8,8.8
Sweden,2018,sweden_2018_30,2018-08-26,14,Inizio,,l,5.1,5.1
Sweden,2018,sweden_2018_30,2018-08-26,14,Inizio,,kd,5.7,5.7
Sweden,2018,sweden_2018_30,2018-08-26,14,Inizio,,fi,1.4,1.4
Sweden,2018,sweden_2018_31,2018-08-26,14,Sifo,,s,26.2,26.2
Sweden,2018,sweden_2018_31,2018-08-26,14,Sifo,,m,17.9,17.9
Sweden,2018,sweden_2018_31,2018-08-26,14,Sifo,,sd,18.5,18.5
Sweden,2018,sweden_2018_31,2018-08-26,14,Sifo,,mp,5.8,5.8
Sweden,2018,sweden_2018_31,2018-08-26,14,Sifo,,c,9.3,9.3
Sweden,2018,sweden_2018_31,2018-08-26,14,Sifo,,v,9.1,9.1
Sweden,2018,sweden_2018_31,2018-08-26,14,Sifo,,l,5.8,5.8
Sweden,2018,sweden_2018_31,2018-08-26,14,Sifo,,kd,5.5,5.5
Sweden,2018,sweden_2018_31,2018-08-26,14,Sifo,,fi,1.9,1.9
Sweden,2018,sweden_2018_32,2018-08-24,16,Ipsos,,s,26.3,26.3
Sweden,2018,sweden_2018_32,2018-08-24,16,Ipsos,,m,17.1,17.1
Sweden,2018,sweden_2018_32,2018-08-24,16,Ipsos,,sd,19.4,19.4
Sweden,2018,sweden_2018_32,2018-08-24,16,Ipsos,,mp,6.0,6.0
Sweden,2018,sweden_2018_32,2018-08-24,16,Ipsos,,c,8.8,8.8
Sweden,2018,sweden_2018_32,2018-08-24,16,Ipsos,,v,9.8,9.8
Sweden,2018,sweden_2018_32,2018-08-24,16,Ipsos,,l,5.4,5.4
Sweden,2018,sweden_2018_32,2018-08-24,16,Ipsos,,kd,4.6,4.6
Sweden,2018,sweden_2018_32,2018-08-24,16,Ipsos,,fi,2.6,2.6
Sweden,2018,sweden_2018_33,2018-08-23,17,Sifo,,s,25.4,25.4
Sweden,2018,sweden_2018_33,2018-08-23,17,Sifo,,m,17.6,17.6
Sweden,2018,sweden_2018_33,2018-08-23,17,Sifo,,sd,18.6,18.6
Sweden,2018,sweden_2018_33,2018-08-23,17,Sifo,,mp,6.1,6.1
Sweden,2018,sweden_2018_33,2018-08-23,17,Sifo,,c,10.3,10.3
Sweden,2018,sweden_2018_33,2018-08-23,17,Sifo,,v,9.5,9.5
Sweden,2018,sweden_2018_33,2018-08-23,17,Sifo,,l,5.9,5.9
Sweden,2018,sweden_2018_33,2018-08-23,17,Sifo,,kd,4.7,4.7
Sweden,2018,sweden_2018_33,2018-08-23,17,Sifo,,fi,1.9,1.9
Sweden,2018,sweden_2018_34,2018-08-22,18,SKOP,,s,24.5,24.5
Sweden,2018,sweden_2018_34,2018-08-22,18,SKOP,,m,17.1,17.1
Sweden,2018,sweden_2018_34,2018-08-22,18,SKOP,,sd,20.1,20.1
Sweden,2018,sweden_2018_34,2018-08-22,18,SKOP,,mp,5.8,5.8
Sweden,2018,sweden_2018_34,2018-08-22,18,SKOP,,c,8.2,8.2
Sweden,2018,sweden_2018_34,2018-08-22,18,SKOP,,v,9.2,9.2
Sweden,2018,sweden_2018_34,2018-08-22,18,SKOP,,l,6.3,6.3
Sweden,2018,sweden_2018_34,2018-08-22,18,SKOP,,kd,4.6,4.6
Sweden,2018,sweden_2018_34,2018-08-22,18,SKOP,,fi,1.7,1.7
Sweden,2018,sweden_2018_35,2018-08-21,19,Novus,,s,25.1,25.1
Sweden,2018,sweden_2018_35,2018-08-21,19,Novus,,m,19.3,19.3
Sweden,2018,sweden_2018_35,2018-08-21,19,Novus,,sd,19.2,19.2
Sweden,2018,sweden_2018_35,2018-08-21,19,Novus,,mp,6.2,6.2
Sweden,2018,sweden_2018_35,2018-08-21,19,Novus,,c,10.0,10.0
Sweden,2018,sweden_2018_35,2018-08-21,19,Novus,,v,8.7,8.7
Sweden,2018,sweden_2018_35,2018-08-21,19,Novus,,l,5.3,5.3
Sweden,2018,sweden_2018_35,2018-08-21,19,Novus,,kd,3.5,3.5
Sweden,2018,sweden_2018_35,2018-08-21,19,Novus,,fi,2.7,2.7
Sweden,2018,sweden_2018_36,2018-08-20,20,YouGov,,s,21.9,21.9
Sweden,2018,sweden_2018_36,2018-08-20,20,YouGov,,m,15.8,15.8
Sweden,2018,sweden_2018_36,2018-08-20,20,YouGov,,sd,24.2,24.2
Sweden,2018,sweden_2018_36,2018-08-20,20,YouGov,,mp,5.1,5.1
Sweden,2018,sweden_2018_36,2018-08-20,20,YouGov,,c,7.9,7.9
Sweden,2018,sweden_2018_36,2018-08-20,20,YouGov,,v,9.2,9.2
Sweden,2018,sweden_2018_36,2018-08-20,20,YouGov,,l,5.3,5.3
Sweden,2018,sweden_2018_36,2018-08-20,20,YouGov,,kd,3.8,3.8
Sweden,2018,sweden_2018_36,2018-08-20,20,YouGov,,fi,2.1,2.1
Sweden,2018,sweden_2018_37,2018-08-16,24,Sifo,,s,25.2,25.2
Sweden,2018,sweden_2018_37,2018-08-16,24,Sifo,,m,19.4,19.4
Sweden,2018,sweden_2018_37,2018-08-16,24,Sifo,,sd,18.7,18.7
Sweden,2018,sweden_2018_37,2018-08-16,24,Sifo,,mp,6.5,6.5
Sweden,2018,sweden_2018_37,2018-08-16,24,Sifo,,c,9.5,9.5
Sweden,2018,sweden_2018_37,2018-08-16,24,Sifo,,v,9.3,9.3
Sweden,2018,sweden_2018_37,2018-08-16,24,Sifo,,l,5.1,5.1
Sweden,2018,sweden_2018_37,2018-08-16,24,Sifo,,kd,4.2,4.2
Sweden,2018,sweden_2018_37,2018-08-16,24,Sifo,,fi,1.0,1.0
Sweden,2018,sweden_2018_38,2018-08-16,24,Inizio,,s,24.6,24.6
Sweden,2018,sweden_2018_38,2018-08-16,24,Inizio,,m,20.9,20.9
Sweden,2018,sweden_2018_38,2018-08-16,24,Inizio,,sd,18.8,18.8
Sweden,2018,sweden_2018_38,2018-08-16,24,Inizio,,mp,5.3,5.3
Sweden,2018,sweden_2018_38,2018-08-16,24,Inizio,,c,8.5,8.5
Sweden,2018,sweden_2018_38,2018-08-16,24,Inizio,,v,8.7,8.7
Sweden,2018,sweden_2018_38,2018-08-16,24,Inizio,,l,4.7,4.7
Sweden,2018,sweden_2018_38,2018-08-16,24,Inizio,,kd,5.2,5.2
Sweden,2018,sweden_2018_38,2018-08-16,24,Inizio,,fi,1.1,1.1
Sweden,2018,sweden_2018_39,2018-08-16,24,Ipsos,,s,24.9,24.9
Sweden,2018,sweden_2018_39,2018-08-16,24,Ipsos,,m,17.7,17.7
Sweden,2018,sweden_2018_39,2018-08-16,24,Ipsos,,sd,19.0,19.0
Sweden,2018,sweden_2018_39,2018-08-16,24,Ipsos,,mp,6.1,6.1
Sweden,2018,sweden_2018_39,2018-08-16,24,Ipsos,,c,10.1,10.1
Sweden,2018,sweden_2018_39,2018-08-16,24,Ipsos,,v,9.5,9.5
Sweden,2018,sweden_2018_39,2018-08-16,24,Ipsos,,l,5.9,5.9
Sweden,2018,sweden_2018_39,2018-08-16,24,Ipsos,,kd,4.0,4.0
Sweden,2018,sweden_2018_39,2018-08-16,24,Ipsos,,fi,1.0,1.0
Sweden,2018,sweden_2018_40,2018-08-15,25,Demoskop,,s,23.6,23.6
Sweden,2018,sweden_2018_40,2018-08-15,25,Demoskop,,m,19.7,19.7
Sweden,2018,sweden_2018_40,2018-08-15,25,Demoskop,,sd,19.6,19.6
Sweden,2018,sweden_2018_40,2018-08-15,25,Demoskop,,mp,6.5,6.5
Sweden,2018,sweden_2018_40,2018-08-15,25,Demoskop,,c,11.1,11.1
Sweden,2018,sweden_2018_40,2018-08-15,25,Demoskop,,v,8.8,8.8
Sweden,2018,sweden_2018_40,2018-08-15,25,Demoskop,,l,4.8,4.8
Sweden,2018,sweden_2018_40,2018-08-15,25,Demoskop,,kd,3.6,3.6
Sweden,2018,sweden_2018_40,2018-08-15,25,Demoskop,,fi,1.0,1.0
Sweden,2018,sweden_2018_41,2018-08-14,26,Sentio,,s,22.5,22.5
Sweden,2018,sweden_2018_41,2018-08-14,26,Sentio,,m,19.6,19.6
Sweden,2018,sweden_2018_41,2018-08-14,26,Sentio,,sd,21.8,21.8
Sweden,2018,sweden_2018_41,2018-08-14,26,Sentio,,mp,4.7,4.7
Sweden,2018,sweden_2018_41,2018-08-14,26,Sentio,,c,7.6,7.6
Sweden,2018,sweden_2018_41,2018-08-14,26,Sentio,,v,10.6,10.6
Sweden,2018,sweden_2018_41,2018-08-14,26,Sentio,,l,4.3,4.3
Sweden,2018,sweden_2018_41,2018-08-14,26,Sentio,,kd,3.8,3.8
Sweden,2018,sweden_2018_41,2018-08-14,26,Sentio,,fi,1.7,1.7
Sweden,2018,sweden_2018_42,2018-08-12,28,Novus,,s,24.2,24.2
Sweden,2018,sweden_2018_42,2018-08-12,28,Novus,,m,18.1,18.1
Sweden,2018,sweden_2018_42,2018-08-12,28,Novus,,sd,21.6,21.6
Sweden,2018,sweden_2018_42,2018-08-12,28,Novus,,mp,5.2,5.2
Sweden,2018,sweden_2018_42,2018-08-12,28,Novus,,c,9.6,9.6
Sweden,2018,sweden_2018_42,2018-08-12,28,Novus,,v,9.6,9.6
Sweden,2018,sweden_2018_42,2018-08-12,28,Novus,,l,5.9,5.9
Sweden,2018,sweden_2018_42,2018-08-12,28,Novus,,kd,3.0,3.0
Sweden,2018,sweden_2018_42,2018-08-12,28,Novus,,fi,1.2,1.2
Sweden,2018,sweden_2018_43,2018-08-09,31,Sifo,,s,25.8,25.8
Sweden,2018,sweden_2018_43,2018-08-09,31,Sifo,,m,20.3,20.3
Sweden,2018,sweden_2018_43,2018-08-09,31,Sifo,,sd,16.8,16.8
Sweden,2018,sweden_2018_43,2018-08-09,31,Sifo,,mp,5.6,5.6
Sweden,2018,sweden_2018_43,2018-08-09,31,Sifo,,c,10.3,10.3
Sweden,2018,sweden_2018_43,2018-08-09,31,Sifo,,v,9.2,9.2
Sweden,2018,sweden_2018_43,2018-08-09,31,Sifo,,l,6.0,6.0
Sweden,2018,sweden_2018_43,2018-08-09,31,Sifo,,kd,3.3,3.3
Sweden,2018,sweden_2018_43,2018-08-09,31,Sifo,,fi,1.5,1.5
Sweden,2018,sweden_2018_44,2018-08-02,38,Inizio,,s,24.9,24.9
Sweden,2018,sweden_2018_44,2018-08-02,38,Inizio,,m,20.4,20.4
Sweden,2018,sweden_2018_44,2018-08-02,38,Inizio,,sd,19.0,19.0
Sweden,2018,sweden_2018_44,2018-08-02,38,Inizio,,mp,4.8,4.8
Sweden,2018,sweden_2018_44,2018-08-02,38,Inizio,,c,9.5,9.5
Sweden,2018,sweden_2018_44,2018-08-02,38,Inizio,,v,8.7,8.7
Sweden,2018,sweden_2018_44,2018-08-02,38,Inizio,,l,4.4,4.4
Sweden,2018,sweden_2018_44,2018-08-02,38,Inizio,,kd,4.8,4.8
Sweden,2018,sweden_2018_44,2018-08-02,38,Inizio,,fi,1.5,1.5
Sweden,2018,sweden_2018_45,2018-08-01,39,Sentio,,s,21.1,21.1
Sweden,2018,sweden_2018_45,2018-08-01,39,Sentio,,m,19.1,19.1
Sweden,2018,sweden_2018_45,2018-08-01,39,Sentio,,sd,25.5,25.5
Sweden,2018,sweden_2018_45,2018-08-01,39,Sentio,,mp,3.9,3.9
Sweden,2018,sweden_2018_45,2018-08-01,39,Sentio,,c,6.9,6.9
Sweden,2018,sweden_2018_45,2018-08-01,39,Sentio,,v,12.6,12.6
Sweden,2018,sweden_2018_45,2018-08-01,39,Sentio,,l,4.6,4.6
Sweden,2018,sweden_2018_45,2018-08-01,39,Sentio,,kd,2.4,2.4
Sweden,2018,sweden_2018_45,2018-08-01,39,Sentio,,fi,1.2,1.2
Sweden,2018,sweden_2018_46,2018-07-22,49,Novus,,s,23.7,23.7
Sweden,2018,sweden_2018_46,2018-07-22,49,Novus,,m,19.6,19.6
Sweden,2018,sweden_2018_46,2018-07-22,49,Novus,,sd,21.6,21.6
Sweden,2018,sweden_2018_46,2018-07-22,49,Novus,,mp,5.7,5.7
Sweden,2018,sweden_2018_46,2018-07-22,49,Novus,,c,8.4,8.4
Sweden,2018,sweden_2018_46,2018-07-22,49,Novus,,v,10.1,10.1
Sweden,2018,sweden_2018_46,2018-07-22,49,Novus,,l,5.0,5.0
Sweden,2018,sweden_2018_46,2018-07-22,49,Novus,,kd,3.2,3.2
Sweden,2018,sweden_2018_46,2018-07-22,49,Novus,,fi,2.7,2.7
Sweden,2018,sweden_2018_47,2018-07-21,50,SKOP,,s,25.9,25.9
Sweden,2018,sweden_2018_47,2018-07-21,50,SKOP,,m,19.2,19.2
Sweden,2018,sweden_2018_47,2018-07-21,50,SKOP,,sd,20.7,20.7
Sweden,2018,sweden_2018_47,2018-07-21,50,SKOP,,mp,3.5,3.5
Sweden,2018,sweden_2018_47,2018-07-21,50,SKOP,,c,10.1,10.1
Sweden,2018,sweden_2018_47,2018-07-21,50,SKOP,,v,10.3,10.3
Sweden,2018,sweden_2018_47,2018-07-21,50,SKOP,,l,4.9,4.9
Sweden,2018,sweden_2018_47,2018-07-21,50,SKOP,,kd,3.3,3.3
Sweden,2018,sweden_2018_47,2018-07-21,50,SKOP,,fi,0.9,0.9
Sweden,2018,sweden_2018_48,2018-07-15,56,YouGov,,s,21.2,21.2
Sweden,2018,sweden_2018_48,2018-07-15,56,YouGov,,m,15.9,15.9
Sweden,2018,sweden_2018_48,2018-07-15,56,YouGov,,sd,25.7,25.7
Sweden,2018,sweden_2018_48,2018-07-15,56,YouGov,,mp,3.9,3.9
Sweden,2018,sweden_2018_48,2018-07-15,56,YouGov,,c,8.6,8.6
Sweden,2018,sweden_2018_48,2018-07-15,56,YouGov,,v,9.8,9.8
Sweden,2018,sweden_2018_48,2018-07-15,56,YouGov,,l,5.4,5.4
Sweden,2018,sweden_2018_48,2018-07-15,56,YouGov,,kd,3.8,3.8
Sweden,2018,sweden_2018_48,2018-07-15,56,YouGov,,fi,1.0,1.0
Sweden,2018,sweden_2018_49,2018-07-03,68,Sentio,,s,21.2,21.2
Sweden,2018,sweden_2018_49,2018-07-03,68,Sentio,,m,18.1,18.1
Sweden,2018,sweden_2018_49,2018-07-03,68,Sentio,,sd,25.6,25.6
Sweden,2018,sweden_2018_49,2018-07-03,68,Sentio,,mp,3.8,3.8
Sweden,2018,sweden_2018_49,2018-07-03,68,Sentio,,c,7.1,7.1
Sweden,2018,sweden_2018_49,2018-07-03,68,Sentio,,v,10.8,10.8
Sweden,2018,sweden_2018_49,2018-07-03,68,Sentio,,l,5.8,5.8
Sweden,2018,sweden_2018_49,2018-07-03,68,Sentio,,kd,4.0,4.0
Sweden,2018,sweden_2018_49,2018-07-03,68,Sentio,,fi,1.1,1.1
Sweden,2018,sweden_2018_50,2018-07-03,68,Demoskop,,s,25.9,25.9
Sweden,2018,sweden_2018_50,2018-07-03,68,Demoskop,,m,19.9,19.9
Sweden,2018,sweden_2018_50,2018-07-03,68,Demoskop,,sd,21.0,21.0
Sweden,2018,sweden_2018_50,2018-07-03,68,Demoskop,,mp,4.2,4.2
Sweden,2018,sweden_2018_50,2018-07-03,68,Demoskop,,c,9.8,9.8
Sweden,2018,sweden_2018_50,2018-07-03,68,Demoskop,,v,9.1,9.1
Sweden,2018,sweden_2018_50,2018-07-03,68,Demoskop,,l,4.3,4.3
Sweden,2018,sweden_2018_50,2018-07-03,68,Demoskop,,kd,2.5,2.5
Sweden,2018,sweden_2018_50,2018-07-03,68,Demoskop,,fi,1.9,1.9
Sweden,2018,sweden_2018_51,2018-06-26,75,Inizio,,s,23.9,23.9
Sweden,2018,sweden_2018_51,2018-06-26,75,Inizio,,m,20.6,20.6
Sweden,2018,sweden_2018_51,2018-06-26,75,Inizio,,sd,20.5,20.5
Sweden,2018,sweden_2018_51,2018-06-26,75,Inizio,,mp,3.9,3.9
Sweden,2018,sweden_2018_51,2018-06-26,75,Inizio,,c,9.5,9.5
Sweden,2018,sweden_2018_51,2018-06-26,75,Inizio,,v,8.9,8.9
Sweden,2018,sweden_2018_51,2018-06-26,75,Inizio,,l,5.1,5.1
Sweden,2018,sweden_2018_51,2018-06-26,75,Inizio,,kd,4.5,4.5
Sweden,2018,sweden_2018_51,2018-06-26,75,Inizio,,fi,1.4,1.4
Sweden,2018,sweden_2018_52,2018-06-24,77,Novus,,s,24.5,24.5
Sweden,2018,sweden_2018_52,2018-06-24,77,Novus,,m,19.8,19.8
Sweden,2018,sweden_2018_52,2018-06-24,77,Novus,,sd,22.4,22.4
Sweden,2018,sweden_2018_52,2018-06-24,77,Novus,,mp,4.7,4.7
Sweden,2018,sweden_2018_52,2018-06-24,77,Novus,,c,8.9,8.9
Sweden,2018,sweden_2018_52,2018-06-24,77,Novus,,v,9.0,9.0
Sweden,2018,sweden_2018_52,2018-06-24,77,Novus,,l,4.8,4.8
Sweden,2018,sweden_2018_52,2018-06-24,77,Novus,,kd,3.4,3.4
Sweden,2018,sweden_2018_52,2018-06-24,77,Novus,,fi,2.5,2.5
Sweden,2018,sweden_2018_53,2018-06-18,83,YouGov,,s,22.0,22.0
Sweden,2018,sweden_2018_53,2018-06-18,83,YouGov,,m,17.3,17.3
Sweden,2018,sweden_2018_53,2018-06-18,83,YouGov,,sd,28.5,28.5
Sweden,2018,sweden_2018_53,2018-06-18,83,YouGov,,mp,3.8,3.8
Sweden,2018,sweden_2018_53,2018-06-18,83,YouGov,,c,7.1,7.1
Sweden,2018,sweden_2018_53,2018-06-18,83,YouGov,,v,9.3,9.3
Sweden,2018,sweden_2018_53,2018-06-18,83,YouGov,,l,4.3,4.3
Sweden,2018,sweden_2018_53,2018-06-18,83,YouGov,,kd,3.1,3.1
Sweden,2018,sweden_2018_53,2018-06-18,83,YouGov,,fi,1.4,1.4
Sweden,2018,sweden_2018_54,2018-06-18,83,Ipsos,,s,24.1,24.1
Sweden,2018,sweden_2018_54,2018-06-18,83,Ipsos,,m,19.1,19.1
Sweden,2018,sweden_2018_54,2018-06-18,83,Ipsos,,sd,20.5,20.5
Sweden,2018,sweden_2018_54,2018-06-18,83,Ipsos,,mp,4.2,4.2
Sweden,2018,sweden_2018_54,2018-06-18,83,Ipsos,,c,9.5,9.5
Sweden,2018,sweden_2018_54,2018-06-18,83,Ipsos,,v,10.1,10.1
Sweden,2018,sweden_2018_54,2018-06-18,83,Ipsos,,l,6.2,6.2
Sweden,2018,sweden_2018_54,2018-06-18,83,Ipsos,,kd,2.7,2.7
Sweden,2018,sweden_2018_54,2018-06-18,83,Ipsos,,fi,2.1,2.1
Sweden,2018,sweden_2018_55,2018-06-18,83,SKOP,,s,26.3,26.3
Sweden,2018,sweden_2018_55,2018-06-18,83,SKOP,,m,22.9,22.9
Sweden,2018,sweden_2018_55,2018-06-18,83,SKOP,,sd,19.0,19.0
Sweden,2018,sweden_2018_55,2018-06-18,83,SKOP,,mp,4.5,4.5
Sweden,2018,sweden_2018_55,2018-06-18,83,SKOP,,c,9.0,9.0
Sweden,2018,sweden_2018_55,2018-06-18,83,SKOP,,v,7.6,7.6
Sweden,2018,sweden_2018_55,2018-06-18,83,SKOP,,l,4.5,4.5
Sweden,2018,sweden_2018_55,2018-06-18,83,SKOP,,kd,2.5,2.5
Sweden,2018,sweden_2018_55,2018-06-18,83,SKOP,,fi,1.7,1.7
Sweden,2018,sweden_2018_56,2018-06-14,87,Sifo,,s,26.1,26.1
Sweden,2018,sweden_2018_56,2018-06-14,87,Sifo,,m,20.6,20.6
Sweden,2018,sweden_2018_56,2018-06-14,87,Sifo,,sd,18.5,18.5
Sweden,2018,sweden_2018_56,2018-06-14,87,Sifo,,mp,4.0,4.0
Sweden,2018,sweden_2018_56,2018-06-14,87,Sifo,,c,10.8,10.8
Sweden,2018,sweden_2018_56,2018-06-14,87,Sifo,,v,9.8,9.8
Sweden,2018,sweden_2018_56,2018-06-14,87,Sifo,,l,4.9,4.9
Sweden,2018,sweden_2018_56,2018-06-14,87,Sifo,,kd,2.4,2.4
Sweden,2018,sweden_2018_56,2018-06-14,87,Sifo,,fi,1.5,1.5
Sweden,2018,sweden_2018_57,2018-06-06,95,Demoskop,,s,23.1,23.1
Sweden,2018,sweden_2018_57,2018-06-06,95,Demoskop,,m,19.9,19.9
Sweden,2018,sweden_2018_57,2018-06-06,95,Demoskop,,sd,21.0,21.0
Sweden,2018,sweden_2018_57,2018-06-06,95,Demoskop,,mp,4.9,4.9
Sweden,2018,sweden_2018_57,2018-06-06,95,Demoskop,,c,9.8,9.8
Sweden,2018,sweden_2018_57,2018-06-06,95,Demoskop,,v,8.3,8.3
Sweden,2018,sweden_2018_57,2018-06-06,95,Demoskop,,l,5.1,5.1
Sweden,2018,sweden_2018_57,2018-06-06,95,Demoskop,,kd,3.8,3.8
Sweden,2018,sweden_2018_57,2018-06-06,95,Demoskop,,fi,2.3,2.3
Sweden,2018,sweden_2018_58,2018-06-06,95,Novus,,s,23.8,23.8
Sweden,2018,sweden_2018_58,2018-06-06,95,Novus,,m,21.1,21.1
Sweden,2018,sweden_2018_58,2018-06-06,95,Novus,,sd,21.9,21.9
Sweden,2018,sweden_2018_58,2018-06-06,95,Novus,,mp,4.5,4.5
Sweden,2018,sweden_2018_58,2018-06-06,95,Novus,,c,8.9,8.9
Sweden,2018,sweden_2018_58,2018-06-06,95,Novus,,v,9.1,9.1
Sweden,2018,sweden_2018_58,2018-06-06,95,Novus,,l,4.6,4.6
Sweden,2018,sweden_2018_58,2018-06-06,95,Novus,,kd,2.9,2.9
Sweden,2018,sweden_2018_59,2018-06-05,96,Sentio,,s,21.7,21.7
Sweden,2018,sweden_2018_59,2018-06-05,96,Sentio,,m,17.1,17.1
Sweden,2018,sweden_2018_59,2018-06-05,96,Sentio,,sd,26.1,26.1
Sweden,2018,sweden_2018_59,2018-06-05,96,Sentio,,mp,4.8,4.8
Sweden,2018,sweden_2018_59,2018-06-05,96,Sentio,,c,7.2,7.2
Sweden,2018,sweden_2018_59,2018-06-05,96,Sentio,,v,9.7,9.7
Sweden,2018,sweden_2018_59,2018-06-05,96,Sentio,,l,7.0,7.0
Sweden,2018,sweden_2018_59,2018-06-05,96,Sentio,,kd,3.3,3.3
Sweden,2018,sweden_2018_59,2018-06-05,96,Sentio,,fi,0.6,0.6
Sweden,2018,sweden_2018_60,2018-05-30,102,Inizio,,s,24.5,24.5
Sweden,2018,sweden_2018_60,2018-05-30,102,Inizio,,m,22.0,22.0
Sweden,2018,sweden_2018_60,2018-05-30,102,Inizio,,sd,19.5,19.5
Sweden,2018,sweden_2018_60,2018-05-30,102,Inizio,,mp,3.9,3.9
Sweden,2018,sweden_2018_60,2018-05-30,102,Inizio,,c,9.5,9.5
Sweden,2018,sweden_2018_60,2018-05-30,102,Inizio,,v,8.2,8.2
Sweden,2018,sweden_2018_60,2018-05-30,102,Inizio,,l,4.3,4.3
Sweden,2018,sweden_2018_60,2018-05-30,102,Inizio,,kd,4.9,4.9
Sweden,2018,sweden_2018_60,2018-05-30,102,Inizio,,fi,1.5,1.5
Sweden,2018,sweden_2018_61,2018-05-29,103,SCB,,s,28.3,28.3
Sweden,2018,sweden_2018_61,2018-05-29,103,SCB,,m,22.6,22.6
Sweden,2018,sweden_2018_61,2018-05-29,103,SCB,,sd,18.5,18.5
Sweden,2018,sweden_2018_61,2018-05-29,103,SCB,,mp,4.3,4.3
Sweden,2018,sweden_2018_61,2018-05-29,103,SCB,,c,8.7,8.7
Sweden,2018,sweden_2018_61,2018-05-29,103,SCB,,v,7.4,7.4
Sweden,2018,sweden_2018_61,2018-05-29,103,SCB,,l,4.4,4.4
Sweden,2018,sweden_2018_61,2018-05-29,103,SCB,,kd,2.9,2.9
Sweden,2018,sweden_2018_62,2018-05-21,111,Ipsos,,s,24.0,24.0
Sweden,2018,sweden_2018_62,2018-05-21,111,Ipsos,,m,22.0,22.0
Sweden,2018,sweden_2018_62,2018-05-21,111,Ipsos,,sd,20.0,20.0
Sweden,2018,sweden_2018_62,2018-05-21,111,Ipsos,,mp,4.0,4.0
Sweden,2018,sweden_2018_62,2018-05-21,111,Ipsos,,c,9.0,9.0
Sweden,2018,sweden_2018_62,2018-05-21,111,Ipsos,,v,9.0,9.0
Sweden,2018,sweden_2018_62,2018-05-21,111,Ipsos,,l,5.0,5.0
Sweden,2018,sweden_2018_62,2018-05-21,111,Ipsos,,kd,4.0,4.0
Sweden,2018,sweden_2018_62,2018-05-21,111,Ipsos,,fi,2.0,2.0
Sweden,2018,sweden_2018_63,2018-05-17,115,Sifo,,s,25.2,25.2
Sweden,2018,sweden_2018_63,2018-05-17,115,Sifo,,m,23.6,23.6
Sweden,2018,sweden_2018_63,2018-05-17,115,Sifo,,sd,18.7,18.7
Sweden,2018,sweden_2018_63,2018-05-17,115,Sifo,,mp,4.0,4.0
Sweden,2018,sweden_2018_63,2018-05-17,115,Sifo,,c,8.1,8.1
Sweden,2018,sweden_2018_63,2018-05-17,115,Sifo,,v,9.3,9.3
Sweden,2018,sweden_2018_63,2018-05-17,115,Sifo,,l,4.8,4.8
Sweden,2018,sweden_2018_63,2018-05-17,115,Sifo,,kd,3.5,3.5
Sweden,2018,sweden_2018_63,2018-05-17,115,Sifo,,fi,1.6,1.6
Sweden,2018,sweden_2018_64,2018-05-14,118,YouGov,,s,23.0,23.0
Sweden,2018,sweden_2018_64,2018-05-14,118,YouGov,,m,18.3,18.3
Sweden,2018,sweden_2018_64,2018-05-14,118,YouGov,,sd,23.0,23.0
Sweden,2018,sweden_2018_64,2018-05-14,118,YouGov,,mp,3.6,3.6
Sweden,2018,sweden_2018_64,2018-05-14,118,YouGov,,c,10.1,10.1
Sweden,2018,sweden_2018_64,2018-05-14,118,YouGov,,v,9.0,9.0
Sweden,2018,sweden_2018_64,2018-05-14,118,YouGov,,l,4.2,4.2
Sweden,2018,sweden_2018_64,2018-05-14,118,YouGov,,kd,3.0,3.0
Sweden,2018,sweden_2018_64,2018-05-14,118,YouGov,,fi,1.8,1.8
Sweden,2018,sweden_2018_65,2018-05-13,119,Novus,,s,26.9,26.9
Sweden,2018,sweden_2018_65,2018-05-13,119,Novus,,m,20.6,20.6
Sweden,2018,sweden_2018_65,2018-05-13,119,Novus,,sd,19.2,19.2
Sweden,2018,sweden_2018_65,2018-05-13,119,Novus,,mp,4.3,4.3
Sweden,2018,sweden_2018_65,2018-05-13,119,Novus,,c,9.4,9.4
Sweden,2018,sweden_2018_65,2018-05-13,119,Novus,,v,8.4,8.4
Sweden,2018,sweden_2018_65,2018-05-13,119,Novus,,l,4.4,4.4
Sweden,2018,sweden_2018_65,2018-05-13,119,Novus,,kd,3.5,3.5
Sweden,2022,sweden_2022_0,2022-09-09,2,Sifo,,v,7.9,7.9
Sweden,2022,sweden_2022_0,2022-09-09,2,Sifo,,s,29.0,29.0
Sweden,2022,sweden_2022_0,2022-09-09,2,Sifo,,mp,6.4,6.4
Sweden,2022,sweden_2022_0,2022-09-09,2,Sifo,,c,6.6,6.6
Sweden,2022,sweden_2022_0,2022-09-09,2,Sifo,,l,6.0,6.0
Sweden,2022,sweden_2022_0,2022-09-09,2,Sifo,,m,16.2,16.2
Sweden,2022,sweden_2022_0,2022-09-09,2,Sifo,,kd,6.1,6.1
Sweden,2022,sweden_2022_0,2022-09-09,2,Sifo,,sd,20.7,20.7
Sweden,2022,sweden_2022_1,2022-09-07,4,Sifo,2414.0,v,7.4,7.4
Sweden,2022,sweden_2022_1,2022-09-07,4,Sifo,2414.0,s,29.5,29.5
Sweden,2022,sweden_2022_1,2022-09-07,4,Sifo,2414.0,mp,6.2,6.2
Sweden,2022,sweden_2022_1,2022-09-07,4,Sifo,2414.0,c,7.0,7.0
Sweden,2022,sweden_2022_1,2022-09-07,4,Sifo,2414.0,l,5.8,5.8
Sweden,2022,sweden_2022_1,2022-09-07,4,Sifo,2414.0,m,17.1,17.1
Sweden,2022,sweden_2022_1,2022-09-07,4,Sifo,2414.0,kd,6.1,6.1
Sweden,2022,sweden_2022_1,2022-09-07,4,Sifo,2414.0,sd,20.2,20.2
Sweden,2022,sweden_2022_2,2022-09-06,5,Novus,1500.0,v,8.0,8.0
Sweden,2022,sweden_2022_2,2022-09-06,5,Novus,1500.0,s,27.8,27.8
Sweden,2022,sweden_2022_2,2022-09-06,5,Novus,1500.0,mp,5.7,5.7
Sweden,2022,sweden_2022_2,2022-09-06,5,Novus,1500.0,c,8.6,8.6
Sweden,2022,sweden_2022_2,2022-09-06,5,Novus,1500.0,l,4.8,4.8
Sweden,2022,sweden_2022_2,2022-09-06,5,Novus,1500.0,m,17.3,17.3
Sweden,2022,sweden_2022_2,2022-09-06,5,Novus,1500.0,kd,5.9,5.9
Sweden,2022,sweden_2022_2,2022-09-06,5,Novus,1500.0,sd,20.6,20.6
Sweden,2022,sweden_2022_3,2022-09-06,5,Sifo,2230.0,v,7.0,7.0
Sweden,2022,sweden_2022_3,2022-09-06,5,Sifo,2230.0,s,30.1,30.1
Sweden,2022,sweden_2022_3,2022-09-06,5,Sifo,2230.0,mp,5.8,5.8
Sweden,2022,sweden_2022_3,2022-09-06,5,Sifo,2230.0,c,7.1,7.1
Sweden,2022,sweden_2022_3,2022-09-06,5,Sifo,2230.0,l,5.0,5.0
Sweden,2022,sweden_2022_3,2022-09-06,5,Sifo,2230.0,m,17.0,17.0
Sweden,2022,sweden_2022_3,2022-09-06,5,Sifo,2230.0,kd,6.2,6.2
Sweden,2022,sweden_2022_3,2022-09-06,5,Sifo,2230.0,sd,21.0,21.0
Sweden,2022,sweden_2022_4,2022-09-07,4,SKOP,1387.0,v,8.6,8.6
Sweden,2022,sweden_2022_4,2022-09-07,4,SKOP,1387.0,s,26.4,26.4
Sweden,2022,sweden_2022_4,2022-09-07,4,SKOP,1387.0,mp,7.9,7.9
Sweden,2022,sweden_2022_4,2022-09-07,4,SKOP,1387.0,c,6.5,6.5
Sweden,2022,sweden_2022_4,2022-09-07,4,SKOP,1387.0,l,6.8,6.8
Sweden,2022,sweden_2022_4,2022-09-07,4,SKOP,1387.0,m,16.2,16.2
Sweden,2022,sweden_2022_4,2022-09-07,4,SKOP,1387.0,kd,6.9,6.9
Sweden,2022,sweden_2022_4,2022-09-07,4,SKOP,1387.0,sd,19.8,19.8
Sweden,2022,sweden_2022_5,2022-09-06,5,SKOP,1406.0,v,7.7,7.7
Sweden,2022,sweden_2022_5,2022-09-06,5,SKOP,1406.0,s,27.9,27.9
Sweden,2022,sweden_2022_5,2022-09-06,5,SKOP,1406.0,mp,7.5,7.5
Sweden,2022,sweden_2022_5,2022-09-06,5,SKOP,1406.0,c,7.0,7.0
Sweden,2022,sweden_2022_5,2022-09-06,5,SKOP,1406.0,l,5.4,5.4
Sweden,2022,sweden_2022_5,2022-09-06,5,SKOP,1406.0,m,17.7,17.7
Sweden,2022,sweden_2022_5,2022-09-06,5,SKOP,1406.0,kd,6.3,6.3
Sweden,2022,sweden_2022_5,2022-09-06,5,SKOP,1406.0,sd,19.7,19.7
Sweden,2022,sweden_2022_6,2022-09-05,6,Novus,1500.0,v,7.5,7.5
Sweden,2022,sweden_2022_6,2022-09-05,6,Novus,1500.0,s,28.7,28.7
Sweden,2022,sweden_2022_6,2022-09-05,6,Novus,1500.0,mp,5.6,5.6
Sweden,2022,sweden_2022_6,2022-09-05,6,Novus,1500.0,c,8.8,8.8
Sweden,2022,sweden_2022_6,2022-09-05,6,Novus,1500.0,l,4.4,4.4
Sweden,2022,sweden_2022_6,2022-09-05,6,Novus,1500.0,m,17.9,17.9
Sweden,2022,sweden_2022_6,2022-09-05,6,Novus,1500.0,kd,6.1,6.1
Sweden,2022,sweden_2022_6,2022-09-05,6,Novus,1500.0,sd,19.9,19.9
Sweden,2022,sweden_2022_7,2022-09-05,6,SKOP,1122.0,v,7.7,7.7
Sweden,2022,sweden_2022_7,2022-09-05,6,SKOP,1122.0,s,27.7,27.7
Sweden,2022,sweden_2022_7,2022-09-05,6,SKOP,1122.0,mp,8.1,8.1
Sweden,2022,sweden_2022_7,2022-09-05,6,SKOP,1122.0,c,7.4,7.4
Sweden,2022,sweden_2022_7,2022-09-05,6,SKOP,1122.0,l,5.5,5.5
Sweden,2022,sweden_2022_7,2022-09-05,6,SKOP,1122.0,m,18.6,18.6
Sweden,2022,sweden_2022_7,2022-09-05,6,SKOP,1122.0,kd,6.0,6.0
Sweden,2022,sweden_2022_7,2022-09-05,6,SKOP,1122.0,sd,18.1,18.1
Sweden,2022,sweden_2022_8,2022-09-04,7,Sifo,1999.0,v,6.9,6.9
Sweden,2022,sweden_2022_8,2022-09-04,7,Sifo,1999.0,s,30.0,30.0
Sweden,2022,sweden_2022_8,2022-09-04,7,Sifo,1999.0,mp,5.7,5.7
Sweden,2022,sweden_2022_8,2022-09-04,7,Sifo,1999.0,c,7.7,7.7
Sweden,2022,sweden_2022_8,2022-09-04,7,Sifo,1999.0,l,4.7,4.7
Sweden,2022,sweden_2022_8,2022-09-04,7,Sifo,1999.0,m,18.6,18.6
Sweden,2022,sweden_2022_8,2022-09-04,7,Sifo,1999.0,kd,5.5,5.5
Sweden,2022,sweden_2022_8,2022-09-04,7,Sifo,1999.0,sd,20.0,20.0
Sweden,2022,sweden_2022_9,2022-09-04,7,Novus,1500.0,v,8.0,8.0
Sweden,2022,sweden_2022_9,2022-09-04,7,Novus,1500.0,s,28.9,28.9
Sweden,2022,sweden_2022_9,2022-09-04,7,Novus,1500.0,mp,5.5,5.5
Sweden,2022,sweden_2022_9,2022-09-04,7,Novus,1500.0,c,8.8,8.8
Sweden,2022,sweden_2022_9,2022-09-04,7,Novus,1500.0,l,4.2,4.2
Sweden,2022,sweden_2022_9,2022-09-04,7,Novus,1500.0,m,17.4,17.4
Sweden,2022,sweden_2022_9,2022-09-04,7,Novus,1500.0,kd,6.6,6.6
Sweden,2022,sweden_2022_9,2022-09-04,7,Novus,1500.0,sd,20.0,20.0
Sweden,2022,sweden_2022_10,2022-09-04,7,Sifo,1942.0,v,7.5,7.5
Sweden,2022,sweden_2022_10,2022-09-04,7,Sifo,1942.0,s,29.4,29.4
Sweden,2022,sweden_2022_10,2022-09-04,7,Sifo,1942.0,mp,5.1,5.1
Sweden,2022,sweden_2022_10,2022-09-04,7,Sifo,1942.0,c,8.2,8.2
Sweden,2022,sweden_2022_10,2022-09-04,7,Sifo,1942.0,l,5.1,5.1
Sweden,2022,sweden_2022_10,2022-09-04,7,Sifo,1942.0,m,17.6,17.6
Sweden,2022,sweden_2022_10,2022-09-04,7,Sifo,1942.0,kd,6.2,6.2
Sweden,2022,sweden_2022_10,2022-09-04,7,Sifo,1942.0,sd,19.6,19.6
Sweden,2022,sweden_2022_11,2022-09-06,5,Ipsos,1730.0,v,8.4,8.4
Sweden,2022,sweden_2022_11,2022-09-06,5,Ipsos,1730.0,s,28.4,28.4
Sweden,2022,sweden_2022_11,2022-09-06,5,Ipsos,1730.0,mp,5.3,5.3
Sweden,2022,sweden_2022_11,2022-09-06,5,Ipsos,1730.0,c,7.6,7.6
Sweden,2022,sweden_2022_11,2022-09-06,5,Ipsos,1730.0,l,4.2,4.2
Sweden,2022,sweden_2022_11,2022-09-06,5,Ipsos,1730.0,m,18.2,18.2
Sweden,2022,sweden_2022_11,2022-09-06,5,Ipsos,1730.0,kd,6.2,6.2
Sweden,2022,sweden_2022_11,2022-09-06,5,Ipsos,1730.0,sd,20.4,20.4
Sweden,2022,sweden_2022_12,2022-09-04,7,SKOP,1154.0,v,7.2,7.2
Sweden,2022,sweden_2022_12,2022-09-04,7,SKOP,1154.0,s,30.0,30.0
Sweden,2022,sweden_2022_12,2022-09-04,7,SKOP,1154.0,mp,7.8,7.8
Sweden,2022,sweden_2022_12,2022-09-04,7,SKOP,1154.0,c,7.5,7.5
Sweden,2022,sweden_2022_12,2022-09-04,7,SKOP,1154.0,l,4.8,4.8
Sweden,2022,sweden_2022_12,2022-09-04,7,SKOP,1154.0,m,17.6,17.6
Sweden,2022,sweden_2022_12,2022-09-04,7,SKOP,1154.0,kd,5.9,5.9
Sweden,2022,sweden_2022_12,2022-09-04,7,SKOP,1154.0,sd,18.8,18.8
Sweden,2022,sweden_2022_13,2022-09-03,8,Sifo,1883.0,v,7.7,7.7
Sweden,2022,sweden_2022_13,2022-09-03,8,Sifo,1883.0,s,28.5,28.5
Sweden,2022,sweden_2022_13,2022-09-03,8,Sifo,1883.0,mp,4.8,4.8
Sweden,2022,sweden_2022_13,2022-09-03,8,Sifo,1883.0,c,7.6,7.6
Sweden,2022,sweden_2022_13,2022-09-03,8,Sifo,1883.0,l,5.9,5.9
Sweden,2022,sweden_2022_13,2022-09-03,8,Sifo,1883.0,m,18.1,18.1
Sweden,2022,sweden_2022_13,2022-09-03,8,Sifo,1883.0,kd,6.2,6.2
Sweden,2022,sweden_2022_13,2022-09-03,8,Sifo,1883.0,sd,19.4,19.4
Sweden,2022,sweden_2022_14,2022-09-03,8,Novus,1500.0,v,8.2,8.2
Sweden,2022,sweden_2022_14,2022-09-03,8,Novus,1500.0,s,29.8,29.8
Sweden,2022,sweden_2022_14,2022-09-03,8,Novus,1500.0,mp,4.8,4.8
Sweden,2022,sweden_2022_14,2022-09-03,8,Novus,1500.0,c,7.5,7.5
Sweden,2022,sweden_2022_14,2022-09-03,8,Novus,1500.0,l,4.3,4.3
Sweden,2022,sweden_2022_14,2022-09-03,8,Novus,1500.0,m,18.1,18.1
Sweden,2022,sweden_2022_14,2022-09-03,8,Novus,1500.0,kd,6.8,6.8
Sweden,2022,sweden_2022_14,2022-09-03,8,Novus,1500.0,sd,19.8,19.8
Sweden,2022,sweden_2022_15,2022-09-07,4,Infostat,,v,7.8,7.8
Sweden,2022,sweden_2022_15,2022-09-07,4,Infostat,,s,28.7,28.7
Sweden,2022,sweden_2022_15,2022-09-07,4,Infostat,,mp,4.8,4.8
Sweden,2022,sweden_2022_15,2022-09-07,4,Infostat,,c,7.5,7.5
Sweden,2022,sweden_2022_15,2022-09-07,4,Infostat,,l,4.9,4.9
Sweden,2022,sweden_2022_15,2022-09-07,4,Infostat,,m,18.0,18.0
Sweden,2022,sweden_2022_15,2022-09-07,4,Infostat,,kd,5.9,5.9
Sweden,2022,sweden_2022_15,2022-09-07,4,Infostat,,sd,20.6,20.6
Sweden,2022,sweden_2022_16,2022-09-04,7,Demoskop,2163.0,v,8.3,8.3
Sweden,2022,sweden_2022_16,2022-09-04,7,Demoskop,2163.0,s,29.2,29.2
Sweden,2022,sweden_2022_16,2022-09-04,7,Demoskop,2163.0,mp,4.3,4.3
Sweden,2022,sweden_2022_16,2022-09-04,7,Demoskop,2163.0,c,8.1,8.1
Sweden,2022,sweden_2022_16,2022-09-04,7,Demoskop,2163.0,l,5.3,5.3
Sweden,2022,sweden_2022_16,2022-09-04,7,Demoskop,2163.0,m,18.3,18.3
Sweden,2022,sweden_2022_16,2022-09-04,7,Demoskop,2163.0,kd,5.3,5.3
Sweden,2022,sweden_2022_16,2022-09-04,7,Demoskop,2163.0,sd,20.5,20.5
Sweden,2022,sweden_2022_17,2022-09-03,8,SKOP,1161.0,v,7.3,7.3
Sweden,2022,sweden_2022_17,2022-09-03,8,SKOP,1161.0,s,31.1,31.1
Sweden,2022,sweden_2022_17,2022-09-03,8,SKOP,1161.0,mp,7.6,7.6
Sweden,2022,sweden_2022_17,2022-09-03,8,SKOP,1161.0,c,8.3,8.3
Sweden,2022,sweden_2022_17,2022-09-03,8,SKOP,1161.0,l,5.4,5.4
Sweden,2022,sweden_2022_17,2022-09-03,8,SKOP,1161.0,m,16.6,16.6
Sweden,2022,sweden_2022_17,2022-09-03,8,SKOP,1161.0,kd,5.4,5.4
Sweden,2022,sweden_2022_17,2022-09-03,8,SKOP,1161.0,sd,18.0,18.0
Sweden,2022,sweden_2022_18,2022-09-02,9,Sifo,1889.0,v,7.4,7.4
Sweden,2022,sweden_2022_18,2022-09-02,9,Sifo,1889.0,s,28.5,28.5
Sweden,2022,sweden_2022_18,2022-09-02,9,Sifo,1889.0,mp,4.8,4.8
Sweden,2022,sweden_2022_18,2022-09-02,9,Sifo,1889.0,c,7.8,7.8
Sweden,2022,sweden_2022_18,2022-09-02,9,Sifo,1889.0,l,5.8,5.8
Sweden,2022,sweden_2022_18,2022-09-02,9,Sifo,1889.0,m,17.3,17.3
Sweden,2022,sweden_2022_18,2022-09-02,9,Sifo,1889.0,kd,6.6,6.6
Sweden,2022,sweden_2022_18,2022-09-02,9,Sifo,1889.0,sd,20.1,20.1
Sweden,2022,sweden_2022_19,2022-09-02,9,Novus,1500.0,v,8.5,8.5
Sweden,2022,sweden_2022_19,2022-09-02,9,Novus,1500.0,s,28.7,28.7
Sweden,2022,sweden_2022_19,2022-09-02,9,Novus,1500.0,mp,4.9,4.9
Sweden,2022,sweden_2022_19,2022-09-02,9,Novus,1500.0,c,7.0,7.0
Sweden,2022,sweden_2022_19,2022-09-02,9,Novus,1500.0,l,4.4,4.4
Sweden,2022,sweden_2022_19,2022-09-02,9,Novus,1500.0,m,17.6,17.6
Sweden,2022,sweden_2022_19,2022-09-02,9,Novus,1500.0,kd,7.1,7.1
Sweden,2022,sweden_2022_19,2022-09-02,9,Novus,1500.0,sd,21.0,21.0
Sweden,2022,sweden_2022_20,2022-09-02,9,SKOP,1228.0,v,8.1,8.1
Sweden,2022,sweden_2022_20,2022-09-02,9,SKOP,1228.0,s,30.9,30.9
Sweden,2022,sweden_2022_20,2022-09-02,9,SKOP,1228.0,mp,6.6,6.6
Sweden,2022,sweden_2022_20,2022-09-02,9,SKOP,1228.0,c,8.1,8.1
Sweden,2022,sweden_2022_20,2022-09-02,9,SKOP,1228.0,l,5.5,5.5
Sweden,2022,sweden_2022_20,2022-09-02,9,SKOP,1228.0,m,16.2,16.2
Sweden,2022,sweden_2022_20,2022-09-02,9,SKOP,1228.0,kd,5.1,5.1
Sweden,2022,sweden_2022_20,2022-09-02,9,SKOP,1228.0,sd,18.8,18.8
Sweden,2022,sweden_2022_21,2022-09-01,10,Novus,1500.0,v,8.8,8.8
Sweden,2022,sweden_2022_21,2022-09-01,10,Novus,1500.0,s,26.5,26.5
Sweden,2022,sweden_2022_21,2022-09-01,10,Novus,1500.0,mp,5.4,5.4
Sweden,2022,sweden_2022_21,2022-09-01,10,Novus,1500.0,c,6.7,6.7
Sweden,2022,sweden_2022_21,2022-09-01,10,Novus,1500.0,l,5.1,5.1
Sweden,2022,sweden_2022_21,2022-09-01,10,Novus,1500.0,m,18.7,18.7
Sweden,2022,sweden_2022_21,2022-09-01,10,Novus,1500.0,kd,7.1,7.1
Sweden,2022,sweden_2022_21,2022-09-01,10,Novus,1500.0,sd,20.9,20.9
Sweden,2022,sweden_2022_22,2022-09-01,10,Sifo,1706.0,v,7.6,7.6
Sweden,2022,sweden_2022_22,2022-09-01,10,Sifo,1706.0,s,29.0,29.0
Sweden,2022,sweden_2022_22,2022-09-01,10,Sifo,1706.0,mp,4.9,4.9
Sweden,2022,sweden_2022_22,2022-09-01,10,Sifo,1706.0,c,7.5,7.5
Sweden,2022,sweden_2022_22,2022-09-01,10,Sifo,1706.0,l,6.2,6.2
Sweden,2022,sweden_2022_22,2022-09-01,10,Sifo,1706.0,m,16.8,16.8
Sweden,2022,sweden_2022_22,2022-09-01,10,Sifo,1706.0,kd,6.3,6.3
Sweden,2022,sweden_2022_22,2022-09-01,10,Sifo,1706.0,sd,20.0,20.0
Sweden,2022,sweden_2022_23,2022-09-01,10,SKOP,1192.0,v,8.8,8.8
Sweden,2022,sweden_2022_23,2022-09-01,10,SKOP,1192.0,s,30.4,30.4
Sweden,2022,sweden_2022_23,2022-09-01,10,SKOP,1192.0,mp,5.7,5.7
Sweden,2022,sweden_2022_23,2022-09-01,10,SKOP,1192.0,c,8.0,8.0
Sweden,2022,sweden_2022_23,2022-09-01,10,SKOP,1192.0,l,7.4,7.4
Sweden,2022,sweden_2022_23,2022-09-01,10,SKOP,1192.0,m,14.8,14.8
Sweden,2022,sweden_2022_23,2022-09-01,10,SKOP,1192.0,kd,5.6,5.6
Sweden,2022,sweden_2022_23,2022-09-01,10,SKOP,1192.0,sd,18.4,18.4
Sweden,2022,sweden_2022_24,2022-08-31,11,Novus,1500.0,v,8.4,8.4
Sweden,2022,sweden_2022_24,2022-08-31,11,Novus,1500.0,s,26.6,26.6
Sweden,2022,sweden_2022_24,2022-08-31,11,Novus,1500.0,mp,5.9,5.9
Sweden,2022,sweden_2022_24,2022-08-31,11,Novus,1500.0,c,6.8,6.8
Sweden,2022,sweden_2022_24,2022-08-31,11,Novus,1500.0,l,5.3,5.3
Sweden,2022,sweden_2022_24,2022-08-31,11,Novus,1500.0,m,18.9,18.9
Sweden,2022,sweden_2022_24,2022-08-31,11,Novus,1500.0,kd,7.2,7.2
Sweden,2022,sweden_2022_24,2022-08-31,11,Novus,1500.0,sd,20.0,20.0
Sweden,2022,sweden_2022_25,2022-08-31,11,Sifo,1967.0,v,8.0,8.0
Sweden,2022,sweden_2022_25,2022-08-31,11,Sifo,1967.0,s,29.7,29.7
Sweden,2022,sweden_2022_25,2022-08-31,11,Sifo,1967.0,mp,4.8,4.8
Sweden,2022,sweden_2022_25,2022-08-31,11,Sifo,1967.0,c,7.3,7.3
Sweden,2022,sweden_2022_25,2022-08-31,11,Sifo,1967.0,l,6.2,6.2
Sweden,2022,sweden_2022_25,2022-08-31,11,Sifo,1967.0,m,16.1,16.1
Sweden,2022,sweden_2022_25,2022-08-31,11,Sifo,1967.0,kd,5.7,5.7
Sweden,2022,sweden_2022_25,2022-08-31,11,Sifo,1967.0,sd,20.6,20.6
Sweden,2022,sweden_2022_26,2022-08-31,11,SKOP,1180.0,v,8.1,8.1
Sweden,2022,sweden_2022_26,2022-08-31,11,SKOP,1180.0,s,28.7,28.7
Sweden,2022,sweden_2022_26,2022-08-31,11,SKOP,1180.0,mp,5.8,5.8
Sweden,2022,sweden_2022_26,2022-08-31,11,SKOP,1180.0,c,8.3,8.3
Sweden,2022,sweden_2022_26,2022-08-31,11,SKOP,1180.0,l,6.7,6.7
Sweden,2022,sweden_2022_26,2022-08-31,11,SKOP,1180.0,m,16.0,16.0
Sweden,2022,sweden_2022_26,2022-08-31,11,SKOP,1180.0,kd,6.1,6.1
Sweden,2022,sweden_2022_26,2022-08-31,11,SKOP,1180.0,sd,18.8,18.8
Sweden,2022,sweden_2022_27,2022-08-30,12,Ipsos,,v,8.7,8.7
Sweden,2022,sweden_2022_27,2022-08-30,12,Ipsos,,s,28.3,28.3
Sweden,2022,sweden_2022_27,2022-08-30,12,Ipsos,,mp,5.7,5.7
Sweden,2022,sweden_2022_27,2022-08-30,12,Ipsos,,c,6.1,6.1
Sweden,2022,sweden_2022_27,2022-08-30,12,Ipsos,,l,4.8,4.8
Sweden,2022,sweden_2022_27,2022-08-30,12,Ipsos,,m,16.8,16.8
Sweden,2022,sweden_2022_27,2022-08-30,12,Ipsos,,kd,6.1,6.1
Sweden,2022,sweden_2022_27,2022-08-30,12,Ipsos,,sd,22.2,22.2
Sweden,2022,sweden_2022_28,2022-08-30,12,Sifo,2002.0,v,8.2,8.2
Sweden,2022,sweden_2022_28,2022-08-30,12,Sifo,2002.0,s,31.1,31.1
Sweden,2022,sweden_2022_28,2022-08-30,12,Sifo,2002.0,mp,4.7,4.7
Sweden,2022,sweden_2022_28,2022-08-30,12,Sifo,2002.0,c,6.4,6.4
Sweden,2022,sweden_2022_28,2022-08-30,12,Sifo,2002.0,l,6.8,6.8
Sweden,2022,sweden_2022_28,2022-08-30,12,Sifo,2002.0,m,15.9,15.9
Sweden,2022,sweden_2022_28,2022-08-30,12,Sifo,2002.0,kd,5.7,5.7
Sweden,2022,sweden_2022_28,2022-08-30,12,Sifo,2002.0,sd,19.6,19.6
Sweden,2022,sweden_2022_29,2022-08-30,12,Novus,1500.0,v,7.8,7.8
Sweden,2022,sweden_2022_29,2022-08-30,12,Novus,1500.0,s,28.1,28.1
Sweden,2022,sweden_2022_29,2022-08-30,12,Novus,1500.0,mp,5.9,5.9
Sweden,2022,sweden_2022_29,2022-08-30,12,Novus,1500.0,c,7.3,7.3
Sweden,2022,sweden_2022_29,2022-08-30,12,Novus,1500.0,l,5.6,5.6
Sweden,2022,sweden_2022_29,2022-08-30,12,Novus,1500.0,m,18.3,18.3
Sweden,2022,sweden_2022_29,2022-08-30,12,Novus,1500.0,kd,6.6,6.6
Sweden,2022,sweden_2022_29,2022-08-30,12,Novus,1500.0,sd,19.5,19.5
Sweden,2022,sweden_2022_30,2022-08-30,12,SKOP,1194.0,v,7.2,7.2
Sweden,2022,sweden_2022_30,2022-08-30,12,SKOP,1194.0,s,27.6,27.6
Sweden,2022,sweden_2022_30,2022-08-30,12,SKOP,1194.0,mp,5.9,5.9
Sweden,2022,sweden_2022_30,2022-08-30,12,SKOP,1194.0,c,6.7,6.7
Sweden,2022,sweden_2022_30,2022-08-30,12,SKOP,1194.0,l,7.0,7.0
Sweden,2022,sweden_2022_30,2022-08-30,12,SKOP,1194.0,m,18.3,18.3
Sweden,2022,sweden_2022_30,2022-08-30,12,SKOP,1194.0,kd,6.6,6.6
Sweden,2022,sweden_2022_30,2022-08-30,12,SKOP,1194.0,sd,19.6,19.6
Sweden,2022,sweden_2022_31,2022-08-29,13,Sifo,2002.0,v,7.9,7.9
Sweden,2022,sweden_2022_31,2022-08-29,13,Sifo,2002.0,s,30.4,30.4
Sweden,2022,sweden_2022_31,2022-08-29,13,Sifo,2002.0,mp,5.2,5.2
Sweden,2022,sweden_2022_31,2022-08-29,13,Sifo,2002.0,c,6.6,6.6
Sweden,2022,sweden_2022_31,2022-08-29,13,Sifo,2002.0,l,6.4,6.4
Sweden,2022,sweden_2022_31,2022-08-29,13,Sifo,2002.0,m,16.4,16.4
Sweden,2022,sweden_2022_31,2022-08-29,13,Sifo,2002.0,kd,5.3,5.3
Sweden,2022,sweden_2022_31,2022-08-29,13,Sifo,2002.0,sd,20.9,20.9
Sweden,2022,sweden_2022_32,2022-08-29,13,Novus,1500.0,v,7.5,7.5
Sweden,2022,sweden_2022_32,2022-08-29,13,Novus,1500.0,s,29.8,29.8
Sweden,2022,sweden_2022_32,2022-08-29,13,Novus,1500.0,mp,5.6,5.6
Sweden,2022,sweden_2022_32,2022-08-29,13,Novus,1500.0,c,7.7,7.7
Sweden,2022,sweden_2022_32,2022-08-29,13,Novus,1500.0,l,5.2,5.2
Sweden,2022,sweden_2022_32,2022-08-29,13,Novus,1500.0,m,15.6,15.6
Sweden,2022,sweden_2022_32,2022-08-29,13,Novus,1500.0,kd,6.4,6.4
Sweden,2022,sweden_2022_32,2022-08-29,13,Novus,1500.0,sd,20.9,20.9
Sweden,2022,sweden_2022_33,2022-08-29,13,Sentio,,v,9.6,9.6
Sweden,2022,sweden_2022_33,2022-08-29,13,Sentio,,s,24.1,24.1
Sweden,2022,sweden_2022_33,2022-08-29,13,Sentio,,mp,4.4,4.4
Sweden,2022,sweden_2022_33,2022-08-29,13,Sentio,,c,5.8,5.8
Sweden,2022,sweden_2022_33,2022-08-29,13,Sentio,,l,4.0,4.0
Sweden,2022,sweden_2022_33,2022-08-29,13,Sentio,,m,18.7,18.7
Sweden,2022,sweden_2022_33,2022-08-29,13,Sentio,,kd,6.9,6.9
Sweden,2022,sweden_2022_33,2022-08-29,13,Sentio,,sd,24.4,24.4
Sweden,2022,sweden_2022_34,2022-08-29,13,SKOP,1071.0,v,8.7,8.7
Sweden,2022,sweden_2022_34,2022-08-29,13,SKOP,1071.0,s,26.9,26.9
Sweden,2022,sweden_2022_34,2022-08-29,13,SKOP,1071.0,mp,5.9,5.9
Sweden,2022,sweden_2022_34,2022-08-29,13,SKOP,1071.0,c,7.2,7.2
Sweden,2022,sweden_2022_34,2022-08-29,13,SKOP,1071.0,l,6.5,6.5
Sweden,2022,sweden_2022_34,2022-08-29,13,SKOP,1071.0,m,18.2,18.2
Sweden,2022,sweden_2022_34,2022-08-29,13,SKOP,1071.0,kd,6.6,6.6
Sweden,2022,sweden_2022_34,2022-08-29,13,SKOP,1071.0,sd,18.8,18.8
Sweden,2022,sweden_2022_35,2022-08-29,13,Demoskop,2216.0,v,7.8,7.8
Sweden,2022,sweden_2022_35,2022-08-29,13,Demoskop,2216.0,s,29.6,29.6
Sweden,2022,sweden_2022_35,2022-08-29,13,Demoskop,2216.0,mp,5.3,5.3
Sweden,2022,sweden_2022_35,2022-08-29,13,Demoskop,2216.0,c,7.5,7.5
Sweden,2022,sweden_2022_35,2022-08-29,13,Demoskop,2216.0,l,4.6,4.6
Sweden,2022,sweden_2022_35,2022-08-29,13,Demoskop,2216.0,m,18.0,18.0
Sweden,2022,sweden_2022_35,2022-08-29,13,Demoskop,2216.0,kd,5.4,5.4
Sweden,2022,sweden_2022_35,2022-08-29,13,Demoskop,2216.0,sd,20.6,20.6
Sweden,2022,sweden_2022_36,2022-08-28,14,Sifo,1821.0,v,7.7,7.7
Sweden,2022,sweden_2022_36,2022-08-28,14,Sifo,1821.0,s,30.9,30.9
Sweden,2022,sweden_2022_36,2022-08-28,14,Sifo,1821.0,mp,5.3,5.3
Sweden,2022,sweden_2022_36,2022-08-28,14,Sifo,1821.0,c,6.4,6.4
Sweden,2022,sweden_2022_36,2022-08-28,14,Sifo,1821.0,l,5.8,5.8
Sweden,2022,sweden_2022_36,2022-08-28,14,Sifo,1821.0,m,18.5,18.5
Sweden,2022,sweden_2022_36,2022-08-28,14,Sifo,1821.0,kd,5.0,5.0
Sweden,2022,sweden_2022_36,2022-08-28,14,Sifo,1821.0,sd,19.4,19.4
Sweden,2022,sweden_2022_37,2022-08-28,14,Novus,1500.0,v,7.9,7.9
Sweden,2022,sweden_2022_37,2022-08-28,14,Novus,1500.0,s,30.3,30.3
Sweden,2022,sweden_2022_37,2022-08-28,14,Novus,1500.0,mp,5.0,5.0
Sweden,2022,sweden_2022_37,2022-08-28,14,Novus,1500.0,c,8.0,8.0
Sweden,2022,sweden_2022_37,2022-08-28,14,Novus,1500.0,l,4.5,4.5
Sweden,2022,sweden_2022_37,2022-08-28,14,Novus,1500.0,m,15.8,15.8
Sweden,2022,sweden_2022_37,2022-08-28,14,Novus,1500.0,kd,6.4,6.4
Sweden,2022,sweden_2022_37,2022-08-28,14,Novus,1500.0,sd,20.6,20.6
Sweden,2022,sweden_2022_38,2022-08-28,14,SKOP,1349.0,v,8.7,8.7
Sweden,2022,sweden_2022_38,2022-08-28,14,SKOP,1349.0,s,27.2,27.2
Sweden,2022,sweden_2022_38,2022-08-28,14,SKOP,1349.0,mp,5.3,5.3
Sweden,2022,sweden_2022_38,2022-08-28,14,SKOP,1349.0,c,8.2,8.2
Sweden,2022,sweden_2022_38,2022-08-28,14,SKOP,1349.0,l,6.1,6.1
Sweden,2022,sweden_2022_38,2022-08-28,14,SKOP,1349.0,m,18.5,18.5
Sweden,2022,sweden_2022_38,2022-08-28,14,SKOP,1349.0,kd,6.7,6.7
Sweden,2022,sweden_2022_38,2022-08-28,14,SKOP,1349.0,sd,18.6,18.6
Sweden,2022,sweden_2022_39,2022-08-27,15,Sifo,1932.0,v,7.1,7.1
Sweden,2022,sweden_2022_39,2022-08-27,15,Sifo,1932.0,s,31.2,31.2
Sweden,2022,sweden_2022_39,2022-08-27,15,Sifo,1932.0,mp,5.2,5.2
Sweden,2022,sweden_2022_39,2022-08-27,15,Sifo,1932.0,c,6.1,6.1
Sweden,2022,sweden_2022_39,2022-08-27,15,Sifo,1932.0,l,5.4,5.4
Sweden,2022,sweden_2022_39,2022-08-27,15,Sifo,1932.0,m,18.1,18.1
Sweden,2022,sweden_2022_39,2022-08-27,15,Sifo,1932.0,kd,5.8,5.8
Sweden,2022,sweden_2022_39,2022-08-27,15,Sifo,1932.0,sd,19.5,19.5
Sweden,2022,sweden_2022_40,2022-08-27,15,Novus,,v,8.6,8.6
Sweden,2022,sweden_2022_40,2022-08-27,15,Novus,,s,30.2,30.2
Sweden,2022,sweden_2022_40,2022-08-27,15,Novus,,mp,4.4,4.4
Sweden,2022,sweden_2022_40,2022-08-27,15,Novus,,c,7.4,7.4
Sweden,2022,sweden_2022_40,2022-08-27,15,Novus,,l,4.5,4.5
Sweden,2022,sweden_2022_40,2022-08-27,15,Novus,,m,16.2,16.2
Sweden,2022,sweden_2022_40,2022-08-27,15,Novus,,kd,5.9,5.9
Sweden,2022,sweden_2022_40,2022-08-27,15,Novus,,sd,21.1,21.1
Sweden,2022,sweden_2022_41,2022-08-27,15,SKOP,1054.0,v,8.6,8.6
Sweden,2022,sweden_2022_41,2022-08-27,15,SKOP,1054.0,s,28.5,28.5
Sweden,2022,sweden_2022_41,2022-08-27,15,SKOP,1054.0,mp,5.2,5.2
Sweden,2022,sweden_2022_41,2022-08-27,15,SKOP,1054.0,c,7.7,7.7
Sweden,2022,sweden_2022_41,2022-08-27,15,SKOP,1054.0,l,6.3,6.3
Sweden,2022,sweden_2022_41,2022-08-27,15,SKOP,1054.0,m,18.4,18.4
Sweden,2022,sweden_2022_41,2022-08-27,15,SKOP,1054.0,kd,6.3,6.3
Sweden,2022,sweden_2022_41,2022-08-27,15,SKOP,1054.0,sd,18.3,18.3
Sweden,2022,sweden_2022_42,2022-08-26,16,Novus,1500.0,v,9.1,9.1
Sweden,2022,sweden_2022_42,2022-08-26,16,Novus,1500.0,s,29.0,29.0
Sweden,2022,sweden_2022_42,2022-08-26,16,Novus,1500.0,mp,4.3,4.3
Sweden,2022,sweden_2022_42,2022-08-26,16,Novus,1500.0,c,5.4,5.4
Sweden,2022,sweden_2022_42,2022-08-26,16,Novus,1500.0,l,4.7,4.7
Sweden,2022,sweden_2022_42,2022-08-26,16,Novus,1500.0,m,17.4,17.4
Sweden,2022,sweden_2022_42,2022-08-26,16,Novus,1500.0,kd,6.2,6.2
Sweden,2022,sweden_2022_42,2022-08-26,16,Novus,1500.0,sd,22.4,22.4
Sweden,2022,sweden_2022_43,2022-08-26,16,Sifo,1964.0,v,6.8,6.8
Sweden,2022,sweden_2022_43,2022-08-26,16,Sifo,1964.0,s,31.8,31.8
Sweden,2022,sweden_2022_43,2022-08-26,16,Sifo,1964.0,mp,5.3,5.3
Sweden,2022,sweden_2022_43,2022-08-26,16,Sifo,1964.0,c,5.7,5.7
Sweden,2022,sweden_2022_43,2022-08-26,16,Sifo,1964.0,l,5.4,5.4
Sweden,2022,sweden_2022_43,2022-08-26,16,Sifo,1964.0,m,17.9,17.9
Sweden,2022,sweden_2022_43,2022-08-26,16,Sifo,1964.0,kd,5.9,5.9
Sweden,2022,sweden_2022_43,2022-08-26,16,Sifo,1964.0,sd,19.4,19.4
Sweden,2022,sweden_2022_44,2022-08-26,16,SKOP,1355.0,v,9.4,9.4
Sweden,2022,sweden_2022_44,2022-08-26,16,SKOP,1355.0,s,27.9,27.9
Sweden,2022,sweden_2022_44,2022-08-26,16,SKOP,1355.0,mp,5.5,5.5
Sweden,2022,sweden_2022_44,2022-08-26,16,SKOP,1355.0,c,7.9,7.9
Sweden,2022,sweden_2022_44,2022-08-26,16,SKOP,1355.0,l,5.7,5.7
Sweden,2022,sweden_2022_44,2022-08-26,16,SKOP,1355.0,m,18.7,18.7
Sweden,2022,sweden_2022_44,2022-08-26,16,SKOP,1355.0,kd,5.3,5.3
Sweden,2022,sweden_2022_44,2022-08-26,16,SKOP,1355.0,sd,18.6,18.6
Sweden,2022,sweden_2022_45,2022-08-25,17,Sifo,2197.0,v,7.3,7.3
Sweden,2022,sweden_2022_45,2022-08-25,17,Sifo,2197.0,s,31.2,31.2
Sweden,2022,sweden_2022_45,2022-08-25,17,Sifo,2197.0,mp,5.7,5.7
Sweden,2022,sweden_2022_45,2022-08-25,17,Sifo,2197.0,c,5.8,5.8
Sweden,2022,sweden_2022_45,2022-08-25,17,Sifo,2197.0,l,5.2,5.2
Sweden,2022,sweden_2022_45,2022-08-25,17,Sifo,2197.0,m,17.5,17.5
Sweden,2022,sweden_2022_45,2022-08-25,17,Sifo,2197.0,kd,5.8,5.8
Sweden,2022,sweden_2022_45,2022-08-25,17,Sifo,2197.0,sd,19.8,19.8
Sweden,2022,sweden_2022_46,2022-08-25,17,Novus,1500.0,v,8.4,8.4
Sweden,2022,sweden_2022_46,2022-08-25,17,Novus,1500.0,s,27.9,27.9
Sweden,2022,sweden_2022_46,2022-08-25,17,Novus,1500.0,mp,4.8,4.8
Sweden,2022,sweden_2022_46,2022-08-25,17,Novus,1500.0,c,5.6,5.6
Sweden,2022,sweden_2022_46,2022-08-25,17,Novus,1500.0,l,5.5,5.5
Sweden,2022,sweden_2022_46,2022-08-25,17,Novus,1500.0,m,17.8,17.8
Sweden,2022,sweden_2022_46,2022-08-25,17,Novus,1500.0,kd,6.1,6.1
Sweden,2022,sweden_2022_46,2022-08-25,17,Novus,1500.0,sd,22.8,22.8
Sweden,2022,sweden_2022_47,2022-08-25,17,SKOP,1388.0,v,9.3,9.3
Sweden,2022,sweden_2022_47,2022-08-25,17,SKOP,1388.0,s,28.5,28.5
Sweden,2022,sweden_2022_47,2022-08-25,17,SKOP,1388.0,mp,4.9,4.9
Sweden,2022,sweden_2022_47,2022-08-25,17,SKOP,1388.0,c,7.0,7.0
Sweden,2022,sweden_2022_47,2022-08-25,17,SKOP,1388.0,l,6.1,6.1
Sweden,2022,sweden_2022_47,2022-08-25,17,SKOP,1388.0,m,18.3,18.3
Sweden,2022,sweden_2022_47,2022-08-25,17,SKOP,1388.0,kd,6.2,6.2
Sweden,2022,sweden_2022_47,2022-08-25,17,SKOP,1388.0,sd,18.6,18.6
Sweden,2022,sweden_2022_48,2022-08-24,18,Novus,1500.0,v,8.5,8.5
Sweden,2022,sweden_2022_48,2022-08-24,18,Novus,1500.0,s,27.5,27.5
Sweden,2022,sweden_2022_48,2022-08-24,18,Novus,1500.0,mp,4.7,4.7
Sweden,2022,sweden_2022_48,2022-08-24,18,Novus,1500.0,c,6.5,6.5
Sweden,2022,sweden_2022_48,2022-08-24,18,Novus,1500.0,l,6.0,6.0
Sweden,2022,sweden_2022_48,2022-08-24,18,Novus,1500.0,m,17.9,17.9
Sweden,2022,sweden_2022_48,2022-08-24,18,Novus,1500.0,kd,5.5,5.5
Sweden,2022,sweden_2022_48,2022-08-24,18,Novus,1500.0,sd,22.4,22.4
Sweden,2022,sweden_2022_49,2022-08-24,18,Sifo,2361.0,v,7.6,7.6
Sweden,2022,sweden_2022_49,2022-08-24,18,Sifo,2361.0,s,30.5,30.5
Sweden,2022,sweden_2022_49,2022-08-24,18,Sifo,2361.0,mp,5.3,5.3
Sweden,2022,sweden_2022_49,2022-08-24,18,Sifo,2361.0,c,5.7,5.7
Sweden,2022,sweden_2022_49,2022-08-24,18,Sifo,2361.0,l,4.6,4.6
Sweden,2022,sweden_2022_49,2022-08-24,18,Sifo,2361.0,m,18.3,18.3
Sweden,2022,sweden_2022_49,2022-08-24,18,Sifo,2361.0,kd,5.6,5.6
Sweden,2022,sweden_2022_49,2022-08-24,18,Sifo,2361.0,sd,20.3,20.3
Sweden,2022,sweden_2022_50,2022-08-24,18,SKOP,1118.0,v,9.6,9.6
Sweden,2022,sweden_2022_50,2022-08-24,18,SKOP,1118.0,s,28.0,28.0
Sweden,2022,sweden_2022_50,2022-08-24,18,SKOP,1118.0,mp,5.5,5.5
Sweden,2022,sweden_2022_50,2022-08-24,18,SKOP,1118.0,c,6.1,6.1
Sweden,2022,sweden_2022_50,2022-08-24,18,SKOP,1118.0,l,6.3,6.3
Sweden,2022,sweden_2022_50,2022-08-24,18,SKOP,1118.0,m,18.0,18.0
Sweden,2022,sweden_2022_50,2022-08-24,18,SKOP,1118.0,kd,6.3,6.3
Sweden,2022,sweden_2022_50,2022-08-24,18,SKOP,1118.0,sd,18.8,18.8
Sweden,2022,sweden_2022_51,2022-08-24,18,Ipsos,1630.0,v,8.5,8.5
Sweden,2022,sweden_2022_51,2022-08-24,18,Ipsos,1630.0,s,30.4,30.4
Sweden,2022,sweden_2022_51,2022-08-24,18,Ipsos,1630.0,mp,5.0,5.0
Sweden,2022,sweden_2022_51,2022-08-24,18,Ipsos,1630.0,c,6.9,6.9
Sweden,2022,sweden_2022_51,2022-08-24,18,Ipsos,1630.0,l,4.6,4.6
Sweden,2022,sweden_2022_51,2022-08-24,18,Ipsos,1630.0,m,16.6,16.6
Sweden,2022,sweden_2022_51,2022-08-24,18,Ipsos,1630.0,kd,5.5,5.5
Sweden,2022,sweden_2022_51,2022-08-24,18,Ipsos,1630.0,sd,20.7,20.7
Sweden,2022,sweden_2022_52,2022-08-23,19,Novus,1500.0,v,8.5,8.5
Sweden,2022,sweden_2022_52,2022-08-23,19,Novus,1500.0,s,28.2,28.2
Sweden,2022,sweden_2022_52,2022-08-23,19,Novus,1500.0,mp,4.8,4.8
Sweden,2022,sweden_2022_52,2022-08-23,19,Novus,1500.0,c,6.9,6.9
Sweden,2022,sweden_2022_52,2022-08-23,19,Novus,1500.0,l,6.1,6.1
Sweden,2022,sweden_2022_52,2022-08-23,19,Novus,1500.0,m,17.5,17.5
Sweden,2022,sweden_2022_52,2022-08-23,19,Novus,1500.0,kd,5.1,5.1
Sweden,2022,sweden_2022_52,2022-08-23,19,Novus,1500.0,sd,22.0,22.0
Sweden,2022,sweden_2022_53,2022-08-23,19,Sifo,2474.0,v,7.9,7.9
Sweden,2022,sweden_2022_53,2022-08-23,19,Sifo,2474.0,s,30.2,30.2
Sweden,2022,sweden_2022_53,2022-08-23,19,Sifo,2474.0,mp,4.7,4.7
Sweden,2022,sweden_2022_53,2022-08-23,19,Sifo,2474.0,c,6.0,6.0
Sweden,2022,sweden_2022_53,2022-08-23,19,Sifo,2474.0,l,4.8,4.8
Sweden,2022,sweden_2022_53,2022-08-23,19,Sifo,2474.0,m,18.6,18.6
Sweden,2022,sweden_2022_53,2022-08-23,19,Sifo,2474.0,kd,6.3,6.3
Sweden,2022,sweden_2022_53,2022-08-23,19,Sifo,2474.0,sd,19.2,19.2
Sweden,2022,sweden_2022_54,2022-08-23,19,SKOP,1125.0,v,8.1,8.1
Sweden,2022,sweden_2022_54,2022-08-23,19,SKOP,1125.0,s,28.9,28.9
Sweden,2022,sweden_2022_54,2022-08-23,19,SKOP,1125.0,mp,5.8,5.8
Sweden,2022,sweden_2022_54,2022-08-23,19,SKOP,1125.0,c,6.6,6.6
Sweden,2022,sweden_2022_54,2022-08-23,19,SKOP,1125.0,l,7.1,7.1
Sweden,2022,sweden_2022_54,2022-08-23,19,SKOP,1125.0,m,18.8,18.8
Sweden,2022,sweden_2022_54,2022-08-23,19,SKOP,1125.0,kd,4.9,4.9
Sweden,2022,sweden_2022_54,2022-08-23,19,SKOP,1125.0,sd,18.0,18.0
Sweden,2022,sweden_2022_55,2022-08-22,20,Novus,1500.0,v,9.5,9.5
Sweden,2022,sweden_2022_55,2022-08-22,20,Novus,1500.0,s,28.5,28.5
Sweden,2022,sweden_2022_55,2022-08-22,20,Novus,1500.0,mp,4.9,4.9
Sweden,2022,sweden_2022_55,2022-08-22,20,Novus,1500.0,c,7.2,7.2
Sweden,2022,sweden_2022_55,2022-08-22,20,Novus,1500.0,l,4.9,4.9
Sweden,2022,sweden_2022_55,2022-08-22,20,Novus,1500.0,m,17.4,17.4
Sweden,2022,sweden_2022_55,2022-08-22,20,Novus,1500.0,kd,5.2,5.2
Sweden,2022,sweden_2022_55,2022-08-22,20,Novus,1500.0,sd,21.4,21.4
Sweden,2022,sweden_2022_56,2022-08-22,20,Sifo,2194.0,v,7.2,7.2
Sweden,2022,sweden_2022_56,2022-08-22,20,Sifo,2194.0,s,30.2,30.2
Sweden,2022,sweden_2022_56,2022-08-22,20,Sifo,2194.0,mp,5.5,5.5
Sweden,2022,sweden_2022_56,2022-08-22,20,Sifo,2194.0,c,6.1,6.1
Sweden,2022,sweden_2022_56,2022-08-22,20,Sifo,2194.0,l,5.4,5.4
Sweden,2022,sweden_2022_56,2022-08-22,20,Sifo,2194.0,m,17.4,17.4
Sweden,2022,sweden_2022_56,2022-08-22,20,Sifo,2194.0,kd,6.7,6.7
Sweden,2022,sweden_2022_56,2022-08-22,20,Sifo,2194.0,sd,19.0,19.0
Sweden,2022,sweden_2022_57,2022-08-22,20,SKOP,,v,8.5,8.5
Sweden,2022,sweden_2022_57,2022-08-22,20,SKOP,,s,27.8,27.8
Sweden,2022,sweden_2022_57,2022-08-22,20,SKOP,,mp,5.9,5.9
Sweden,2022,sweden_2022_57,2022-08-22,20,SKOP,,c,8.6,8.6
Sweden,2022,sweden_2022_57,2022-08-22,20,SKOP,,l,6.3,6.3
Sweden,2022,sweden_2022_57,2022-08-22,20,SKOP,,m,17.5,17.5
Sweden,2022,sweden_2022_57,2022-08-22,20,SKOP,,kd,4.9,4.9
Sweden,2022,sweden_2022_57,2022-08-22,20,SKOP,,sd,19.3,19.3
Sweden,2022,sweden_2022_58,2022-08-21,21,Sifo,1925.0,v,8.1,8.1
Sweden,2022,sweden_2022_58,2022-08-21,21,Sifo,1925.0,s,31.2,31.2
Sweden,2022,sweden_2022_58,2022-08-21,21,Sifo,1925.0,mp,5.4,5.4
Sweden,2022,sweden_2022_58,2022-08-21,21,Sifo,1925.0,c,5.8,5.8
Sweden,2022,sweden_2022_58,2022-08-21,21,Sifo,1925.0,l,5.8,5.8
Sweden,2022,sweden_2022_58,2022-08-21,21,Sifo,1925.0,m,17.7,17.7
Sweden,2022,sweden_2022_58,2022-08-21,21,Sifo,1925.0,kd,6.2,6.2
Sweden,2022,sweden_2022_58,2022-08-21,21,Sifo,1925.0,sd,18.1,18.1
Sweden,2022,sweden_2022_59,2022-08-21,21,Novus,1681.0,v,9.6,9.6
Sweden,2022,sweden_2022_59,2022-08-21,21,Novus,1681.0,s,27.8,27.8
Sweden,2022,sweden_2022_59,2022-08-21,21,Novus,1681.0,mp,5.5,5.5
Sweden,2022,sweden_2022_59,2022-08-21,21,Novus,1681.0,c,6.7,6.7
Sweden,2022,sweden_2022_59,2022-08-21,21,Novus,1681.0,l,4.4,4.4
Sweden,2022,sweden_2022_59,2022-08-21,21,Novus,1681.0,m,17.4,17.4
Sweden,2022,sweden_2022_59,2022-08-21,21,Novus,1681.0,kd,6.0,6.0
Sweden,2022,sweden_2022_59,2022-08-21,21,Novus,1681.0,sd,21.5,21.5
Sweden,2022,sweden_2022_60,2022-08-21,21,Demoskop,2222.0,v,8.9,8.9
Sweden,2022,sweden_2022_60,2022-08-21,21,Demoskop,2222.0,s,28.9,28.9
Sweden,2022,sweden_2022_60,2022-08-21,21,Demoskop,2222.0,mp,4.8,4.8
Sweden,2022,sweden_2022_60,2022-08-21,21,Demoskop,2222.0,c,6.8,6.8
Sweden,2022,sweden_2022_60,2022-08-21,21,Demoskop,2222.0,l,4.2,4.2
Sweden,2022,sweden_2022_60,2022-08-21,21,Demoskop,2222.0,m,19.9,19.9
Sweden,2022,sweden_2022_60,2022-08-21,21,Demoskop,2222.0,kd,6.4,6.4
Sweden,2022,sweden_2022_60,2022-08-21,21,Demoskop,2222.0,sd,18.7,18.7
Sweden,2022,sweden_2022_61,2022-08-18,24,Sifo,1681.0,v,8.0,8.0
Sweden,2022,sweden_2022_61,2022-08-18,24,Sifo,1681.0,s,32.7,32.7
Sweden,2022,sweden_2022_61,2022-08-18,24,Sifo,1681.0,mp,5.3,5.3
Sweden,2022,sweden_2022_61,2022-08-18,24,Sifo,1681.0,c,6.1,6.1
Sweden,2022,sweden_2022_61,2022-08-18,24,Sifo,1681.0,l,5.6,5.6
Sweden,2022,sweden_2022_61,2022-08-18,24,Sifo,1681.0,m,17.6,17.6
Sweden,2022,sweden_2022_61,2022-08-18,24,Sifo,1681.0,kd,6.0,6.0
Sweden,2022,sweden_2022_61,2022-08-18,24,Sifo,1681.0,sd,16.1,16.1
Sweden,2022,sweden_2022_62,2022-08-17,25,Sifo,,v,8.0,8.0
Sweden,2022,sweden_2022_62,2022-08-17,25,Sifo,,s,31.2,31.2
Sweden,2022,sweden_2022_62,2022-08-17,25,Sifo,,mp,5.5,5.5
Sweden,2022,sweden_2022_62,2022-08-17,25,Sifo,,c,6.0,6.0
Sweden,2022,sweden_2022_62,2022-08-17,25,Sifo,,l,5.9,5.9
Sweden,2022,sweden_2022_62,2022-08-17,25,Sifo,,m,18.2,18.2
Sweden,2022,sweden_2022_62,2022-08-17,25,Sifo,,kd,5.6,5.6
Sweden,2022,sweden_2022_62,2022-08-17,25,Sifo,,sd,17.1,17.1
Sweden,2022,sweden_2022_63,2022-08-16,26,Demoskop,,v,7.4,7.4
Sweden,2022,sweden_2022_63,2022-08-16,26,Demoskop,,s,29.6,29.6
Sweden,2022,sweden_2022_63,2022-08-16,26,Demoskop,,mp,5.2,5.2
Sweden,2022,sweden_2022_63,2022-08-16,26,Demoskop,,c,7.5,7.5
Sweden,2022,sweden_2022_63,2022-08-16,26,Demoskop,,l,4.9,4.9
Sweden,2022,sweden_2022_63,2022-08-16,26,Demoskop,,m,19.9,19.9
Sweden,2022,sweden_2022_63,2022-08-16,26,Demoskop,,kd,5.8,5.8
Sweden,2022,sweden_2022_63,2022-08-16,26,Demoskop,,sd,18.4,18.4
Sweden,2022,sweden_2022_64,2022-08-15,27,Sifo,,v,7.5,7.5
Sweden,2022,sweden_2022_64,2022-08-15,27,Sifo,,s,30.0,30.0
Sweden,2022,sweden_2022_64,2022-08-15,27,Sifo,,mp,5.6,5.6
Sweden,2022,sweden_2022_64,2022-08-15,27,Sifo,,c,5.9,5.9
Sweden,2022,sweden_2022_64,2022-08-15,27,Sifo,,l,5.5,5.5
Sweden,2022,sweden_2022_64,2022-08-15,27,Sifo,,m,19.5,19.5
Sweden,2022,sweden_2022_64,2022-08-15,27,Sifo,,kd,6.2,6.2
Sweden,2022,sweden_2022_64,2022-08-15,27,Sifo,,sd,17.6,17.6
Sweden,2022,sweden_2022_65,2022-08-14,28,Sifo,,v,8.0,8.0
Sweden,2022,sweden_2022_65,2022-08-14,28,Sifo,,s,29.9,29.9
Sweden,2022,sweden_2022_65,2022-08-14,28,Sifo,,mp,5.6,5.6
Sweden,2022,sweden_2022_65,2022-08-14,28,Sifo,,c,5.7,5.7
Sweden,2022,sweden_2022_65,2022-08-14,28,Sifo,,l,5.5,5.5
Sweden,2022,sweden_2022_65,2022-08-14,28,Sifo,,m,19.2,19.2
Sweden,2022,sweden_2022_65,2022-08-14,28,Sifo,,kd,6.5,6.5
Sweden,2022,sweden_2022_65,2022-08-14,28,Sifo,,sd,16.9,16.9
Sweden,2022,sweden_2022_66,2022-08-14,28,Novus,,v,9.7,9.7
Sweden,2022,sweden_2022_66,2022-08-14,28,Novus,,s,28.5,28.5
Sweden,2022,sweden_2022_66,2022-08-14,28,Novus,,mp,4.5,4.5
Sweden,2022,sweden_2022_66,2022-08-14,28,Novus,,c,6.0,6.0
Sweden,2022,sweden_2022_66,2022-08-14,28,Novus,,l,5.8,5.8
Sweden,2022,sweden_2022_66,2022-08-14,28,Novus,,m,19.6,19.6
Sweden,2022,sweden_2022_66,2022-08-14,28,Novus,,kd,5.6,5.6
Sweden,2022,sweden_2022_66,2022-08-14,28,Novus,,sd,18.8,18.8
Sweden,2022,sweden_2022_67,2022-08-11,31,Sifo,,v,7.6,7.6
Sweden,2022,sweden_2022_67,2022-08-11,31,Sifo,,s,31.2,31.2
Sweden,2022,sweden_2022_67,2022-08-11,31,Sifo,,mp,4.6,4.6
Sweden,2022,sweden_2022_67,2022-08-11,31,Sifo,,c,5.3,5.3
Sweden,2022,sweden_2022_67,2022-08-11,31,Sifo,,l,5.7,5.7
Sweden,2022,sweden_2022_67,2022-08-11,31,Sifo,,m,20.7,20.7
Sweden,2022,sweden_2022_67,2022-08-11,31,Sifo,,kd,6.1,6.1
Sweden,2022,sweden_2022_67,2022-08-11,31,Sifo,,sd,16.5,16.5
Sweden,2022,sweden_2022_68,2022-08-07,35,Novus,1893.0,v,7.2,7.2
Sweden,2022,sweden_2022_68,2022-08-07,35,Novus,1893.0,s,30.6,30.6
Sweden,2022,sweden_2022_68,2022-08-07,35,Novus,1893.0,mp,5.2,5.2
Sweden,2022,sweden_2022_68,2022-08-07,35,Novus,1893.0,c,6.8,6.8
Sweden,2022,sweden_2022_68,2022-08-07,35,Novus,1893.0,l,5.1,5.1
Sweden,2022,sweden_2022_68,2022-08-07,35,Novus,1893.0,m,18.6,18.6
Sweden,2022,sweden_2022_68,2022-08-07,35,Novus,1893.0,kd,6.3,6.3
Sweden,2022,sweden_2022_68,2022-08-07,35,Novus,1893.0,sd,18.6,18.6
Sweden,2022,sweden_2022_69,2022-08-02,40,Demoskop,2247.0,v,7.7,7.7
Sweden,2022,sweden_2022_69,2022-08-02,40,Demoskop,2247.0,s,28.7,28.7
Sweden,2022,sweden_2022_69,2022-08-02,40,Demoskop,2247.0,mp,4.8,4.8
Sweden,2022,sweden_2022_69,2022-08-02,40,Demoskop,2247.0,c,7.2,7.2
Sweden,2022,sweden_2022_69,2022-08-02,40,Demoskop,2247.0,l,5.7,5.7
Sweden,2022,sweden_2022_69,2022-08-02,40,Demoskop,2247.0,m,20.3,20.3
Sweden,2022,sweden_2022_69,2022-08-02,40,Demoskop,2247.0,kd,6.9,6.9
Sweden,2022,sweden_2022_69,2022-08-02,40,Demoskop,2247.0,sd,17.7,17.7
Sweden,2022,sweden_2022_70,2022-07-11,62,SKOP,1009.0,v,10.3,10.3
Sweden,2022,sweden_2022_70,2022-07-11,62,SKOP,1009.0,s,31.5,31.5
Sweden,2022,sweden_2022_70,2022-07-11,62,SKOP,1009.0,mp,3.6,3.6
Sweden,2022,sweden_2022_70,2022-07-11,62,SKOP,1009.0,c,6.2,6.2
Sweden,2022,sweden_2022_70,2022-07-11,62,SKOP,1009.0,l,6.1,6.1
Sweden,2022,sweden_2022_70,2022-07-11,62,SKOP,1009.0,m,18.5,18.5
Sweden,2022,sweden_2022_70,2022-07-11,62,SKOP,1009.0,kd,5.7,5.7
Sweden,2022,sweden_2022_70,2022-07-11,62,SKOP,1009.0,sd,16.6,16.6
Sweden,2022,sweden_2022_71,2022-06-30,73,Demoskop,2125.0,v,8.4,8.4
Sweden,2022,sweden_2022_71,2022-06-30,73,Demoskop,2125.0,s,30.3,30.3
Sweden,2022,sweden_2022_71,2022-06-30,73,Demoskop,2125.0,mp,4.9,4.9
Sweden,2022,sweden_2022_71,2022-06-30,73,Demoskop,2125.0,c,7.1,7.1
Sweden,2022,sweden_2022_71,2022-06-30,73,Demoskop,2125.0,l,4.7,4.7
Sweden,2022,sweden_2022_71,2022-06-30,73,Demoskop,2125.0,m,21.0,21.0
Sweden,2022,sweden_2022_71,2022-06-30,73,Demoskop,2125.0,kd,6.1,6.1
Sweden,2022,sweden_2022_71,2022-06-30,73,Demoskop,2125.0,sd,16.3,16.3
Sweden,2022,sweden_2022_72,2022-06-26,77,Novus,2838.0,v,8.8,8.8
Sweden,2022,sweden_2022_72,2022-06-26,77,Novus,2838.0,s,31.7,31.7
Sweden,2022,sweden_2022_72,2022-06-26,77,Novus,2838.0,mp,3.5,3.5
Sweden,2022,sweden_2022_72,2022-06-26,77,Novus,2838.0,c,5.4,5.4
Sweden,2022,sweden_2022_72,2022-06-26,77,Novus,2838.0,l,5.0,5.0
Sweden,2022,sweden_2022_72,2022-06-26,77,Novus,2838.0,m,19.6,19.6
Sweden,2022,sweden_2022_72,2022-06-26,77,Novus,2838.0,kd,6.7,6.7
Sweden,2022,sweden_2022_72,2022-06-26,77,Novus,2838.0,sd,17.4,17.4
Sweden,2022,sweden_2022_73,2022-06-21,82,Sentio,,v,9.0,9.0
Sweden,2022,sweden_2022_73,2022-06-21,82,Sentio,,s,28.2,28.2
Sweden,2022,sweden_2022_73,2022-06-21,82,Sentio,,mp,3.1,3.1
Sweden,2022,sweden_2022_73,2022-06-21,82,Sentio,,c,6.4,6.4
Sweden,2022,sweden_2022_73,2022-06-21,82,Sentio,,l,3.9,3.9
Sweden,2022,sweden_2022_73,2022-06-21,82,Sentio,,m,20.9,20.9
Sweden,2022,sweden_2022_73,2022-06-21,82,Sentio,,kd,5.5,5.5
Sweden,2022,sweden_2022_73,2022-06-21,82,Sentio,,sd,21.1,21.1
Sweden,2022,sweden_2022_74,2022-06-19,84,Ipsos,1635.0,v,9.3,9.3
Sweden,2022,sweden_2022_74,2022-06-19,84,Ipsos,1635.0,s,30.6,30.6
Sweden,2022,sweden_2022_74,2022-06-19,84,Ipsos,1635.0,mp,2.9,2.9
Sweden,2022,sweden_2022_74,2022-06-19,84,Ipsos,1635.0,c,5.2,5.2
Sweden,2022,sweden_2022_74,2022-06-19,84,Ipsos,1635.0,l,5.1,5.1
Sweden,2022,sweden_2022_74,2022-06-19,84,Ipsos,1635.0,m,19.5,19.5
Sweden,2022,sweden_2022_74,2022-06-19,84,Ipsos,1635.0,kd,6.0,6.0
Sweden,2022,sweden_2022_74,2022-06-19,84,Ipsos,1635.0,sd,19.4,19.4
Sweden,2022,sweden_2022_75,2022-06-16,87,Sifo,8996.0,v,7.9,7.9
Sweden,2022,sweden_2022_75,2022-06-16,87,Sifo,8996.0,s,33.7,33.7
Sweden,2022,sweden_2022_75,2022-06-16,87,Sifo,8996.0,mp,3.4,3.4
Sweden,2022,sweden_2022_75,2022-06-16,87,Sifo,8996.0,c,6.0,6.0
Sweden,2022,sweden_2022_75,2022-06-16,87,Sifo,8996.0,l,4.4,4.4
Sweden,2022,sweden_2022_75,2022-06-16,87,Sifo,8996.0,m,19.3,19.3
Sweden,2022,sweden_2022_75,2022-06-16,87,Sifo,8996.0,kd,6.3,6.3
Sweden,2022,sweden_2022_75,2022-06-16,87,Sifo,8996.0,sd,17.4,17.4
Sweden,2022,sweden_2022_76,2022-06-09,94,Demoskop,2125.0,v,7.6,7.6
Sweden,2022,sweden_2022_76,2022-06-09,94,Demoskop,2125.0,s,30.9,30.9
Sweden,2022,sweden_2022_76,2022-06-09,94,Demoskop,2125.0,mp,3.9,3.9
Sweden,2022,sweden_2022_76,2022-06-09,94,Demoskop,2125.0,c,7.7,7.7
Sweden,2022,sweden_2022_76,2022-06-09,94,Demoskop,2125.0,l,4.2,4.2
Sweden,2022,sweden_2022_76,2022-06-09,94,Demoskop,2125.0,m,22.1,22.1
Sweden,2022,sweden_2022_76,2022-06-09,94,Demoskop,2125.0,kd,5.7,5.7
Sweden,2022,sweden_2022_76,2022-06-09,94,Demoskop,2125.0,sd,16.9,16.9
Sweden,2022,sweden_2022_77,2022-06-05,98,Novus,3804.0,v,9.4,9.4
Sweden,2022,sweden_2022_77,2022-06-05,98,Novus,3804.0,s,30.2,30.2
Sweden,2022,sweden_2022_77,2022-06-05,98,Novus,3804.0,mp,3.3,3.3
Sweden,2022,sweden_2022_77,2022-06-05,98,Novus,3804.0,c,5.9,5.9
Sweden,2022,sweden_2022_77,2022-06-05,98,Novus,3804.0,l,3.5,3.5
Sweden,2022,sweden_2022_77,2022-06-05,98,Novus,3804.0,m,21.5,21.5
Sweden,2022,sweden_2022_77,2022-06-05,98,Novus,3804.0,kd,6.3,6.3
Sweden,2022,sweden_2022_77,2022-06-05,98,Novus,3804.0,sd,18.0,18.0
Sweden,2022,sweden_2022_78,2022-05-23,111,Sentio,,v,7.8,7.8
Sweden,2022,sweden_2022_78,2022-05-23,111,Sentio,,s,29.2,29.2
Sweden,2022,sweden_2022_78,2022-05-23,111,Sentio,,mp,4.1,4.1
Sweden,2022,sweden_2022_78,2022-05-23,111,Sentio,,c,5.3,5.3
Sweden,2022,sweden_2022_78,2022-05-23,111,Sentio,,l,2.6,2.6
Sweden,2022,sweden_2022_78,2022-05-23,111,Sentio,,m,20.4,20.4
Sweden,2022,sweden_2022_78,2022-05-23,111,Sentio,,kd,8.5,8.5
Sweden,2022,sweden_2022_78,2022-05-23,111,Sentio,,sd,19.4,19.4
Sweden,2022,sweden_2022_79,2022-05-22,112,Ipsos,1569.0,v,8.8,8.8
Sweden,2022,sweden_2022_79,2022-05-22,112,Ipsos,1569.0,s,32.0,32.0
Sweden,2022,sweden_2022_79,2022-05-22,112,Ipsos,1569.0,mp,3.2,3.2
Sweden,2022,sweden_2022_79,2022-05-22,112,Ipsos,1569.0,c,5.1,5.1
Sweden,2022,sweden_2022_79,2022-05-22,112,Ipsos,1569.0,l,3.1,3.1
Sweden,2022,sweden_2022_79,2022-05-22,112,Ipsos,1569.0,m,21.7,21.7
Sweden,2022,sweden_2022_79,2022-05-22,112,Ipsos,1569.0,kd,5.3,5.3
Sweden,2022,sweden_2022_79,2022-05-22,112,Ipsos,1569.0,sd,18.4,18.4
Denmark,2015,denmark_2015_0,2015-06-17,1,Gallup,,v,20.6,20.6
Denmark,2015,denmark_2015_0,2015-06-17,1,Gallup,,a,25.9,25.9
Denmark,2015,denmark_2015_0,2015-06-17,1,Gallup,,o,18.1,18.1
Denmark,2015,denmark_2015_0,2015-06-17,1,Gallup,,b,5.2,5.2
Denmark,2015,denmark_2015_0,2015-06-17,1,Gallup,,f,5.3,5.3
Denmark,2015,denmark_2015_0,2015-06-17,1,Gallup,,oe,8.0,8.0
Denmark,2015,denmark_2015_0,2015-06-17,1,Gallup,,i,7.1,7.1
Denmark,2015,denmark_2015_0,2015-06-17,1,Gallup,,c,3.8,3.8
Denmark,2015,denmark_2015_0,2015-06-17,1,Gallup,,k,1.1,1.1
Denmark,2015,denmark_2015_0,2015-06-17,1,Gallup,,aa,4.7,4.7
Denmark,2015,denmark_2015_1,2015-06-17,1,Greens,,v,20.9,20.9
Denmark,2015,denmark_2015_1,2015-06-17,1,Greens,,a,24.4,24.4
Denmark,2015,denmark_2015_1,2015-06-17,1,Greens,,o,18.5,18.5
Denmark,2015,denmark_2015_1,2015-06-17,1,Greens,,b,5.6,5.6
Denmark,2015,denmark_2015_1,2015-06-17,1,Greens,,f,5.4,5.4
Denmark,2015,denmark_2015_1,2015-06-17,1,Greens,,oe,8.5,8.5
Denmark,2015,denmark_2015_1,2015-06-17,1,Greens,,i,7.6,7.6
Denmark,2015,denmark_2015_1,2015-06-17,1,Greens,,c,3.3,3.3
Denmark,2015,denmark_2015_1,2015-06-17,1,Greens,,k,0.6,0.6
Denmark,2015,denmark_2015_1,2015-06-17,1,Greens,,aa,5.2,5.2
Denmark,2015,denmark_2015_2,2015-06-17,1,Voxmeter,,v,19.6,19.6
Denmark,2015,denmark_2015_2,2015-06-17,1,Voxmeter,,a,25.9,25.9
Denmark,2015,denmark_2015_2,2015-06-17,1,Voxmeter,,o,17.2,17.2
Denmark,2015,denmark_2015_2,2015-06-17,1,Voxmeter,,b,4.6,4.6
Denmark,2015,denmark_2015_2,2015-06-17,1,Voxmeter,,f,6.3,6.3
Denmark,2015,denmark_2015_2,2015-06-17,1,Voxmeter,,oe,9.8,9.8
Denmark,2015,denmark_2015_2,2015-06-17,1,Voxmeter,,i,7.7,7.7
Denmark,2015,denmark_2015_2,2015-06-17,1,Voxmeter,,c,3.5,3.5
Denmark,2015,denmark_2015_2,2015-06-17,1,Voxmeter,,k,0.9,0.9
Denmark,2015,denmark_2015_2,2015-06-17,1,Voxmeter,,aa,4.5,4.5
Denmark,2015,denmark_2015_3,2015-06-17,1,Epinion,,v,20.6,20.6
Denmark,2015,denmark_2015_3,2015-06-17,1,Epinion,,a,24.5,24.5
Denmark,2015,denmark_2015_3,2015-06-17,1,Epinion,,o,18.0,18.0
Denmark,2015,denmark_2015_3,2015-06-17,1,Epinion,,b,5.2,5.2
Denmark,2015,denmark_2015_3,2015-06-17,1,Epinion,,f,5.3,5.3
Denmark,2015,denmark_2015_3,2015-06-17,1,Epinion,,oe,9.3,9.3
Denmark,2015,denmark_2015_3,2015-06-17,1,Epinion,,i,7.5,7.5
Denmark,2015,denmark_2015_3,2015-06-17,1,Epinion,,c,3.9,3.9
Denmark,2015,denmark_2015_3,2015-06-17,1,Epinion,,k,0.7,0.7
Denmark,2015,denmark_2015_3,2015-06-17,1,Epinion,,aa,4.9,4.9
Denmark,2015,denmark_2015_4,2015-06-17,1,Megafon,,v,20.6,20.6
Denmark,2015,denmark_2015_4,2015-06-17,1,Megafon,,a,25.5,25.5
Denmark,2015,denmark_2015_4,2015-06-17,1,Megafon,,o,17.9,17.9
Denmark,2015,denmark_2015_4,2015-06-17,1,Megafon,,b,5.0,5.0
Denmark,2015,denmark_2015_4,2015-06-17,1,Megafon,,f,5.2,5.2
Denmark,2015,denmark_2015_4,2015-06-17,1,Megafon,,oe,8.6,8.6
Denmark,2015,denmark_2015_4,2015-06-17,1,Megafon,,i,7.7,7.7
Denmark,2015,denmark_2015_4,2015-06-17,1,Megafon,,c,3.9,3.9
Denmark,2015,denmark_2015_4,2015-06-17,1,Megafon,,k,0.9,0.9
Denmark,2015,denmark_2015_4,2015-06-17,1,Megafon,,aa,4.6,4.6
Denmark,2015,denmark_2015_5,2015-06-16,2,Gallup,,v,20.6,20.6
Denmark,2015,denmark_2015_5,2015-06-16,2,Gallup,,a,26.4,26.4
Denmark,2015,denmark_2015_5,2015-06-16,2,Gallup,,o,17.6,17.6
Denmark,2015,denmark_2015_5,2015-06-16,2,Gallup,,b,4.6,4.6
Denmark,2015,denmark_2015_5,2015-06-16,2,Gallup,,f,4.9,4.9
Denmark,2015,denmark_2015_5,2015-06-16,2,Gallup,,oe,9.1,9.1
Denmark,2015,denmark_2015_5,2015-06-16,2,Gallup,,i,7.2,7.2
Denmark,2015,denmark_2015_5,2015-06-16,2,Gallup,,c,4.1,4.1
Denmark,2015,denmark_2015_5,2015-06-16,2,Gallup,,k,0.8,0.8
Denmark,2015,denmark_2015_5,2015-06-16,2,Gallup,,aa,4.2,4.2
Denmark,2015,denmark_2015_6,2015-06-16,2,Wilke,,v,19.8,19.8
Denmark,2015,denmark_2015_6,2015-06-16,2,Wilke,,a,24.0,24.0
Denmark,2015,denmark_2015_6,2015-06-16,2,Wilke,,o,17.5,17.5
Denmark,2015,denmark_2015_6,2015-06-16,2,Wilke,,b,5.2,5.2
Denmark,2015,denmark_2015_6,2015-06-16,2,Wilke,,f,5.5,5.5
Denmark,2015,denmark_2015_6,2015-06-16,2,Wilke,,oe,9.0,9.0
Denmark,2015,denmark_2015_6,2015-06-16,2,Wilke,,i,7.8,7.8
Denmark,2015,denmark_2015_6,2015-06-16,2,Wilke,,c,4.7,4.7
Denmark,2015,denmark_2015_6,2015-06-16,2,Wilke,,k,1.0,1.0
Denmark,2015,denmark_2015_6,2015-06-16,2,Wilke,,aa,5.5,5.5
Denmark,2015,denmark_2015_7,2015-06-16,2,Voxmeter,,v,21.3,21.3
Denmark,2015,denmark_2015_7,2015-06-16,2,Voxmeter,,a,26.1,26.1
Denmark,2015,denmark_2015_7,2015-06-16,2,Voxmeter,,o,16.1,16.1
Denmark,2015,denmark_2015_7,2015-06-16,2,Voxmeter,,b,4.8,4.8
Denmark,2015,denmark_2015_7,2015-06-16,2,Voxmeter,,f,6.2,6.2
Denmark,2015,denmark_2015_7,2015-06-16,2,Voxmeter,,oe,8.1,8.1
Denmark,2015,denmark_2015_7,2015-06-16,2,Voxmeter,,i,8.4,8.4
Denmark,2015,denmark_2015_7,2015-06-16,2,Voxmeter,,c,3.5,3.5
Denmark,2015,denmark_2015_7,2015-06-16,2,Voxmeter,,k,1.0,1.0
Denmark,2015,denmark_2015_7,2015-06-16,2,Voxmeter,,aa,4.3,4.3
Denmark,2015,denmark_2015_8,2015-06-16,2,Greens,,v,20.4,20.4
Denmark,2015,denmark_2015_8,2015-06-16,2,Greens,,a,24.4,24.4
Denmark,2015,denmark_2015_8,2015-06-16,2,Greens,,o,19.5,19.5
Denmark,2015,denmark_2015_8,2015-06-16,2,Greens,,b,5.2,5.2
Denmark,2015,denmark_2015_8,2015-06-16,2,Greens,,f,5.7,5.7
Denmark,2015,denmark_2015_8,2015-06-16,2,Greens,,oe,8.5,8.5
Denmark,2015,denmark_2015_8,2015-06-16,2,Greens,,i,7.2,7.2
Denmark,2015,denmark_2015_8,2015-06-16,2,Greens,,c,3.2,3.2
Denmark,2015,denmark_2015_8,2015-06-16,2,Greens,,k,0.5,0.5
Denmark,2015,denmark_2015_8,2015-06-16,2,Greens,,aa,5.4,5.4
Denmark,2015,denmark_2015_9,2015-06-16,2,Megafon,,v,20.4,20.4
Denmark,2015,denmark_2015_9,2015-06-16,2,Megafon,,a,25.5,25.5
Denmark,2015,denmark_2015_9,2015-06-16,2,Megafon,,o,17.9,17.9
Denmark,2015,denmark_2015_9,2015-06-16,2,Megafon,,b,5.0,5.0
Denmark,2015,denmark_2015_9,2015-06-16,2,Megafon,,f,5.3,5.3
Denmark,2015,denmark_2015_9,2015-06-16,2,Megafon,,oe,8.4,8.4
Denmark,2015,denmark_2015_9,2015-06-16,2,Megafon,,i,8.0,8.0
Denmark,2015,denmark_2015_9,2015-06-16,2,Megafon,,c,3.8,3.8
Denmark,2015,denmark_2015_9,2015-06-16,2,Megafon,,k,1.0,1.0
Denmark,2015,denmark_2015_9,2015-06-16,2,Megafon,,aa,4.6,4.6
Denmark,2015,denmark_2015_10,2015-06-16,2,Epinion,,v,20.4,20.4
Denmark,2015,denmark_2015_10,2015-06-16,2,Epinion,,a,24.7,24.7
Denmark,2015,denmark_2015_10,2015-06-16,2,Epinion,,o,17.6,17.6
Denmark,2015,denmark_2015_10,2015-06-16,2,Epinion,,b,4.8,4.8
Denmark,2015,denmark_2015_10,2015-06-16,2,Epinion,,f,5.8,5.8
Denmark,2015,denmark_2015_10,2015-06-16,2,Epinion,,oe,9.4,9.4
Denmark,2015,denmark_2015_10,2015-06-16,2,Epinion,,i,7.9,7.9
Denmark,2015,denmark_2015_10,2015-06-16,2,Epinion,,c,3.7,3.7
Denmark,2015,denmark_2015_10,2015-06-16,2,Epinion,,k,1.0,1.0
Denmark,2015,denmark_2015_10,2015-06-16,2,Epinion,,aa,4.7,4.7
Denmark,2015,denmark_2015_11,2015-06-15,3,Gallup,,v,21.2,21.2
Denmark,2015,denmark_2015_11,2015-06-15,3,Gallup,,a,25.4,25.4
Denmark,2015,denmark_2015_11,2015-06-15,3,Gallup,,o,18.0,18.0
Denmark,2015,denmark_2015_11,2015-06-15,3,Gallup,,b,5.1,5.1
Denmark,2015,denmark_2015_11,2015-06-15,3,Gallup,,f,4.9,4.9
Denmark,2015,denmark_2015_11,2015-06-15,3,Gallup,,oe,8.6,8.6
Denmark,2015,denmark_2015_11,2015-06-15,3,Gallup,,i,7.2,7.2
Denmark,2015,denmark_2015_11,2015-06-15,3,Gallup,,c,3.7,3.7
Denmark,2015,denmark_2015_11,2015-06-15,3,Gallup,,k,1.1,1.1
Denmark,2015,denmark_2015_11,2015-06-15,3,Gallup,,aa,4.7,4.7
Denmark,2015,denmark_2015_12,2015-06-15,3,Wilke,,v,18.8,18.8
Denmark,2015,denmark_2015_12,2015-06-15,3,Wilke,,a,25.9,25.9
Denmark,2015,denmark_2015_12,2015-06-15,3,Wilke,,o,16.7,16.7
Denmark,2015,denmark_2015_12,2015-06-15,3,Wilke,,b,5.6,5.6
Denmark,2015,denmark_2015_12,2015-06-15,3,Wilke,,f,5.7,5.7
Denmark,2015,denmark_2015_12,2015-06-15,3,Wilke,,oe,8.1,8.1
Denmark,2015,denmark_2015_12,2015-06-15,3,Wilke,,i,8.3,8.3
Denmark,2015,denmark_2015_12,2015-06-15,3,Wilke,,c,4.6,4.6
Denmark,2015,denmark_2015_12,2015-06-15,3,Wilke,,k,1.5,1.5
Denmark,2015,denmark_2015_12,2015-06-15,3,Wilke,,aa,5.0,5.0
Denmark,2015,denmark_2015_13,2015-06-15,3,Greens,,v,19.8,19.8
Denmark,2015,denmark_2015_13,2015-06-15,3,Greens,,a,24.6,24.6
Denmark,2015,denmark_2015_13,2015-06-15,3,Greens,,o,19.2,19.2
Denmark,2015,denmark_2015_13,2015-06-15,3,Greens,,b,4.7,4.7
Denmark,2015,denmark_2015_13,2015-06-15,3,Greens,,f,5.6,5.6
Denmark,2015,denmark_2015_13,2015-06-15,3,Greens,,oe,9.4,9.4
Denmark,2015,denmark_2015_13,2015-06-15,3,Greens,,i,7.7,7.7
Denmark,2015,denmark_2015_13,2015-06-15,3,Greens,,c,3.3,3.3
Denmark,2015,denmark_2015_13,2015-06-15,3,Greens,,k,0.7,0.7
Denmark,2015,denmark_2015_13,2015-06-15,3,Greens,,aa,5.0,5.0
Denmark,2015,denmark_2015_14,2015-06-15,3,Voxmeter,,v,21.9,21.9
Denmark,2015,denmark_2015_14,2015-06-15,3,Voxmeter,,a,26.6,26.6
Denmark,2015,denmark_2015_14,2015-06-15,3,Voxmeter,,o,15.7,15.7
Denmark,2015,denmark_2015_14,2015-06-15,3,Voxmeter,,b,5.0,5.0
Denmark,2015,denmark_2015_14,2015-06-15,3,Voxmeter,,f,6.4,6.4
Denmark,2015,denmark_2015_14,2015-06-15,3,Voxmeter,,oe,8.4,8.4
Denmark,2015,denmark_2015_14,2015-06-15,3,Voxmeter,,i,8.1,8.1
Denmark,2015,denmark_2015_14,2015-06-15,3,Voxmeter,,c,3.0,3.0
Denmark,2015,denmark_2015_14,2015-06-15,3,Voxmeter,,k,0.8,0.8
Denmark,2015,denmark_2015_14,2015-06-15,3,Voxmeter,,aa,3.9,3.9
Denmark,2015,denmark_2015_15,2015-06-15,3,Epinion,,v,20.3,20.3
Denmark,2015,denmark_2015_15,2015-06-15,3,Epinion,,a,24.1,24.1
Denmark,2015,denmark_2015_15,2015-06-15,3,Epinion,,o,18.4,18.4
Denmark,2015,denmark_2015_15,2015-06-15,3,Epinion,,b,5.0,5.0
Denmark,2015,denmark_2015_15,2015-06-15,3,Epinion,,f,6.2,6.2
Denmark,2015,denmark_2015_15,2015-06-15,3,Epinion,,oe,9.0,9.0
Denmark,2015,denmark_2015_15,2015-06-15,3,Epinion,,i,7.5,7.5
Denmark,2015,denmark_2015_15,2015-06-15,3,Epinion,,c,4.3,4.3
Denmark,2015,denmark_2015_15,2015-06-15,3,Epinion,,k,0.9,0.9
Denmark,2015,denmark_2015_15,2015-06-15,3,Epinion,,aa,4.2,4.2
Denmark,2015,denmark_2015_16,2015-06-15,3,Megafon,,v,20.0,20.0
Denmark,2015,denmark_2015_16,2015-06-15,3,Megafon,,a,25.8,25.8
Denmark,2015,denmark_2015_16,2015-06-15,3,Megafon,,o,18.1,18.1
Denmark,2015,denmark_2015_16,2015-06-15,3,Megafon,,b,5.3,5.3
Denmark,2015,denmark_2015_16,2015-06-15,3,Megafon,,f,5.1,5.1
Denmark,2015,denmark_2015_16,2015-06-15,3,Megafon,,oe,8.3,8.3
Denmark,2015,denmark_2015_16,2015-06-15,3,Megafon,,i,8.1,8.1
Denmark,2015,denmark_2015_16,2015-06-15,3,Megafon,,c,3.4,3.4
Denmark,2015,denmark_2015_16,2015-06-15,3,Megafon,,k,1.2,1.2
Denmark,2015,denmark_2015_16,2015-06-15,3,Megafon,,aa,4.6,4.6
Denmark,2015,denmark_2015_17,2015-06-14,4,Wilke,,v,19.4,19.4
Denmark,2015,denmark_2015_17,2015-06-14,4,Wilke,,a,26.2,26.2
Denmark,2015,denmark_2015_17,2015-06-14,4,Wilke,,o,16.7,16.7
Denmark,2015,denmark_2015_17,2015-06-14,4,Wilke,,b,5.3,5.3
Denmark,2015,denmark_2015_17,2015-06-14,4,Wilke,,f,5.4,5.4
Denmark,2015,denmark_2015_17,2015-06-14,4,Wilke,,oe,7.5,7.5
Denmark,2015,denmark_2015_17,2015-06-14,4,Wilke,,i,8.8,8.8
Denmark,2015,denmark_2015_17,2015-06-14,4,Wilke,,c,4.5,4.5
Denmark,2015,denmark_2015_17,2015-06-14,4,Wilke,,k,1.2,1.2
Denmark,2015,denmark_2015_17,2015-06-14,4,Wilke,,aa,5.0,5.0
Denmark,2015,denmark_2015_18,2015-06-14,4,Gallup,,v,21.2,21.2
Denmark,2015,denmark_2015_18,2015-06-14,4,Gallup,,a,26.3,26.3
Denmark,2015,denmark_2015_18,2015-06-14,4,Gallup,,o,18.0,18.0
Denmark,2015,denmark_2015_18,2015-06-14,4,Gallup,,b,4.8,4.8
Denmark,2015,denmark_2015_18,2015-06-14,4,Gallup,,f,5.0,5.0
Denmark,2015,denmark_2015_18,2015-06-14,4,Gallup,,oe,8.5,8.5
Denmark,2015,denmark_2015_18,2015-06-14,4,Gallup,,i,6.9,6.9
Denmark,2015,denmark_2015_18,2015-06-14,4,Gallup,,c,3.4,3.4
Denmark,2015,denmark_2015_18,2015-06-14,4,Gallup,,k,1.2,1.2
Denmark,2015,denmark_2015_18,2015-06-14,4,Gallup,,aa,4.6,4.6
Denmark,2015,denmark_2015_19,2015-06-14,4,Voxmeter,,v,22.4,22.4
Denmark,2015,denmark_2015_19,2015-06-14,4,Voxmeter,,a,26.9,26.9
Denmark,2015,denmark_2015_19,2015-06-14,4,Voxmeter,,o,16.2,16.2
Denmark,2015,denmark_2015_19,2015-06-14,4,Voxmeter,,b,4.6,4.6
Denmark,2015,denmark_2015_19,2015-06-14,4,Voxmeter,,f,6.6,6.6
Denmark,2015,denmark_2015_19,2015-06-14,4,Voxmeter,,oe,7.6,7.6
Denmark,2015,denmark_2015_19,2015-06-14,4,Voxmeter,,i,7.5,7.5
Denmark,2015,denmark_2015_19,2015-06-14,4,Voxmeter,,c,2.7,2.7
Denmark,2015,denmark_2015_19,2015-06-14,4,Voxmeter,,k,0.7,0.7
Denmark,2015,denmark_2015_19,2015-06-14,4,Voxmeter,,aa,4.6,4.6
Denmark,2015,denmark_2015_20,2015-06-14,4,Greens,,v,20.4,20.4
Denmark,2015,denmark_2015_20,2015-06-14,4,Greens,,a,23.7,23.7
Denmark,2015,denmark_2015_20,2015-06-14,4,Greens,,o,19.6,19.6
Denmark,2015,denmark_2015_20,2015-06-14,4,Greens,,b,5.2,5.2
Denmark,2015,denmark_2015_20,2015-06-14,4,Greens,,f,5.6,5.6
Denmark,2015,denmark_2015_20,2015-06-14,4,Greens,,oe,9.1,9.1
Denmark,2015,denmark_2015_20,2015-06-14,4,Greens,,i,8.2,8.2
Denmark,2015,denmark_2015_20,2015-06-14,4,Greens,,c,2.9,2.9
Denmark,2015,denmark_2015_20,2015-06-14,4,Greens,,k,1.2,1.2
Denmark,2015,denmark_2015_20,2015-06-14,4,Greens,,aa,4.1,4.1
Denmark,2015,denmark_2015_21,2015-06-14,4,Megafon,,v,20.7,20.7
Denmark,2015,denmark_2015_21,2015-06-14,4,Megafon,,a,25.7,25.7
Denmark,2015,denmark_2015_21,2015-06-14,4,Megafon,,o,17.4,17.4
Denmark,2015,denmark_2015_21,2015-06-14,4,Megafon,,b,5.5,5.5
Denmark,2015,denmark_2015_21,2015-06-14,4,Megafon,,f,5.3,5.3
Denmark,2015,denmark_2015_21,2015-06-14,4,Megafon,,oe,7.6,7.6
Denmark,2015,denmark_2015_21,2015-06-14,4,Megafon,,i,8.5,8.5
Denmark,2015,denmark_2015_21,2015-06-14,4,Megafon,,c,3.5,3.5
Denmark,2015,denmark_2015_21,2015-06-14,4,Megafon,,k,1.1,1.1
Denmark,2015,denmark_2015_21,2015-06-14,4,Megafon,,aa,4.6,4.6
Denmark,2015,denmark_2015_22,2015-06-14,4,Epinion,,v,20.2,20.2
Denmark,2015,denmark_2015_22,2015-06-14,4,Epinion,,a,24.9,24.9
Denmark,2015,denmark_2015_22,2015-06-14,4,Epinion,,o,18.8,18.8
Denmark,2015,denmark_2015_22,2015-06-14,4,Epinion,,b,4.3,4.3
Denmark,2015,denmark_2015_22,2015-06-14,4,Epinion,,f,5.3,5.3
Denmark,2015,denmark_2015_22,2015-06-14,4,Epinion,,oe,8.6,8.6
Denmark,2015,denmark_2015_22,2015-06-14,4,Epinion,,i,8.2,8.2
Denmark,2015,denmark_2015_22,2015-06-14,4,Epinion,,c,3.9,3.9
Denmark,2015,denmark_2015_22,2015-06-14,4,Epinion,,k,0.8,0.8
Denmark,2015,denmark_2015_22,2015-06-14,4,Epinion,,aa,5.0,5.0
Denmark,2015,denmark_2015_23,2015-06-13,5,Voxmeter,,v,23.3,23.3
Denmark,2015,denmark_2015_23,2015-06-13,5,Voxmeter,,a,26.1,26.1
Denmark,2015,denmark_2015_23,2015-06-13,5,Voxmeter,,o,16.9,16.9
Denmark,2015,denmark_2015_23,2015-06-13,5,Voxmeter,,b,4.7,4.7
Denmark,2015,denmark_2015_23,2015-06-13,5,Voxmeter,,f,6.3,6.3
Denmark,2015,denmark_2015_23,2015-06-13,5,Voxmeter,,oe,7.1,7.1
Denmark,2015,denmark_2015_23,2015-06-13,5,Voxmeter,,i,7.6,7.6
Denmark,2015,denmark_2015_23,2015-06-13,5,Voxmeter,,c,2.6,2.6
Denmark,2015,denmark_2015_23,2015-06-13,5,Voxmeter,,k,0.8,0.8
Denmark,2015,denmark_2015_23,2015-06-13,5,Voxmeter,,aa,4.3,4.3
Denmark,2015,denmark_2015_24,2015-06-13,5,Gallup,,v,21.0,21.0
Denmark,2015,denmark_2015_24,2015-06-13,5,Gallup,,a,26.3,26.3
Denmark,2015,denmark_2015_24,2015-06-13,5,Gallup,,o,18.4,18.4
Denmark,2015,denmark_2015_24,2015-06-13,5,Gallup,,b,5.0,5.0
Denmark,2015,denmark_2015_24,2015-06-13,5,Gallup,,f,4.9,4.9
Denmark,2015,denmark_2015_24,2015-06-13,5,Gallup,,oe,8.4,8.4
Denmark,2015,denmark_2015_24,2015-06-13,5,Gallup,,i,6.4,6.4
Denmark,2015,denmark_2015_24,2015-06-13,5,Gallup,,c,3.5,3.5
Denmark,2015,denmark_2015_24,2015-06-13,5,Gallup,,k,1.5,1.5
Denmark,2015,denmark_2015_24,2015-06-13,5,Gallup,,aa,4.4,4.4
Denmark,2015,denmark_2015_25,2015-06-13,5,Wilke,,v,20.2,20.2
Denmark,2015,denmark_2015_25,2015-06-13,5,Wilke,,a,24.5,24.5
Denmark,2015,denmark_2015_25,2015-06-13,5,Wilke,,o,17.0,17.0
Denmark,2015,denmark_2015_25,2015-06-13,5,Wilke,,b,5.5,5.5
Denmark,2015,denmark_2015_25,2015-06-13,5,Wilke,,f,6.5,6.5
Denmark,2015,denmark_2015_25,2015-06-13,5,Wilke,,oe,8.2,8.2
Denmark,2015,denmark_2015_25,2015-06-13,5,Wilke,,i,8.9,8.9
Denmark,2015,denmark_2015_25,2015-06-13,5,Wilke,,c,4.1,4.1
Denmark,2015,denmark_2015_25,2015-06-13,5,Wilke,,k,0.8,0.8
Denmark,2015,denmark_2015_25,2015-06-13,5,Wilke,,aa,4.3,4.3
Denmark,2015,denmark_2015_26,2015-06-13,5,Megafon,,v,20.4,20.4
Denmark,2015,denmark_2015_26,2015-06-13,5,Megafon,,a,24.8,24.8
Denmark,2015,denmark_2015_26,2015-06-13,5,Megafon,,o,17.5,17.5
Denmark,2015,denmark_2015_26,2015-06-13,5,Megafon,,b,6.4,6.4
Denmark,2015,denmark_2015_26,2015-06-13,5,Megafon,,f,6.4,6.4
Denmark,2015,denmark_2015_26,2015-06-13,5,Megafon,,oe,7.2,7.2
Denmark,2015,denmark_2015_26,2015-06-13,5,Megafon,,i,8.9,8.9
Denmark,2015,denmark_2015_26,2015-06-13,5,Megafon,,c,3.5,3.5
Denmark,2015,denmark_2015_26,2015-06-13,5,Megafon,,k,0.9,0.9
Denmark,2015,denmark_2015_26,2015-06-13,5,Megafon,,aa,3.9,3.9
Denmark,2015,denmark_2015_27,2015-06-13,5,Greens,,v,20.6,20.6
Denmark,2015,denmark_2015_27,2015-06-13,5,Greens,,a,23.6,23.6
Denmark,2015,denmark_2015_27,2015-06-13,5,Greens,,o,20.2,20.2
Denmark,2015,denmark_2015_27,2015-06-13,5,Greens,,b,5.3,5.3
Denmark,2015,denmark_2015_27,2015-06-13,5,Greens,,f,5.3,5.3
Denmark,2015,denmark_2015_27,2015-06-13,5,Greens,,oe,9.1,9.1
Denmark,2015,denmark_2015_27,2015-06-13,5,Greens,,i,8.0,8.0
Denmark,2015,denmark_2015_27,2015-06-13,5,Greens,,c,2.9,2.9
Denmark,2015,denmark_2015_27,2015-06-13,5,Greens,,k,1.2,1.2
Denmark,2015,denmark_2015_27,2015-06-13,5,Greens,,aa,3.8,3.8
Denmark,2015,denmark_2015_28,2015-06-13,5,Epinion,,v,20.0,20.0
Denmark,2015,denmark_2015_28,2015-06-13,5,Epinion,,a,25.6,25.6
Denmark,2015,denmark_2015_28,2015-06-13,5,Epinion,,o,19.7,19.7
Denmark,2015,denmark_2015_28,2015-06-13,5,Epinion,,b,4.6,4.6
Denmark,2015,denmark_2015_28,2015-06-13,5,Epinion,,f,4.5,4.5
Denmark,2015,denmark_2015_28,2015-06-13,5,Epinion,,oe,8.1,8.1
Denmark,2015,denmark_2015_28,2015-06-13,5,Epinion,,i,8.4,8.4
Denmark,2015,denmark_2015_28,2015-06-13,5,Epinion,,c,3.7,3.7
Denmark,2015,denmark_2015_28,2015-06-13,5,Epinion,,k,0.7,0.7
Denmark,2015,denmark_2015_28,2015-06-13,5,Epinion,,aa,4.8,4.8
Denmark,2015,denmark_2015_29,2015-06-12,6,Voxmeter,,v,21.1,21.1
Denmark,2015,denmark_2015_29,2015-06-12,6,Voxmeter,,a,25.6,25.6
Denmark,2015,denmark_2015_29,2015-06-12,6,Voxmeter,,o,17.8,17.8
Denmark,2015,denmark_2015_29,2015-06-12,6,Voxmeter,,b,5.0,5.0
Denmark,2015,denmark_2015_29,2015-06-12,6,Voxmeter,,f,5.5,5.5
Denmark,2015,denmark_2015_29,2015-06-12,6,Voxmeter,,oe,8.2,8.2
Denmark,2015,denmark_2015_29,2015-06-12,6,Voxmeter,,i,7.5,7.5
Denmark,2015,denmark_2015_29,2015-06-12,6,Voxmeter,,c,3.5,3.5
Denmark,2015,denmark_2015_29,2015-06-12,6,Voxmeter,,k,0.9,0.9
Denmark,2015,denmark_2015_29,2015-06-12,6,Voxmeter,,aa,4.5,4.5
Denmark,2015,denmark_2015_30,2015-06-12,6,Gallup,,v,21.2,21.2
Denmark,2015,denmark_2015_30,2015-06-12,6,Gallup,,a,25.5,25.5
Denmark,2015,denmark_2015_30,2015-06-12,6,Gallup,,o,18.5,18.5
Denmark,2015,denmark_2015_30,2015-06-12,6,Gallup,,b,4.9,4.9
Denmark,2015,denmark_2015_30,2015-06-12,6,Gallup,,f,5.4,5.4
Denmark,2015,denmark_2015_30,2015-06-12,6,Gallup,,oe,8.1,8.1
Denmark,2015,denmark_2015_30,2015-06-12,6,Gallup,,i,7.7,7.7
Denmark,2015,denmark_2015_30,2015-06-12,6,Gallup,,c,3.3,3.3
Denmark,2015,denmark_2015_30,2015-06-12,6,Gallup,,k,1.0,1.0
Denmark,2015,denmark_2015_30,2015-06-12,6,Gallup,,aa,4.4,4.4
Denmark,2015,denmark_2015_31,2015-06-12,6,Greens,,v,20.5,20.5
Denmark,2015,denmark_2015_31,2015-06-12,6,Greens,,a,24.3,24.3
Denmark,2015,denmark_2015_31,2015-06-12,6,Greens,,o,19.2,19.2
Denmark,2015,denmark_2015_31,2015-06-12,6,Greens,,b,4.9,4.9
Denmark,2015,denmark_2015_31,2015-06-12,6,Greens,,f,6.1,6.1
Denmark,2015,denmark_2015_31,2015-06-12,6,Greens,,oe,8.2,8.2
Denmark,2015,denmark_2015_31,2015-06-12,6,Greens,,i,8.9,8.9
Denmark,2015,denmark_2015_31,2015-06-12,6,Greens,,c,2.8,2.8
Denmark,2015,denmark_2015_31,2015-06-12,6,Greens,,k,1.1,1.1
Denmark,2015,denmark_2015_31,2015-06-12,6,Greens,,aa,4.0,4.0
Denmark,2015,denmark_2015_32,2015-06-12,6,Megafon,,v,20.7,20.7
Denmark,2015,denmark_2015_32,2015-06-12,6,Megafon,,a,25.0,25.0
Denmark,2015,denmark_2015_32,2015-06-12,6,Megafon,,o,16.9,16.9
Denmark,2015,denmark_2015_32,2015-06-12,6,Megafon,,b,5.8,5.8
Denmark,2015,denmark_2015_32,2015-06-12,6,Megafon,,f,5.5,5.5
Denmark,2015,denmark_2015_32,2015-06-12,6,Megafon,,oe,8.0,8.0
Denmark,2015,denmark_2015_32,2015-06-12,6,Megafon,,i,8.5,8.5
Denmark,2015,denmark_2015_32,2015-06-12,6,Megafon,,c,3.9,3.9
Denmark,2015,denmark_2015_32,2015-06-12,6,Megafon,,k,1.5,1.5
Denmark,2015,denmark_2015_32,2015-06-12,6,Megafon,,aa,4.1,4.1
Denmark,2015,denmark_2015_33,2015-06-12,6,Wilke,,v,21.4,21.4
Denmark,2015,denmark_2015_33,2015-06-12,6,Wilke,,a,24.7,24.7
Denmark,2015,denmark_2015_33,2015-06-12,6,Wilke,,o,16.6,16.6
Denmark,2015,denmark_2015_33,2015-06-12,6,Wilke,,b,5.3,5.3
Denmark,2015,denmark_2015_33,2015-06-12,6,Wilke,,f,6.7,6.7
Denmark,2015,denmark_2015_33,2015-06-12,6,Wilke,,oe,8.2,8.2
Denmark,2015,denmark_2015_33,2015-06-12,6,Wilke,,i,8.6,8.6
Denmark,2015,denmark_2015_33,2015-06-12,6,Wilke,,c,3.6,3.6
Denmark,2015,denmark_2015_33,2015-06-12,6,Wilke,,k,1.1,1.1
Denmark,2015,denmark_2015_33,2015-06-12,6,Wilke,,aa,3.8,3.8
Denmark,2015,denmark_2015_34,2015-06-12,6,Epinion,,v,20.7,20.7
Denmark,2015,denmark_2015_34,2015-06-12,6,Epinion,,a,25.3,25.3
Denmark,2015,denmark_2015_34,2015-06-12,6,Epinion,,o,19.3,19.3
Denmark,2015,denmark_2015_34,2015-06-12,6,Epinion,,b,4.3,4.3
Denmark,2015,denmark_2015_34,2015-06-12,6,Epinion,,f,4.9,4.9
Denmark,2015,denmark_2015_34,2015-06-12,6,Epinion,,oe,8.5,8.5
Denmark,2015,denmark_2015_34,2015-06-12,6,Epinion,,i,8.2,8.2
Denmark,2015,denmark_2015_34,2015-06-12,6,Epinion,,c,3.3,3.3
Denmark,2015,denmark_2015_34,2015-06-12,6,Epinion,,k,0.7,0.7
Denmark,2015,denmark_2015_34,2015-06-12,6,Epinion,,aa,5.1,5.1
Denmark,2015,denmark_2015_35,2015-06-11,7,Wilke,,v,21.0,21.0
Denmark,2015,denmark_2015_35,2015-06-11,7,Wilke,,a,25.0,25.0
Denmark,2015,denmark_2015_35,2015-06-11,7,Wilke,,o,16.4,16.4
Denmark,2015,denmark_2015_35,2015-06-11,7,Wilke,,b,5.5,5.5
Denmark,2015,denmark_2015_35,2015-06-11,7,Wilke,,f,6.3,6.3
Denmark,2015,denmark_2015_35,2015-06-11,7,Wilke,,oe,8.9,8.9
Denmark,2015,denmark_2015_35,2015-06-11,7,Wilke,,i,7.7,7.7
Denmark,2015,denmark_2015_35,2015-06-11,7,Wilke,,c,3.9,3.9
Denmark,2015,denmark_2015_35,2015-06-11,7,Wilke,,k,1.1,1.1
Denmark,2015,denmark_2015_35,2015-06-11,7,Wilke,,aa,4.2,4.2
Denmark,2015,denmark_2015_36,2015-06-11,7,Gallup,,v,20.8,20.8
Denmark,2015,denmark_2015_36,2015-06-11,7,Gallup,,a,26.5,26.5
Denmark,2015,denmark_2015_36,2015-06-11,7,Gallup,,o,17.5,17.5
Denmark,2015,denmark_2015_36,2015-06-11,7,Gallup,,b,4.8,4.8
Denmark,2015,denmark_2015_36,2015-06-11,7,Gallup,,f,4.7,4.7
Denmark,2015,denmark_2015_36,2015-06-11,7,Gallup,,oe,9.3,9.3
Denmark,2015,denmark_2015_36,2015-06-11,7,Gallup,,i,6.8,6.8
Denmark,2015,denmark_2015_36,2015-06-11,7,Gallup,,c,4.3,4.3
Denmark,2015,denmark_2015_36,2015-06-11,7,Gallup,,k,0.7,0.7
Denmark,2015,denmark_2015_36,2015-06-11,7,Gallup,,aa,4.4,4.4
Denmark,2015,denmark_2015_37,2015-06-11,7,Megafon,,v,21.3,21.3
Denmark,2015,denmark_2015_37,2015-06-11,7,Megafon,,a,25.2,25.2
Denmark,2015,denmark_2015_37,2015-06-11,7,Megafon,,o,16.8,16.8
Denmark,2015,denmark_2015_37,2015-06-11,7,Megafon,,b,6.0,6.0
Denmark,2015,denmark_2015_37,2015-06-11,7,Megafon,,f,5.4,5.4
Denmark,2015,denmark_2015_37,2015-06-11,7,Megafon,,oe,8.5,8.5
Denmark,2015,denmark_2015_37,2015-06-11,7,Megafon,,i,9.0,9.0
Denmark,2015,denmark_2015_37,2015-06-11,7,Megafon,,c,3.3,3.3
Denmark,2015,denmark_2015_37,2015-06-11,7,Megafon,,k,0.8,0.8
Denmark,2015,denmark_2015_37,2015-06-11,7,Megafon,,aa,3.6,3.6
Denmark,2015,denmark_2015_38,2015-06-11,7,Voxmeter,,v,22.7,22.7
Denmark,2015,denmark_2015_38,2015-06-11,7,Voxmeter,,a,26.1,26.1
Denmark,2015,denmark_2015_38,2015-06-11,7,Voxmeter,,o,18.0,18.0
Denmark,2015,denmark_2015_38,2015-06-11,7,Voxmeter,,b,5.2,5.2
Denmark,2015,denmark_2015_38,2015-06-11,7,Voxmeter,,f,5.7,5.7
Denmark,2015,denmark_2015_38,2015-06-11,7,Voxmeter,,oe,6.6,6.6
Denmark,2015,denmark_2015_38,2015-06-11,7,Voxmeter,,i,7.5,7.5
Denmark,2015,denmark_2015_38,2015-06-11,7,Voxmeter,,c,3.1,3.1
Denmark,2015,denmark_2015_38,2015-06-11,7,Voxmeter,,k,0.9,0.9
Denmark,2015,denmark_2015_38,2015-06-11,7,Voxmeter,,aa,4.0,4.0
Denmark,2015,denmark_2015_39,2015-06-11,7,Greens,,v,20.3,20.3
Denmark,2015,denmark_2015_39,2015-06-11,7,Greens,,a,24.4,24.4
Denmark,2015,denmark_2015_39,2015-06-11,7,Greens,,o,18.5,18.5
Denmark,2015,denmark_2015_39,2015-06-11,7,Greens,,b,4.5,4.5
Denmark,2015,denmark_2015_39,2015-06-11,7,Greens,,f,6.3,6.3
Denmark,2015,denmark_2015_39,2015-06-11,7,Greens,,oe,8.2,8.2
Denmark,2015,denmark_2015_39,2015-06-11,7,Greens,,i,8.8,8.8
Denmark,2015,denmark_2015_39,2015-06-11,7,Greens,,c,3.0,3.0
Denmark,2015,denmark_2015_39,2015-06-11,7,Greens,,k,0.7,0.7
Denmark,2015,denmark_2015_39,2015-06-11,7,Greens,,aa,5.3,5.3
Denmark,2015,denmark_2015_40,2015-06-11,7,Epinion,,v,20.2,20.2
Denmark,2015,denmark_2015_40,2015-06-11,7,Epinion,,a,24.9,24.9
Denmark,2015,denmark_2015_40,2015-06-11,7,Epinion,,o,19.2,19.2
Denmark,2015,denmark_2015_40,2015-06-11,7,Epinion,,b,5.3,5.3
Denmark,2015,denmark_2015_40,2015-06-11,7,Epinion,,f,5.5,5.5
Denmark,2015,denmark_2015_40,2015-06-11,7,Epinion,,oe,8.3,8.3
Denmark,2015,denmark_2015_40,2015-06-11,7,Epinion,,i,8.0,8.0
Denmark,2015,denmark_2015_40,2015-06-11,7,Epinion,,c,3.2,3.2
Denmark,2015,denmark_2015_40,2015-06-11,7,Epinion,,k,0.9,0.9
Denmark,2015,denmark_2015_40,2015-06-11,7,Epinion,,aa,4.6,4.6
Denmark,2015,denmark_2015_41,2015-06-10,8,Wilke,,v,20.9,20.9
Denmark,2015,denmark_2015_41,2015-06-10,8,Wilke,,a,25.8,25.8
Denmark,2015,denmark_2015_41,2015-06-10,8,Wilke,,o,17.0,17.0
Denmark,2015,denmark_2015_41,2015-06-10,8,Wilke,,b,5.7,5.7
Denmark,2015,denmark_2015_41,2015-06-10,8,Wilke,,f,5.8,5.8
Denmark,2015,denmark_2015_41,2015-06-10,8,Wilke,,oe,8.5,8.5
Denmark,2015,denmark_2015_41,2015-06-10,8,Wilke,,i,8.1,8.1
Denmark,2015,denmark_2015_41,2015-06-10,8,Wilke,,c,3.9,3.9
Denmark,2015,denmark_2015_41,2015-06-10,8,Wilke,,k,0.1,0.1
Denmark,2015,denmark_2015_41,2015-06-10,8,Wilke,,aa,4.2,4.2
Denmark,2015,denmark_2015_42,2015-06-10,8,Gallup,,v,20.8,20.8
Denmark,2015,denmark_2015_42,2015-06-10,8,Gallup,,a,25.8,25.8
Denmark,2015,denmark_2015_42,2015-06-10,8,Gallup,,o,16.7,16.7
Denmark,2015,denmark_2015_42,2015-06-10,8,Gallup,,b,5.2,5.2
Denmark,2015,denmark_2015_42,2015-06-10,8,Gallup,,f,4.7,4.7
Denmark,2015,denmark_2015_42,2015-06-10,8,Gallup,,oe,9.4,9.4
Denmark,2015,denmark_2015_42,2015-06-10,8,Gallup,,i,7.4,7.4
Denmark,2015,denmark_2015_42,2015-06-10,8,Gallup,,c,4.5,4.5
Denmark,2015,denmark_2015_42,2015-06-10,8,Gallup,,k,0.7,0.7
Denmark,2015,denmark_2015_42,2015-06-10,8,Gallup,,aa,4.6,4.6
Denmark,2015,denmark_2015_43,2015-06-10,8,Greens,,v,20.6,20.6
Denmark,2015,denmark_2015_43,2015-06-10,8,Greens,,a,25.8,25.8
Denmark,2015,denmark_2015_43,2015-06-10,8,Greens,,o,16.9,16.9
Denmark,2015,denmark_2015_43,2015-06-10,8,Greens,,b,4.8,4.8
Denmark,2015,denmark_2015_43,2015-06-10,8,Greens,,f,5.8,5.8
Denmark,2015,denmark_2015_43,2015-06-10,8,Greens,,oe,8.7,8.7
Denmark,2015,denmark_2015_43,2015-06-10,8,Greens,,i,9.3,9.3
Denmark,2015,denmark_2015_43,2015-06-10,8,Greens,,c,2.5,2.5
Denmark,2015,denmark_2015_43,2015-06-10,8,Greens,,k,0.4,0.4
Denmark,2015,denmark_2015_43,2015-06-10,8,Greens,,aa,5.2,5.2
Denmark,2015,denmark_2015_44,2015-06-10,8,Megafon,,v,20.1,20.1
Denmark,2015,denmark_2015_44,2015-06-10,8,Megafon,,a,26.2,26.2
Denmark,2015,denmark_2015_44,2015-06-10,8,Megafon,,o,17.3,17.3
Denmark,2015,denmark_2015_44,2015-06-10,8,Megafon,,b,5.7,5.7
Denmark,2015,denmark_2015_44,2015-06-10,8,Megafon,,f,4.9,4.9
Denmark,2015,denmark_2015_44,2015-06-10,8,Megafon,,oe,8.5,8.5
Denmark,2015,denmark_2015_44,2015-06-10,8,Megafon,,i,8.2,8.2
Denmark,2015,denmark_2015_44,2015-06-10,8,Megafon,,c,4.0,4.0
Denmark,2015,denmark_2015_44,2015-06-10,8,Megafon,,k,0.7,0.7
Denmark,2015,denmark_2015_44,2015-06-10,8,Megafon,,aa,4.3,4.3
Denmark,2015,denmark_2015_45,2015-06-10,8,Voxmeter,,v,22.0,22.0
Denmark,2015,denmark_2015_45,2015-06-10,8,Voxmeter,,a,26.9,26.9
Denmark,2015,denmark_2015_45,2015-06-10,8,Voxmeter,,o,17.4,17.4
Denmark,2015,denmark_2015_45,2015-06-10,8,Voxmeter,,b,5.8,5.8
Denmark,2015,denmark_2015_45,2015-06-10,8,Voxmeter,,f,5.1,5.1
Denmark,2015,denmark_2015_45,2015-06-10,8,Voxmeter,,oe,7.1,7.1
Denmark,2015,denmark_2015_45,2015-06-10,8,Voxmeter,,i,7.4,7.4
Denmark,2015,denmark_2015_45,2015-06-10,8,Voxmeter,,c,3.5,3.5
Denmark,2015,denmark_2015_45,2015-06-10,8,Voxmeter,,k,1.1,1.1
Denmark,2015,denmark_2015_45,2015-06-10,8,Voxmeter,,aa,3.7,3.7
Denmark,2015,denmark_2015_46,2015-06-10,8,Epinion,,v,19.1,19.1
Denmark,2015,denmark_2015_46,2015-06-10,8,Epinion,,a,25.1,25.1
Denmark,2015,denmark_2015_46,2015-06-10,8,Epinion,,o,19.0,19.0
Denmark,2015,denmark_2015_46,2015-06-10,8,Epinion,,b,4.9,4.9
Denmark,2015,denmark_2015_46,2015-06-10,8,Epinion,,f,6.5,6.5
Denmark,2015,denmark_2015_46,2015-06-10,8,Epinion,,oe,7.7,7.7
Denmark,2015,denmark_2015_46,2015-06-10,8,Epinion,,i,8.5,8.5
Denmark,2015,denmark_2015_46,2015-06-10,8,Epinion,,c,3.1,3.1
Denmark,2015,denmark_2015_46,2015-06-10,8,Epinion,,k,0.8,0.8
Denmark,2015,denmark_2015_46,2015-06-10,8,Epinion,,aa,5.2,5.2
Denmark,2015,denmark_2015_47,2015-06-09,9,Wilke,,v,21.1,21.1
Denmark,2015,denmark_2015_47,2015-06-09,9,Wilke,,a,25.0,25.0
Denmark,2015,denmark_2015_47,2015-06-09,9,Wilke,,o,17.1,17.1
Denmark,2015,denmark_2015_47,2015-06-09,9,Wilke,,b,5.5,5.5
Denmark,2015,denmark_2015_47,2015-06-09,9,Wilke,,f,5.6,5.6
Denmark,2015,denmark_2015_47,2015-06-09,9,Wilke,,oe,7.6,7.6
Denmark,2015,denmark_2015_47,2015-06-09,9,Wilke,,i,8.8,8.8
Denmark,2015,denmark_2015_47,2015-06-09,9,Wilke,,c,4.1,4.1
Denmark,2015,denmark_2015_47,2015-06-09,9,Wilke,,k,1.0,1.0
Denmark,2015,denmark_2015_47,2015-06-09,9,Wilke,,aa,4.2,4.2
Denmark,2015,denmark_2015_48,2015-06-09,9,Gallup,,v,19.9,19.9
Denmark,2015,denmark_2015_48,2015-06-09,9,Gallup,,a,25.6,25.6
Denmark,2015,denmark_2015_48,2015-06-09,9,Gallup,,o,17.6,17.6
Denmark,2015,denmark_2015_48,2015-06-09,9,Gallup,,b,5.3,5.3
Denmark,2015,denmark_2015_48,2015-06-09,9,Gallup,,f,4.3,4.3
Denmark,2015,denmark_2015_48,2015-06-09,9,Gallup,,oe,10.2,10.2
Denmark,2015,denmark_2015_48,2015-06-09,9,Gallup,,i,7.9,7.9
Denmark,2015,denmark_2015_48,2015-06-09,9,Gallup,,c,4.0,4.0
Denmark,2015,denmark_2015_48,2015-06-09,9,Gallup,,k,1.1,1.1
Denmark,2015,denmark_2015_48,2015-06-09,9,Gallup,,aa,4.1,4.1
Denmark,2015,denmark_2015_49,2015-06-09,9,Megafon,,v,20.6,20.6
Denmark,2015,denmark_2015_49,2015-06-09,9,Megafon,,a,26.0,26.0
Denmark,2015,denmark_2015_49,2015-06-09,9,Megafon,,o,17.2,17.2
Denmark,2015,denmark_2015_49,2015-06-09,9,Megafon,,b,5.5,5.5
Denmark,2015,denmark_2015_49,2015-06-09,9,Megafon,,f,4.4,4.4
Denmark,2015,denmark_2015_49,2015-06-09,9,Megafon,,oe,8.3,8.3
Denmark,2015,denmark_2015_49,2015-06-09,9,Megafon,,i,8.6,8.6
Denmark,2015,denmark_2015_49,2015-06-09,9,Megafon,,c,4.0,4.0
Denmark,2015,denmark_2015_49,2015-06-09,9,Megafon,,k,0.9,0.9
Denmark,2015,denmark_2015_49,2015-06-09,9,Megafon,,aa,4.4,4.4
Denmark,2015,denmark_2015_50,2015-06-09,9,Greens,,v,19.6,19.6
Denmark,2015,denmark_2015_50,2015-06-09,9,Greens,,a,26.4,26.4
Denmark,2015,denmark_2015_50,2015-06-09,9,Greens,,o,17.6,17.6
Denmark,2015,denmark_2015_50,2015-06-09,9,Greens,,b,4.9,4.9
Denmark,2015,denmark_2015_50,2015-06-09,9,Greens,,f,5.9,5.9
Denmark,2015,denmark_2015_50,2015-06-09,9,Greens,,oe,9.8,9.8
Denmark,2015,denmark_2015_50,2015-06-09,9,Greens,,i,7.8,7.8
Denmark,2015,denmark_2015_50,2015-06-09,9,Greens,,c,2.8,2.8
Denmark,2015,denmark_2015_50,2015-06-09,9,Greens,,k,0.3,0.3
Denmark,2015,denmark_2015_50,2015-06-09,9,Greens,,aa,4.9,4.9
Denmark,2015,denmark_2015_51,2015-06-09,9,Voxmeter,,v,21.5,21.5
Denmark,2015,denmark_2015_51,2015-06-09,9,Voxmeter,,a,26.4,26.4
Denmark,2015,denmark_2015_51,2015-06-09,9,Voxmeter,,o,16.8,16.8
Denmark,2015,denmark_2015_51,2015-06-09,9,Voxmeter,,b,6.2,6.2
Denmark,2015,denmark_2015_51,2015-06-09,9,Voxmeter,,f,5.4,5.4
Denmark,2015,denmark_2015_51,2015-06-09,9,Voxmeter,,oe,7.7,7.7
Denmark,2015,denmark_2015_51,2015-06-09,9,Voxmeter,,i,6.9,6.9
Denmark,2015,denmark_2015_51,2015-06-09,9,Voxmeter,,c,3.3,3.3
Denmark,2015,denmark_2015_51,2015-06-09,9,Voxmeter,,k,1.4,1.4
Denmark,2015,denmark_2015_51,2015-06-09,9,Voxmeter,,aa,4.3,4.3
Denmark,2015,denmark_2015_52,2015-06-09,9,Epinion,,v,19.0,19.0
Denmark,2015,denmark_2015_52,2015-06-09,9,Epinion,,a,26.0,26.0
Denmark,2015,denmark_2015_52,2015-06-09,9,Epinion,,o,19.5,19.5
Denmark,2015,denmark_2015_52,2015-06-09,9,Epinion,,b,4.7,4.7
Denmark,2015,denmark_2015_52,2015-06-09,9,Epinion,,f,5.9,5.9
Denmark,2015,denmark_2015_52,2015-06-09,9,Epinion,,oe,8.0,8.0
Denmark,2015,denmark_2015_52,2015-06-09,9,Epinion,,i,8.0,8.0
Denmark,2015,denmark_2015_52,2015-06-09,9,Epinion,,c,3.3,3.3
Denmark,2015,denmark_2015_52,2015-06-09,9,Epinion,,k,0.8,0.8
Denmark,2015,denmark_2015_52,2015-06-09,9,Epinion,,aa,4.8,4.8
Denmark,2015,denmark_2015_53,2015-06-08,10,Norstat,,v,18.7,18.7
Denmark,2015,denmark_2015_53,2015-06-08,10,Norstat,,a,26.9,26.9
Denmark,2015,denmark_2015_53,2015-06-08,10,Norstat,,o,19.3,19.3
Denmark,2015,denmark_2015_53,2015-06-08,10,Norstat,,b,4.1,4.1
Denmark,2015,denmark_2015_53,2015-06-08,10,Norstat,,f,6.7,6.7
Denmark,2015,denmark_2015_53,2015-06-08,10,Norstat,,oe,10.7,10.7
Denmark,2015,denmark_2015_53,2015-06-08,10,Norstat,,i,6.1,6.1
Denmark,2015,denmark_2015_53,2015-06-08,10,Norstat,,c,2.7,2.7
Denmark,2015,denmark_2015_53,2015-06-08,10,Norstat,,k,0.5,0.5
Denmark,2015,denmark_2015_53,2015-06-08,10,Norstat,,aa,3.7,3.7
Denmark,2015,denmark_2015_54,2015-06-08,10,Megafon,,v,20.8,20.8
Denmark,2015,denmark_2015_54,2015-06-08,10,Megafon,,a,25.6,25.6
Denmark,2015,denmark_2015_54,2015-06-08,10,Megafon,,o,17.5,17.5
Denmark,2015,denmark_2015_54,2015-06-08,10,Megafon,,b,5.0,5.0
Denmark,2015,denmark_2015_54,2015-06-08,10,Megafon,,f,4.7,4.7
Denmark,2015,denmark_2015_54,2015-06-08,10,Megafon,,oe,8.4,8.4
Denmark,2015,denmark_2015_54,2015-06-08,10,Megafon,,i,8.6,8.6
Denmark,2015,denmark_2015_54,2015-06-08,10,Megafon,,c,4.2,4.2
Denmark,2015,denmark_2015_54,2015-06-08,10,Megafon,,k,0.6,0.6
Denmark,2015,denmark_2015_54,2015-06-08,10,Megafon,,aa,4.5,4.5
Denmark,2015,denmark_2015_55,2015-06-08,10,Wilke,,v,20.8,20.8
Denmark,2015,denmark_2015_55,2015-06-08,10,Wilke,,a,25.0,25.0
Denmark,2015,denmark_2015_55,2015-06-08,10,Wilke,,o,17.4,17.4
Denmark,2015,denmark_2015_55,2015-06-08,10,Wilke,,b,5.7,5.7
Denmark,2015,denmark_2015_55,2015-06-08,10,Wilke,,f,6.2,6.2
Denmark,2015,denmark_2015_55,2015-06-08,10,Wilke,,oe,7.4,7.4
Denmark,2015,denmark_2015_55,2015-06-08,10,Wilke,,i,9.3,9.3
Denmark,2015,denmark_2015_55,2015-06-08,10,Wilke,,c,3.9,3.9
Denmark,2015,denmark_2015_55,2015-06-08,10,Wilke,,k,0.6,0.6
Denmark,2015,denmark_2015_55,2015-06-08,10,Wilke,,aa,3.7,3.7
Denmark,2015,denmark_2015_56,2015-06-08,10,Gallup,,v,20.0,20.0
Denmark,2015,denmark_2015_56,2015-06-08,10,Gallup,,a,26.1,26.1
Denmark,2015,denmark_2015_56,2015-06-08,10,Gallup,,o,17.4,17.4
Denmark,2015,denmark_2015_56,2015-06-08,10,Gallup,,b,5.5,5.5
Denmark,2015,denmark_2015_56,2015-06-08,10,Gallup,,f,4.6,4.6
Denmark,2015,denmark_2015_56,2015-06-08,10,Gallup,,oe,10.1,10.1
Denmark,2015,denmark_2015_56,2015-06-08,10,Gallup,,i,7.6,7.6
Denmark,2015,denmark_2015_56,2015-06-08,10,Gallup,,c,4.2,4.2
Denmark,2015,denmark_2015_56,2015-06-08,10,Gallup,,k,1.4,1.4
Denmark,2015,denmark_2015_56,2015-06-08,10,Gallup,,aa,3.1,3.1
Denmark,2015,denmark_2015_57,2015-06-08,10,Voxmeter,,v,21.9,21.9
Denmark,2015,denmark_2015_57,2015-06-08,10,Voxmeter,,a,26.0,26.0
Denmark,2015,denmark_2015_57,2015-06-08,10,Voxmeter,,o,16.2,16.2
Denmark,2015,denmark_2015_57,2015-06-08,10,Voxmeter,,b,6.4,6.4
Denmark,2015,denmark_2015_57,2015-06-08,10,Voxmeter,,f,5.9,5.9
Denmark,2015,denmark_2015_57,2015-06-08,10,Voxmeter,,oe,8.2,8.2
Denmark,2015,denmark_2015_57,2015-06-08,10,Voxmeter,,i,6.5,6.5
Denmark,2015,denmark_2015_57,2015-06-08,10,Voxmeter,,c,3.3,3.3
Denmark,2015,denmark_2015_57,2015-06-08,10,Voxmeter,,k,1.2,1.2
Denmark,2015,denmark_2015_57,2015-06-08,10,Voxmeter,,aa,4.4,4.4
Denmark,2015,denmark_2015_58,2015-06-08,10,Greens,,v,19.5,19.5
Denmark,2015,denmark_2015_58,2015-06-08,10,Greens,,a,27.1,27.1
Denmark,2015,denmark_2015_58,2015-06-08,10,Greens,,o,18.3,18.3
Denmark,2015,denmark_2015_58,2015-06-08,10,Greens,,b,5.0,5.0
Denmark,2015,denmark_2015_58,2015-06-08,10,Greens,,f,5.6,5.6
Denmark,2015,denmark_2015_58,2015-06-08,10,Greens,,oe,9.4,9.4
Denmark,2015,denmark_2015_58,2015-06-08,10,Greens,,i,7.6,7.6
Denmark,2015,denmark_2015_58,2015-06-08,10,Greens,,c,2.9,2.9
Denmark,2015,denmark_2015_58,2015-06-08,10,Greens,,k,0.1,0.1
Denmark,2015,denmark_2015_58,2015-06-08,10,Greens,,aa,4.6,4.6
Denmark,2015,denmark_2015_59,2015-06-08,10,Epinion,,v,20.0,20.0
Denmark,2015,denmark_2015_59,2015-06-08,10,Epinion,,a,26.7,26.7
Denmark,2015,denmark_2015_59,2015-06-08,10,Epinion,,o,18.3,18.3
Denmark,2015,denmark_2015_59,2015-06-08,10,Epinion,,b,4.8,4.8
Denmark,2015,denmark_2015_59,2015-06-08,10,Epinion,,f,6.0,6.0
Denmark,2015,denmark_2015_59,2015-06-08,10,Epinion,,oe,8.8,8.8
Denmark,2015,denmark_2015_59,2015-06-08,10,Epinion,,i,7.3,7.3
Denmark,2015,denmark_2015_59,2015-06-08,10,Epinion,,c,3.4,3.4
Denmark,2015,denmark_2015_59,2015-06-08,10,Epinion,,k,0.4,0.4
Denmark,2015,denmark_2015_59,2015-06-08,10,Epinion,,aa,4.3,4.3
Denmark,2015,denmark_2015_60,2015-06-07,11,Megafon,,v,21.0,21.0
Denmark,2015,denmark_2015_60,2015-06-07,11,Megafon,,a,25.5,25.5
Denmark,2015,denmark_2015_60,2015-06-07,11,Megafon,,o,17.3,17.3
Denmark,2015,denmark_2015_60,2015-06-07,11,Megafon,,b,5.4,5.4
Denmark,2015,denmark_2015_60,2015-06-07,11,Megafon,,f,5.7,5.7
Denmark,2015,denmark_2015_60,2015-06-07,11,Megafon,,oe,8.8,8.8
Denmark,2015,denmark_2015_60,2015-06-07,11,Megafon,,i,7.6,7.6
Denmark,2015,denmark_2015_60,2015-06-07,11,Megafon,,c,4.0,4.0
Denmark,2015,denmark_2015_60,2015-06-07,11,Megafon,,k,1.0,1.0
Denmark,2015,denmark_2015_60,2015-06-07,11,Megafon,,aa,3.6,3.6
Denmark,2015,denmark_2015_61,2015-06-07,11,Gallup,,v,19.4,19.4
Denmark,2015,denmark_2015_61,2015-06-07,11,Gallup,,a,26.4,26.4
Denmark,2015,denmark_2015_61,2015-06-07,11,Gallup,,o,18.2,18.2
Denmark,2015,denmark_2015_61,2015-06-07,11,Gallup,,b,5.0,5.0
Denmark,2015,denmark_2015_61,2015-06-07,11,Gallup,,f,5.1,5.1
Denmark,2015,denmark_2015_61,2015-06-07,11,Gallup,,oe,9.1,9.1
Denmark,2015,denmark_2015_61,2015-06-07,11,Gallup,,i,7.6,7.6
Denmark,2015,denmark_2015_61,2015-06-07,11,Gallup,,c,4.1,4.1
Denmark,2015,denmark_2015_61,2015-06-07,11,Gallup,,k,1.3,1.3
Denmark,2015,denmark_2015_61,2015-06-07,11,Gallup,,aa,3.8,3.8
Denmark,2015,denmark_2015_62,2015-06-07,11,Voxmeter,,v,21.1,21.1
Denmark,2015,denmark_2015_62,2015-06-07,11,Voxmeter,,a,26.8,26.8
Denmark,2015,denmark_2015_62,2015-06-07,11,Voxmeter,,o,16.5,16.5
Denmark,2015,denmark_2015_62,2015-06-07,11,Voxmeter,,b,6.3,6.3
Denmark,2015,denmark_2015_62,2015-06-07,11,Voxmeter,,f,6.4,6.4
Denmark,2015,denmark_2015_62,2015-06-07,11,Voxmeter,,oe,8.5,8.5
Denmark,2015,denmark_2015_62,2015-06-07,11,Voxmeter,,i,6.0,6.0
Denmark,2015,denmark_2015_62,2015-06-07,11,Voxmeter,,c,3.6,3.6
Denmark,2015,denmark_2015_62,2015-06-07,11,Voxmeter,,k,0.9,0.9
Denmark,2015,denmark_2015_62,2015-06-07,11,Voxmeter,,aa,3.9,3.9
Denmark,2015,denmark_2015_63,2015-06-07,11,Greens,,v,19.3,19.3
Denmark,2015,denmark_2015_63,2015-06-07,11,Greens,,a,25.5,25.5
Denmark,2015,denmark_2015_63,2015-06-07,11,Greens,,o,19.0,19.0
Denmark,2015,denmark_2015_63,2015-06-07,11,Greens,,b,5.2,5.2
Denmark,2015,denmark_2015_63,2015-06-07,11,Greens,,f,5.0,5.0
Denmark,2015,denmark_2015_63,2015-06-07,11,Greens,,oe,9.5,9.5
Denmark,2015,denmark_2015_63,2015-06-07,11,Greens,,i,7.4,7.4
Denmark,2015,denmark_2015_63,2015-06-07,11,Greens,,c,3.7,3.7
Denmark,2015,denmark_2015_63,2015-06-07,11,Greens,,k,0.2,0.2
Denmark,2015,denmark_2015_63,2015-06-07,11,Greens,,aa,4.9,4.9
Denmark,2015,denmark_2015_64,2015-06-07,11,Epinion,,v,20.0,20.0
Denmark,2015,denmark_2015_64,2015-06-07,11,Epinion,,a,26.7,26.7
Denmark,2015,denmark_2015_64,2015-06-07,11,Epinion,,o,17.8,17.8
Denmark,2015,denmark_2015_64,2015-06-07,11,Epinion,,b,4.9,4.9
Denmark,2015,denmark_2015_64,2015-06-07,11,Epinion,,f,5.9,5.9
Denmark,2015,denmark_2015_64,2015-06-07,11,Epinion,,oe,9.0,9.0
Denmark,2015,denmark_2015_64,2015-06-07,11,Epinion,,i,7.4,7.4
Denmark,2015,denmark_2015_64,2015-06-07,11,Epinion,,c,3.7,3.7
Denmark,2015,denmark_2015_64,2015-06-07,11,Epinion,,k,0.5,0.5
Denmark,2015,denmark_2015_64,2015-06-07,11,Epinion,,aa,4.0,4.0
Denmark,2015,denmark_2015_65,2015-06-06,12,Wilke,,v,19.1,19.1
Denmark,2015,denmark_2015_65,2015-06-06,12,Wilke,,a,24.9,24.9
Denmark,2015,denmark_2015_65,2015-06-06,12,Wilke,,o,19.1,19.1
Denmark,2015,denmark_2015_65,2015-06-06,12,Wilke,,b,6.7,6.7
Denmark,2015,denmark_2015_65,2015-06-06,12,Wilke,,f,6.5,6.5
Denmark,2015,denmark_2015_65,2015-06-06,12,Wilke,,oe,8.5,8.5
Denmark,2015,denmark_2015_65,2015-06-06,12,Wilke,,i,7.2,7.2
Denmark,2015,denmark_2015_65,2015-06-06,12,Wilke,,c,3.4,3.4
Denmark,2015,denmark_2015_65,2015-06-06,12,Wilke,,k,0.8,0.8
Denmark,2015,denmark_2015_65,2015-06-06,12,Wilke,,aa,3.8,3.8
Denmark,2015,denmark_2015_66,2015-06-06,12,Greens,,v,20.0,20.0
Denmark,2015,denmark_2015_66,2015-06-06,12,Greens,,a,25.6,25.6
Denmark,2015,denmark_2015_66,2015-06-06,12,Greens,,o,19.5,19.5
Denmark,2015,denmark_2015_66,2015-06-06,12,Greens,,b,5.2,5.2
Denmark,2015,denmark_2015_66,2015-06-06,12,Greens,,f,5.5,5.5
Denmark,2015,denmark_2015_66,2015-06-06,12,Greens,,oe,8.3,8.3
Denmark,2015,denmark_2015_66,2015-06-06,12,Greens,,i,7.7,7.7
Denmark,2015,denmark_2015_66,2015-06-06,12,Greens,,c,3.5,3.5
Denmark,2015,denmark_2015_66,2015-06-06,12,Greens,,k,0.2,0.2
Denmark,2015,denmark_2015_66,2015-06-06,12,Greens,,aa,4.5,4.5
Denmark,2015,denmark_2015_67,2015-06-06,12,Voxmeter,,v,20.5,20.5
Denmark,2015,denmark_2015_67,2015-06-06,12,Voxmeter,,a,27.0,27.0
Denmark,2015,denmark_2015_67,2015-06-06,12,Voxmeter,,o,17.2,17.2
Denmark,2015,denmark_2015_67,2015-06-06,12,Voxmeter,,b,6.3,6.3
Denmark,2015,denmark_2015_67,2015-06-06,12,Voxmeter,,f,6.0,6.0
Denmark,2015,denmark_2015_67,2015-06-06,12,Voxmeter,,oe,7.7,7.7
Denmark,2015,denmark_2015_67,2015-06-06,12,Voxmeter,,i,6.9,6.9
Denmark,2015,denmark_2015_67,2015-06-06,12,Voxmeter,,c,4.1,4.1
Denmark,2015,denmark_2015_67,2015-06-06,12,Voxmeter,,k,0.6,0.6
Denmark,2015,denmark_2015_67,2015-06-06,12,Voxmeter,,aa,3.6,3.6
Denmark,2015,denmark_2015_68,2015-06-06,12,Epinion,,v,20.2,20.2
Denmark,2015,denmark_2015_68,2015-06-06,12,Epinion,,a,26.4,26.4
Denmark,2015,denmark_2015_68,2015-06-06,12,Epinion,,o,18.3,18.3
Denmark,2015,denmark_2015_68,2015-06-06,12,Epinion,,b,5.3,5.3
Denmark,2015,denmark_2015_68,2015-06-06,12,Epinion,,f,5.6,5.6
Denmark,2015,denmark_2015_68,2015-06-06,12,Epinion,,oe,8.8,8.8
Denmark,2015,denmark_2015_68,2015-06-06,12,Epinion,,i,7.2,7.2
Denmark,2015,denmark_2015_68,2015-06-06,12,Epinion,,c,3.7,3.7
Denmark,2015,denmark_2015_68,2015-06-06,12,Epinion,,k,0.6,0.6
Denmark,2015,denmark_2015_68,2015-06-06,12,Epinion,,aa,4.0,4.0
Denmark,2015,denmark_2015_69,2015-06-05,13,Wilke,,v,19.3,19.3
Denmark,2015,denmark_2015_69,2015-06-05,13,Wilke,,a,23.5,23.5
Denmark,2015,denmark_2015_69,2015-06-05,13,Wilke,,o,20.2,20.2
Denmark,2015,denmark_2015_69,2015-06-05,13,Wilke,,b,7.2,7.2
Denmark,2015,denmark_2015_69,2015-06-05,13,Wilke,,f,5.8,5.8
Denmark,2015,denmark_2015_69,2015-06-05,13,Wilke,,oe,9.0,9.0
Denmark,2015,denmark_2015_69,2015-06-05,13,Wilke,,i,6.3,6.3
Denmark,2015,denmark_2015_69,2015-06-05,13,Wilke,,c,4.2,4.2
Denmark,2015,denmark_2015_69,2015-06-05,13,Wilke,,k,0.9,0.9
Denmark,2015,denmark_2015_69,2015-06-05,13,Wilke,,aa,3.6,3.6
Denmark,2015,denmark_2015_70,2015-06-05,13,Gallup,,v,19.1,19.1
Denmark,2015,denmark_2015_70,2015-06-05,13,Gallup,,a,26.9,26.9
Denmark,2015,denmark_2015_70,2015-06-05,13,Gallup,,o,18.1,18.1
Denmark,2015,denmark_2015_70,2015-06-05,13,Gallup,,b,5.2,5.2
Denmark,2015,denmark_2015_70,2015-06-05,13,Gallup,,f,6.2,6.2
Denmark,2015,denmark_2015_70,2015-06-05,13,Gallup,,oe,7.3,7.3
Denmark,2015,denmark_2015_70,2015-06-05,13,Gallup,,i,6.7,6.7
Denmark,2015,denmark_2015_70,2015-06-05,13,Gallup,,c,4.5,4.5
Denmark,2015,denmark_2015_70,2015-06-05,13,Gallup,,k,1.2,1.2
Denmark,2015,denmark_2015_70,2015-06-05,13,Gallup,,aa,4.6,4.6
Denmark,2015,denmark_2015_71,2015-06-05,13,Voxmeter,,v,20.2,20.2
Denmark,2015,denmark_2015_71,2015-06-05,13,Voxmeter,,a,27.1,27.1
Denmark,2015,denmark_2015_71,2015-06-05,13,Voxmeter,,o,17.0,17.0
Denmark,2015,denmark_2015_71,2015-06-05,13,Voxmeter,,b,5.8,5.8
Denmark,2015,denmark_2015_71,2015-06-05,13,Voxmeter,,f,5.7,5.7
Denmark,2015,denmark_2015_71,2015-06-05,13,Voxmeter,,oe,7.9,7.9
Denmark,2015,denmark_2015_71,2015-06-05,13,Voxmeter,,i,7.6,7.6
Denmark,2015,denmark_2015_71,2015-06-05,13,Voxmeter,,c,4.1,4.1
Denmark,2015,denmark_2015_71,2015-06-05,13,Voxmeter,,k,0.8,0.8
Denmark,2015,denmark_2015_71,2015-06-05,13,Voxmeter,,aa,3.6,3.6
Denmark,2015,denmark_2015_72,2015-06-05,13,Greens,,v,20.6,20.6
Denmark,2015,denmark_2015_72,2015-06-05,13,Greens,,a,25.7,25.7
Denmark,2015,denmark_2015_72,2015-06-05,13,Greens,,o,19.2,19.2
Denmark,2015,denmark_2015_72,2015-06-05,13,Greens,,b,4.7,4.7
Denmark,2015,denmark_2015_72,2015-06-05,13,Greens,,f,6.0,6.0
Denmark,2015,denmark_2015_72,2015-06-05,13,Greens,,oe,8.7,8.7
Denmark,2015,denmark_2015_72,2015-06-05,13,Greens,,i,7.0,7.0
Denmark,2015,denmark_2015_72,2015-06-05,13,Greens,,c,3.9,3.9
Denmark,2015,denmark_2015_72,2015-06-05,13,Greens,,k,0.6,0.6
Denmark,2015,denmark_2015_72,2015-06-05,13,Greens,,aa,3.6,3.6
Denmark,2015,denmark_2015_73,2015-06-05,13,Epinion,,v,20.2,20.2
Denmark,2015,denmark_2015_73,2015-06-05,13,Epinion,,a,26.4,26.4
Denmark,2015,denmark_2015_73,2015-06-05,13,Epinion,,o,18.7,18.7
Denmark,2015,denmark_2015_73,2015-06-05,13,Epinion,,b,4.7,4.7
Denmark,2015,denmark_2015_73,2015-06-05,13,Epinion,,f,5.8,5.8
Denmark,2015,denmark_2015_73,2015-06-05,13,Epinion,,oe,8.7,8.7
Denmark,2015,denmark_2015_73,2015-06-05,13,Epinion,,i,7.3,7.3
Denmark,2015,denmark_2015_73,2015-06-05,13,Epinion,,c,3.4,3.4
Denmark,2015,denmark_2015_73,2015-06-05,13,Epinion,,k,0.6,0.6
Denmark,2015,denmark_2015_73,2015-06-05,13,Epinion,,aa,4.2,4.2
Denmark,2015,denmark_2015_74,2015-06-04,14,Gallup,,v,20.7,20.7
Denmark,2015,denmark_2015_74,2015-06-04,14,Gallup,,a,27.6,27.6
Denmark,2015,denmark_2015_74,2015-06-04,14,Gallup,,o,18.1,18.1
Denmark,2015,denmark_2015_74,2015-06-04,14,Gallup,,b,5.4,5.4
Denmark,2015,denmark_2015_74,2015-06-04,14,Gallup,,f,5.7,5.7
Denmark,2015,denmark_2015_74,2015-06-04,14,Gallup,,oe,8.0,8.0
Denmark,2015,denmark_2015_74,2015-06-04,14,Gallup,,i,5.5,5.5
Denmark,2015,denmark_2015_74,2015-06-04,14,Gallup,,c,4.1,4.1
Denmark,2015,denmark_2015_74,2015-06-04,14,Gallup,,k,0.8,0.8
Denmark,2015,denmark_2015_74,2015-06-04,14,Gallup,,aa,4.0,4.0
Denmark,2015,denmark_2015_75,2015-06-04,14,Wilke,,v,20.0,20.0
Denmark,2015,denmark_2015_75,2015-06-04,14,Wilke,,a,24.5,24.5
Denmark,2015,denmark_2015_75,2015-06-04,14,Wilke,,o,19.2,19.2
Denmark,2015,denmark_2015_75,2015-06-04,14,Wilke,,b,6.4,6.4
Denmark,2015,denmark_2015_75,2015-06-04,14,Wilke,,f,5.9,5.9
Denmark,2015,denmark_2015_75,2015-06-04,14,Wilke,,oe,8.6,8.6
Denmark,2015,denmark_2015_75,2015-06-04,14,Wilke,,i,6.7,6.7
Denmark,2015,denmark_2015_75,2015-06-04,14,Wilke,,c,4.4,4.4
Denmark,2015,denmark_2015_75,2015-06-04,14,Wilke,,k,1.0,1.0
Denmark,2015,denmark_2015_75,2015-06-04,14,Wilke,,aa,3.3,3.3
Denmark,2015,denmark_2015_76,2015-06-04,14,Megafon,,v,21.5,21.5
Denmark,2015,denmark_2015_76,2015-06-04,14,Megafon,,a,25.5,25.5
Denmark,2015,denmark_2015_76,2015-06-04,14,Megafon,,o,18.6,18.6
Denmark,2015,denmark_2015_76,2015-06-04,14,Megafon,,b,5.3,5.3
Denmark,2015,denmark_2015_76,2015-06-04,14,Megafon,,f,6.2,6.2
Denmark,2015,denmark_2015_76,2015-06-04,14,Megafon,,oe,8.1,8.1
Denmark,2015,denmark_2015_76,2015-06-04,14,Megafon,,i,6.5,6.5
Denmark,2015,denmark_2015_76,2015-06-04,14,Megafon,,c,3.2,3.2
Denmark,2015,denmark_2015_76,2015-06-04,14,Megafon,,k,1.4,1.4
Denmark,2015,denmark_2015_76,2015-06-04,14,Megafon,,aa,3.6,3.6
Denmark,2015,denmark_2015_77,2015-06-04,14,Greens,,v,20.5,20.5
Denmark,2015,denmark_2015_77,2015-06-04,14,Greens,,a,26.8,26.8
Denmark,2015,denmark_2015_77,2015-06-04,14,Greens,,o,19.7,19.7
Denmark,2015,denmark_2015_77,2015-06-04,14,Greens,,b,4.0,4.0
Denmark,2015,denmark_2015_77,2015-06-04,14,Greens,,f,6.5,6.5
Denmark,2015,denmark_2015_77,2015-06-04,14,Greens,,oe,8.0,8.0
Denmark,2015,denmark_2015_77,2015-06-04,14,Greens,,i,6.9,6.9
Denmark,2015,denmark_2015_77,2015-06-04,14,Greens,,c,3.8,3.8
Denmark,2015,denmark_2015_77,2015-06-04,14,Greens,,k,0.5,0.5
Denmark,2015,denmark_2015_77,2015-06-04,14,Greens,,aa,3.3,3.3
Denmark,2015,denmark_2015_78,2015-06-04,14,Voxmeter,,v,20.1,20.1
Denmark,2015,denmark_2015_78,2015-06-04,14,Voxmeter,,a,26.7,26.7
Denmark,2015,denmark_2015_78,2015-06-04,14,Voxmeter,,o,17.2,17.2
Denmark,2015,denmark_2015_78,2015-06-04,14,Voxmeter,,b,5.5,5.5
Denmark,2015,denmark_2015_78,2015-06-04,14,Voxmeter,,f,5.9,5.9
Denmark,2015,denmark_2015_78,2015-06-04,14,Voxmeter,,oe,8.4,8.4
Denmark,2015,denmark_2015_78,2015-06-04,14,Voxmeter,,i,8.4,8.4
Denmark,2015,denmark_2015_78,2015-06-04,14,Voxmeter,,c,3.7,3.7
Denmark,2015,denmark_2015_78,2015-06-04,14,Voxmeter,,k,0.8,0.8
Denmark,2015,denmark_2015_78,2015-06-04,14,Voxmeter,,aa,3.3,3.3
Denmark,2015,denmark_2015_79,2015-06-04,14,Epinion,,v,21.0,21.0
Denmark,2015,denmark_2015_79,2015-06-04,14,Epinion,,a,26.4,26.4
Denmark,2015,denmark_2015_79,2015-06-04,14,Epinion,,o,18.9,18.9
Denmark,2015,denmark_2015_79,2015-06-04,14,Epinion,,b,4.7,4.7
Denmark,2015,denmark_2015_79,2015-06-04,14,Epinion,,f,5.7,5.7
Denmark,2015,denmark_2015_79,2015-06-04,14,Epinion,,oe,8.6,8.6
Denmark,2015,denmark_2015_79,2015-06-04,14,Epinion,,i,6.8,6.8
Denmark,2015,denmark_2015_79,2015-06-04,14,Epinion,,c,3.4,3.4
Denmark,2015,denmark_2015_79,2015-06-04,14,Epinion,,k,0.7,0.7
Denmark,2015,denmark_2015_79,2015-06-04,14,Epinion,,aa,3.8,3.8
Denmark,2015,denmark_2015_80,2015-06-03,15,Wilke,,v,19.8,19.8
Denmark,2015,denmark_2015_80,2015-06-03,15,Wilke,,a,24.7,24.7
Denmark,2015,denmark_2015_80,2015-06-03,15,Wilke,,o,18.6,18.6
Denmark,2015,denmark_2015_80,2015-06-03,15,Wilke,,b,7.2,7.2
Denmark,2015,denmark_2015_80,2015-06-03,15,Wilke,,f,6.4,6.4
Denmark,2015,denmark_2015_80,2015-06-03,15,Wilke,,oe,8.5,8.5
Denmark,2015,denmark_2015_80,2015-06-03,15,Wilke,,i,6.8,6.8
Denmark,2015,denmark_2015_80,2015-06-03,15,Wilke,,c,4.1,4.1
Denmark,2015,denmark_2015_80,2015-06-03,15,Wilke,,k,0.6,0.6
Denmark,2015,denmark_2015_80,2015-06-03,15,Wilke,,aa,3.3,3.3
Denmark,2015,denmark_2015_81,2015-06-03,15,Gallup,,v,21.8,21.8
Denmark,2015,denmark_2015_81,2015-06-03,15,Gallup,,a,25.8,25.8
Denmark,2015,denmark_2015_81,2015-06-03,15,Gallup,,o,18.7,18.7
Denmark,2015,denmark_2015_81,2015-06-03,15,Gallup,,b,5.2,5.2
Denmark,2015,denmark_2015_81,2015-06-03,15,Gallup,,f,4.8,4.8
Denmark,2015,denmark_2015_81,2015-06-03,15,Gallup,,oe,9.5,9.5
Denmark,2015,denmark_2015_81,2015-06-03,15,Gallup,,i,6.0,6.0
Denmark,2015,denmark_2015_81,2015-06-03,15,Gallup,,c,4.0,4.0
Denmark,2015,denmark_2015_81,2015-06-03,15,Gallup,,k,0.4,0.4
Denmark,2015,denmark_2015_81,2015-06-03,15,Gallup,,aa,3.6,3.6
Denmark,2015,denmark_2015_82,2015-06-03,15,Greens,,v,20.1,20.1
Denmark,2015,denmark_2015_82,2015-06-03,15,Greens,,a,26.6,26.6
Denmark,2015,denmark_2015_82,2015-06-03,15,Greens,,o,18.6,18.6
Denmark,2015,denmark_2015_82,2015-06-03,15,Greens,,b,4.0,4.0
Denmark,2015,denmark_2015_82,2015-06-03,15,Greens,,f,6.4,6.4
Denmark,2015,denmark_2015_82,2015-06-03,15,Greens,,oe,9.4,9.4
Denmark,2015,denmark_2015_82,2015-06-03,15,Greens,,i,7.3,7.3
Denmark,2015,denmark_2015_82,2015-06-03,15,Greens,,c,3.4,3.4
Denmark,2015,denmark_2015_82,2015-06-03,15,Greens,,k,0.5,0.5
Denmark,2015,denmark_2015_82,2015-06-03,15,Greens,,aa,3.2,3.2
Denmark,2015,denmark_2015_83,2015-06-03,15,Voxmeter,,v,20.7,20.7
Denmark,2015,denmark_2015_83,2015-06-03,15,Voxmeter,,a,26.2,26.2
Denmark,2015,denmark_2015_83,2015-06-03,15,Voxmeter,,o,16.9,16.9
Denmark,2015,denmark_2015_83,2015-06-03,15,Voxmeter,,b,4.9,4.9
Denmark,2015,denmark_2015_83,2015-06-03,15,Voxmeter,,f,6.4,6.4
Denmark,2015,denmark_2015_83,2015-06-03,15,Voxmeter,,oe,9.2,9.2
Denmark,2015,denmark_2015_83,2015-06-03,15,Voxmeter,,i,7.9,7.9
Denmark,2015,denmark_2015_83,2015-06-03,15,Voxmeter,,c,3.1,3.1
Denmark,2015,denmark_2015_83,2015-06-03,15,Voxmeter,,k,0.9,0.9
Denmark,2015,denmark_2015_83,2015-06-03,15,Voxmeter,,aa,3.8,3.8
Denmark,2015,denmark_2015_84,2015-06-03,15,Epinion,,v,20.6,20.6
Denmark,2015,denmark_2015_84,2015-06-03,15,Epinion,,a,25.7,25.7
Denmark,2015,denmark_2015_84,2015-06-03,15,Epinion,,o,18.3,18.3
Denmark,2015,denmark_2015_84,2015-06-03,15,Epinion,,b,4.2,4.2
Denmark,2015,denmark_2015_84,2015-06-03,15,Epinion,,f,6.3,6.3
Denmark,2015,denmark_2015_84,2015-06-03,15,Epinion,,oe,8.7,8.7
Denmark,2015,denmark_2015_84,2015-06-03,15,Epinion,,i,8.2,8.2
Denmark,2015,denmark_2015_84,2015-06-03,15,Epinion,,c,3.4,3.4
Denmark,2015,denmark_2015_84,2015-06-03,15,Epinion,,k,0.6,0.6
Denmark,2015,denmark_2015_84,2015-06-03,15,Epinion,,aa,3.8,3.8
Denmark,2015,denmark_2015_85,2015-06-03,15,Megafon,,v,20.8,20.8
Denmark,2015,denmark_2015_85,2015-06-03,15,Megafon,,a,25.5,25.5
Denmark,2015,denmark_2015_85,2015-06-03,15,Megafon,,o,18.8,18.8
Denmark,2015,denmark_2015_85,2015-06-03,15,Megafon,,b,5.7,5.7
Denmark,2015,denmark_2015_85,2015-06-03,15,Megafon,,f,6.6,6.6
Denmark,2015,denmark_2015_85,2015-06-03,15,Megafon,,oe,8.3,8.3
Denmark,2015,denmark_2015_85,2015-06-03,15,Megafon,,i,6.6,6.6
Denmark,2015,denmark_2015_85,2015-06-03,15,Megafon,,c,3.3,3.3
Denmark,2015,denmark_2015_85,2015-06-03,15,Megafon,,k,1.2,1.2
Denmark,2015,denmark_2015_85,2015-06-03,15,Megafon,,aa,3.1,3.1
Denmark,2015,denmark_2015_86,2015-06-02,16,Wilke,,v,19.3,19.3
Denmark,2015,denmark_2015_86,2015-06-02,16,Wilke,,a,25.0,25.0
Denmark,2015,denmark_2015_86,2015-06-02,16,Wilke,,o,18.4,18.4
Denmark,2015,denmark_2015_86,2015-06-02,16,Wilke,,b,7.4,7.4
Denmark,2015,denmark_2015_86,2015-06-02,16,Wilke,,f,6.7,6.7
Denmark,2015,denmark_2015_86,2015-06-02,16,Wilke,,oe,8.2,8.2
Denmark,2015,denmark_2015_86,2015-06-02,16,Wilke,,i,6.7,6.7
Denmark,2015,denmark_2015_86,2015-06-02,16,Wilke,,c,3.6,3.6
Denmark,2015,denmark_2015_86,2015-06-02,16,Wilke,,k,0.8,0.8
Denmark,2015,denmark_2015_86,2015-06-02,16,Wilke,,aa,3.9,3.9
Denmark,2015,denmark_2015_87,2015-06-02,16,Greens,,v,20.5,20.5
Denmark,2015,denmark_2015_87,2015-06-02,16,Greens,,a,26.4,26.4
Denmark,2015,denmark_2015_87,2015-06-02,16,Greens,,o,18.5,18.5
Denmark,2015,denmark_2015_87,2015-06-02,16,Greens,,b,4.0,4.0
Denmark,2015,denmark_2015_87,2015-06-02,16,Greens,,f,6.6,6.6
Denmark,2015,denmark_2015_87,2015-06-02,16,Greens,,oe,9.2,9.2
Denmark,2015,denmark_2015_87,2015-06-02,16,Greens,,i,8.3,8.3
Denmark,2015,denmark_2015_87,2015-06-02,16,Greens,,c,3.5,3.5
Denmark,2015,denmark_2015_87,2015-06-02,16,Greens,,k,0.3,0.3
Denmark,2015,denmark_2015_87,2015-06-02,16,Greens,,aa,2.7,2.7
Denmark,2015,denmark_2015_88,2015-06-02,16,Gallup,,v,22.4,22.4
Denmark,2015,denmark_2015_88,2015-06-02,16,Gallup,,a,25.1,25.1
Denmark,2015,denmark_2015_88,2015-06-02,16,Gallup,,o,19.0,19.0
Denmark,2015,denmark_2015_88,2015-06-02,16,Gallup,,b,6.0,6.0
Denmark,2015,denmark_2015_88,2015-06-02,16,Gallup,,f,4.7,4.7
Denmark,2015,denmark_2015_88,2015-06-02,16,Gallup,,oe,9.6,9.6
Denmark,2015,denmark_2015_88,2015-06-02,16,Gallup,,i,5.8,5.8
Denmark,2015,denmark_2015_88,2015-06-02,16,Gallup,,c,3.6,3.6
Denmark,2015,denmark_2015_88,2015-06-02,16,Gallup,,k,0.5,0.5
Denmark,2015,denmark_2015_88,2015-06-02,16,Gallup,,aa,3.0,3.0
Denmark,2015,denmark_2015_89,2015-06-02,16,Megafon,,v,21.1,21.1
Denmark,2015,denmark_2015_89,2015-06-02,16,Megafon,,a,25.3,25.3
Denmark,2015,denmark_2015_89,2015-06-02,16,Megafon,,o,18.2,18.2
Denmark,2015,denmark_2015_89,2015-06-02,16,Megafon,,b,6.8,6.8
Denmark,2015,denmark_2015_89,2015-06-02,16,Megafon,,f,5.9,5.9
Denmark,2015,denmark_2015_89,2015-06-02,16,Megafon,,oe,8.0,8.0
Denmark,2015,denmark_2015_89,2015-06-02,16,Megafon,,i,7.0,7.0
Denmark,2015,denmark_2015_89,2015-06-02,16,Megafon,,c,3.0,3.0
Denmark,2015,denmark_2015_89,2015-06-02,16,Megafon,,k,1.3,1.3
Denmark,2015,denmark_2015_89,2015-06-02,16,Megafon,,aa,3.3,3.3
Denmark,2015,denmark_2015_90,2015-06-02,16,Voxmeter,,v,21.5,21.5
Denmark,2015,denmark_2015_90,2015-06-02,16,Voxmeter,,a,25.6,25.6
Denmark,2015,denmark_2015_90,2015-06-02,16,Voxmeter,,o,17.1,17.1
Denmark,2015,denmark_2015_90,2015-06-02,16,Voxmeter,,b,5.3,5.3
Denmark,2015,denmark_2015_90,2015-06-02,16,Voxmeter,,f,6.9,6.9
Denmark,2015,denmark_2015_90,2015-06-02,16,Voxmeter,,oe,9.0,9.0
Denmark,2015,denmark_2015_90,2015-06-02,16,Voxmeter,,i,7.7,7.7
Denmark,2015,denmark_2015_90,2015-06-02,16,Voxmeter,,c,2.6,2.6
Denmark,2015,denmark_2015_90,2015-06-02,16,Voxmeter,,k,0.8,0.8
Denmark,2015,denmark_2015_90,2015-06-02,16,Voxmeter,,aa,3.4,3.4
Denmark,2015,denmark_2015_91,2015-06-02,16,Epinion,,v,21.0,21.0
Denmark,2015,denmark_2015_91,2015-06-02,16,Epinion,,a,26.1,26.1
Denmark,2015,denmark_2015_91,2015-06-02,16,Epinion,,o,17.9,17.9
Denmark,2015,denmark_2015_91,2015-06-02,16,Epinion,,b,4.5,4.5
Denmark,2015,denmark_2015_91,2015-06-02,16,Epinion,,f,5.8,5.8
Denmark,2015,denmark_2015_91,2015-06-02,16,Epinion,,oe,9.1,9.1
Denmark,2015,denmark_2015_91,2015-06-02,16,Epinion,,i,8.0,8.0
Denmark,2015,denmark_2015_91,2015-06-02,16,Epinion,,c,3.6,3.6
Denmark,2015,denmark_2015_91,2015-06-02,16,Epinion,,k,0.8,0.8
Denmark,2015,denmark_2015_91,2015-06-02,16,Epinion,,aa,3.1,3.1
Denmark,2015,denmark_2015_92,2015-06-01,17,Gallup,,v,21.5,21.5
Denmark,2015,denmark_2015_92,2015-06-01,17,Gallup,,a,24.7,24.7
Denmark,2015,denmark_2015_92,2015-06-01,17,Gallup,,o,18.8,18.8
Denmark,2015,denmark_2015_92,2015-06-01,17,Gallup,,b,6.0,6.0
Denmark,2015,denmark_2015_92,2015-06-01,17,Gallup,,f,5.0,5.0
Denmark,2015,denmark_2015_92,2015-06-01,17,Gallup,,oe,9.7,9.7
Denmark,2015,denmark_2015_92,2015-06-01,17,Gallup,,i,6.4,6.4
Denmark,2015,denmark_2015_92,2015-06-01,17,Gallup,,c,4.0,4.0
Denmark,2015,denmark_2015_92,2015-06-01,17,Gallup,,k,0.5,0.5
Denmark,2015,denmark_2015_92,2015-06-01,17,Gallup,,aa,3.1,3.1
Denmark,2015,denmark_2015_93,2015-06-01,17,Wilke,,v,19.3,19.3
Denmark,2015,denmark_2015_93,2015-06-01,17,Wilke,,a,25.1,25.1
Denmark,2015,denmark_2015_93,2015-06-01,17,Wilke,,o,17.9,17.9
Denmark,2015,denmark_2015_93,2015-06-01,17,Wilke,,b,7.4,7.4
Denmark,2015,denmark_2015_93,2015-06-01,17,Wilke,,f,6.5,6.5
Denmark,2015,denmark_2015_93,2015-06-01,17,Wilke,,oe,8.2,8.2
Denmark,2015,denmark_2015_93,2015-06-01,17,Wilke,,i,7.0,7.0
Denmark,2015,denmark_2015_93,2015-06-01,17,Wilke,,c,3.7,3.7
Denmark,2015,denmark_2015_93,2015-06-01,17,Wilke,,k,0.9,0.9
Denmark,2015,denmark_2015_93,2015-06-01,17,Wilke,,aa,4.0,4.0
Denmark,2015,denmark_2015_94,2015-06-01,17,Epinion,,v,20.0,20.0
Denmark,2015,denmark_2015_94,2015-06-01,17,Epinion,,a,25.8,25.8
Denmark,2015,denmark_2015_94,2015-06-01,17,Epinion,,o,18.9,18.9
Denmark,2015,denmark_2015_94,2015-06-01,17,Epinion,,b,4.8,4.8
Denmark,2015,denmark_2015_94,2015-06-01,17,Epinion,,f,5.5,5.5
Denmark,2015,denmark_2015_94,2015-06-01,17,Epinion,,oe,9.5,9.5
Denmark,2015,denmark_2015_94,2015-06-01,17,Epinion,,i,7.4,7.4
Denmark,2015,denmark_2015_94,2015-06-01,17,Epinion,,c,3.7,3.7
Denmark,2015,denmark_2015_94,2015-06-01,17,Epinion,,k,0.4,0.4
Denmark,2015,denmark_2015_94,2015-06-01,17,Epinion,,aa,4.0,4.0
Denmark,2015,denmark_2015_95,2015-06-01,17,Greens,,v,20.6,20.6
Denmark,2015,denmark_2015_95,2015-06-01,17,Greens,,a,24.8,24.8
Denmark,2015,denmark_2015_95,2015-06-01,17,Greens,,o,18.0,18.0
Denmark,2015,denmark_2015_95,2015-06-01,17,Greens,,b,4.2,4.2
Denmark,2015,denmark_2015_95,2015-06-01,17,Greens,,f,7.2,7.2
Denmark,2015,denmark_2015_95,2015-06-01,17,Greens,,oe,10.2,10.2
Denmark,2015,denmark_2015_95,2015-06-01,17,Greens,,i,7.7,7.7
Denmark,2015,denmark_2015_95,2015-06-01,17,Greens,,c,3.8,3.8
Denmark,2015,denmark_2015_95,2015-06-01,17,Greens,,k,0.7,0.7
Denmark,2015,denmark_2015_95,2015-06-01,17,Greens,,aa,2.8,2.8
Denmark,2015,denmark_2015_96,2015-06-01,17,Voxmeter,,v,21.7,21.7
Denmark,2015,denmark_2015_96,2015-06-01,17,Voxmeter,,a,25.9,25.9
Denmark,2015,denmark_2015_96,2015-06-01,17,Voxmeter,,o,17.2,17.2
Denmark,2015,denmark_2015_96,2015-06-01,17,Voxmeter,,b,5.2,5.2
Denmark,2015,denmark_2015_96,2015-06-01,17,Voxmeter,,f,7.2,7.2
Denmark,2015,denmark_2015_96,2015-06-01,17,Voxmeter,,oe,8.8,8.8
Denmark,2015,denmark_2015_96,2015-06-01,17,Voxmeter,,i,7.9,7.9
Denmark,2015,denmark_2015_96,2015-06-01,17,Voxmeter,,c,2.5,2.5
Denmark,2015,denmark_2015_96,2015-06-01,17,Voxmeter,,k,0.6,0.6
Denmark,2015,denmark_2015_96,2015-06-01,17,Voxmeter,,aa,2.9,2.9
Denmark,2015,denmark_2015_97,2015-05-31,18,Wilke,,v,20.4,20.4
Denmark,2015,denmark_2015_97,2015-05-31,18,Wilke,,a,24.2,24.2
Denmark,2015,denmark_2015_97,2015-05-31,18,Wilke,,o,19.0,19.0
Denmark,2015,denmark_2015_97,2015-05-31,18,Wilke,,b,6.8,6.8
Denmark,2015,denmark_2015_97,2015-05-31,18,Wilke,,f,6.9,6.9
Denmark,2015,denmark_2015_97,2015-05-31,18,Wilke,,oe,7.9,7.9
Denmark,2015,denmark_2015_97,2015-05-31,18,Wilke,,i,7.2,7.2
Denmark,2015,denmark_2015_97,2015-05-31,18,Wilke,,c,4.1,4.1
Denmark,2015,denmark_2015_97,2015-05-31,18,Wilke,,k,0.7,0.7
Denmark,2015,denmark_2015_97,2015-05-31,18,Wilke,,aa,2.8,2.8
Denmark,2015,denmark_2015_98,2015-05-31,18,Voxmeter,,v,21.2,21.2
Denmark,2015,denmark_2015_98,2015-05-31,18,Voxmeter,,a,26.8,26.8
Denmark,2015,denmark_2015_98,2015-05-31,18,Voxmeter,,o,17.0,17.0
Denmark,2015,denmark_2015_98,2015-05-31,18,Voxmeter,,b,5.6,5.6
Denmark,2015,denmark_2015_98,2015-05-31,18,Voxmeter,,f,7.2,7.2
Denmark,2015,denmark_2015_98,2015-05-31,18,Voxmeter,,oe,8.7,8.7
Denmark,2015,denmark_2015_98,2015-05-31,18,Voxmeter,,i,7.9,7.9
Denmark,2015,denmark_2015_98,2015-05-31,18,Voxmeter,,c,2.6,2.6
Denmark,2015,denmark_2015_98,2015-05-31,18,Voxmeter,,k,0.4,0.4
Denmark,2015,denmark_2015_98,2015-05-31,18,Voxmeter,,aa,2.2,2.2
Denmark,2015,denmark_2015_99,2015-05-31,18,Greens,,v,20.4,20.4
Denmark,2015,denmark_2015_99,2015-05-31,18,Greens,,a,24.3,24.3
Denmark,2015,denmark_2015_99,2015-05-31,18,Greens,,o,18.8,18.8
Denmark,2015,denmark_2015_99,2015-05-31,18,Greens,,b,5.0,5.0
Denmark,2015,denmark_2015_99,2015-05-31,18,Greens,,f,7.0,7.0
Denmark,2015,denmark_2015_99,2015-05-31,18,Greens,,oe,10.0,10.0
Denmark,2015,denmark_2015_99,2015-05-31,18,Greens,,i,7.0,7.0
Denmark,2015,denmark_2015_99,2015-05-31,18,Greens,,c,4.1,4.1
Denmark,2015,denmark_2015_99,2015-05-31,18,Greens,,k,0.7,0.7
Denmark,2015,denmark_2015_99,2015-05-31,18,Greens,,aa,2.7,2.7
Denmark,2015,denmark_2015_100,2015-05-31,18,Epinion,,v,20.5,20.5
Denmark,2015,denmark_2015_100,2015-05-31,18,Epinion,,a,26.4,26.4
Denmark,2015,denmark_2015_100,2015-05-31,18,Epinion,,o,19.1,19.1
Denmark,2015,denmark_2015_100,2015-05-31,18,Epinion,,b,4.9,4.9
Denmark,2015,denmark_2015_100,2015-05-31,18,Epinion,,f,5.6,5.6
Denmark,2015,denmark_2015_100,2015-05-31,18,Epinion,,oe,9.1,9.1
Denmark,2015,denmark_2015_100,2015-05-31,18,Epinion,,i,6.7,6.7
Denmark,2015,denmark_2015_100,2015-05-31,18,Epinion,,c,3.8,3.8
Denmark,2015,denmark_2015_100,2015-05-31,18,Epinion,,k,0.3,0.3
Denmark,2015,denmark_2015_100,2015-05-31,18,Epinion,,aa,3.7,3.7
Denmark,2015,denmark_2015_101,2015-05-31,18,Greens,,v,20.1,20.1
Denmark,2015,denmark_2015_101,2015-05-31,18,Greens,,a,24.5,24.5
Denmark,2015,denmark_2015_101,2015-05-31,18,Greens,,o,19.6,19.6
Denmark,2015,denmark_2015_101,2015-05-31,18,Greens,,b,5.5,5.5
Denmark,2015,denmark_2015_101,2015-05-31,18,Greens,,f,6.8,6.8
Denmark,2015,denmark_2015_101,2015-05-31,18,Greens,,oe,10.2,10.2
Denmark,2015,denmark_2015_101,2015-05-31,18,Greens,,i,6.2,6.2
Denmark,2015,denmark_2015_101,2015-05-31,18,Greens,,c,3.8,3.8
Denmark,2015,denmark_2015_101,2015-05-31,18,Greens,,k,0.9,0.9
Denmark,2015,denmark_2015_101,2015-05-31,18,Greens,,aa,2.4,2.4
Denmark,2015,denmark_2015_102,2015-05-30,19,Voxmeter,,v,20.6,20.6
Denmark,2015,denmark_2015_102,2015-05-30,19,Voxmeter,,a,27.1,27.1
Denmark,2015,denmark_2015_102,2015-05-30,19,Voxmeter,,o,17.5,17.5
Denmark,2015,denmark_2015_102,2015-05-30,19,Voxmeter,,b,5.5,5.5
Denmark,2015,denmark_2015_102,2015-05-30,19,Voxmeter,,f,7.2,7.2
Denmark,2015,denmark_2015_102,2015-05-30,19,Voxmeter,,oe,8.2,8.2
Denmark,2015,denmark_2015_102,2015-05-30,19,Voxmeter,,i,8.1,8.1
Denmark,2015,denmark_2015_102,2015-05-30,19,Voxmeter,,c,3.1,3.1
Denmark,2015,denmark_2015_102,2015-05-30,19,Voxmeter,,k,0.5,0.5
Denmark,2015,denmark_2015_102,2015-05-30,19,Voxmeter,,aa,1.9,1.9
Denmark,2015,denmark_2015_103,2015-05-30,19,Epinion,,v,20.8,20.8
Denmark,2015,denmark_2015_103,2015-05-30,19,Epinion,,a,26.4,26.4
Denmark,2015,denmark_2015_103,2015-05-30,19,Epinion,,o,19.4,19.4
Denmark,2015,denmark_2015_103,2015-05-30,19,Epinion,,b,5.1,5.1
Denmark,2015,denmark_2015_103,2015-05-30,19,Epinion,,f,5.8,5.8
Denmark,2015,denmark_2015_103,2015-05-30,19,Epinion,,oe,8.8,8.8
Denmark,2015,denmark_2015_103,2015-05-30,19,Epinion,,i,6.4,6.4
Denmark,2015,denmark_2015_103,2015-05-30,19,Epinion,,c,3.9,3.9
Denmark,2015,denmark_2015_103,2015-05-30,19,Epinion,,k,0.3,0.3
Denmark,2015,denmark_2015_103,2015-05-30,19,Epinion,,aa,3.2,3.2
Denmark,2015,denmark_2015_104,2015-05-30,19,Greens,,v,19.8,19.8
Denmark,2015,denmark_2015_104,2015-05-30,19,Greens,,a,24.3,24.3
Denmark,2015,denmark_2015_104,2015-05-30,19,Greens,,o,20.2,20.2
Denmark,2015,denmark_2015_104,2015-05-30,19,Greens,,b,6.0,6.0
Denmark,2015,denmark_2015_104,2015-05-30,19,Greens,,f,6.4,6.4
Denmark,2015,denmark_2015_104,2015-05-30,19,Greens,,oe,10.0,10.0
Denmark,2015,denmark_2015_104,2015-05-30,19,Greens,,i,5.8,5.8
Denmark,2015,denmark_2015_104,2015-05-30,19,Greens,,c,4.5,4.5
Denmark,2015,denmark_2015_104,2015-05-30,19,Greens,,k,0.5,0.5
Denmark,2015,denmark_2015_104,2015-05-30,19,Greens,,aa,2.5,2.5
Denmark,2015,denmark_2015_105,2015-05-29,20,Wilke,,v,21.6,21.6
Denmark,2015,denmark_2015_105,2015-05-29,20,Wilke,,a,25.3,25.3
Denmark,2015,denmark_2015_105,2015-05-29,20,Wilke,,o,18.2,18.2
Denmark,2015,denmark_2015_105,2015-05-29,20,Wilke,,b,7.0,7.0
Denmark,2015,denmark_2015_105,2015-05-29,20,Wilke,,f,5.9,5.9
Denmark,2015,denmark_2015_105,2015-05-29,20,Wilke,,oe,8.7,8.7
Denmark,2015,denmark_2015_105,2015-05-29,20,Wilke,,i,6.9,6.9
Denmark,2015,denmark_2015_105,2015-05-29,20,Wilke,,c,3.6,3.6
Denmark,2015,denmark_2015_105,2015-05-29,20,Wilke,,k,0.7,0.7
Denmark,2015,denmark_2015_105,2015-05-29,20,Wilke,,aa,2.1,2.1
Denmark,2015,denmark_2015_106,2015-05-29,20,Epinion,,v,21.0,21.0
Denmark,2015,denmark_2015_106,2015-05-29,20,Epinion,,a,26.6,26.6
Denmark,2015,denmark_2015_106,2015-05-29,20,Epinion,,o,19.6,19.6
Denmark,2015,denmark_2015_106,2015-05-29,20,Epinion,,b,5.0,5.0
Denmark,2015,denmark_2015_106,2015-05-29,20,Epinion,,f,6.1,6.1
Denmark,2015,denmark_2015_106,2015-05-29,20,Epinion,,oe,8.6,8.6
Denmark,2015,denmark_2015_106,2015-05-29,20,Epinion,,i,6.4,6.4
Denmark,2015,denmark_2015_106,2015-05-29,20,Epinion,,c,3.8,3.8
Denmark,2015,denmark_2015_106,2015-05-29,20,Epinion,,k,0.4,0.4
Denmark,2015,denmark_2015_106,2015-05-29,20,Epinion,,aa,2.5,2.5
Denmark,2015,denmark_2015_107,2015-05-29,20,Gallup,,v,20.7,20.7
Denmark,2015,denmark_2015_107,2015-05-29,20,Gallup,,a,24.9,24.9
Denmark,2015,denmark_2015_107,2015-05-29,20,Gallup,,o,19.4,19.4
Denmark,2015,denmark_2015_107,2015-05-29,20,Gallup,,b,6.0,6.0
Denmark,2015,denmark_2015_107,2015-05-29,20,Gallup,,f,6.1,6.1
Denmark,2015,denmark_2015_107,2015-05-29,20,Gallup,,oe,9.2,9.2
Denmark,2015,denmark_2015_107,2015-05-29,20,Gallup,,i,6.8,6.8
Denmark,2015,denmark_2015_107,2015-05-29,20,Gallup,,c,4.3,4.3
Denmark,2015,denmark_2015_107,2015-05-29,20,Gallup,,k,0.5,0.5
Denmark,2015,denmark_2015_107,2015-05-29,20,Gallup,,aa,2.1,2.1
Denmark,2015,denmark_2015_108,2015-05-28,21,Epinion,,v,20.8,20.8
Denmark,2015,denmark_2015_108,2015-05-28,21,Epinion,,a,25.4,25.4
Denmark,2015,denmark_2015_108,2015-05-28,21,Epinion,,o,20.5,20.5
Denmark,2015,denmark_2015_108,2015-05-28,21,Epinion,,b,5.5,5.5
Denmark,2015,denmark_2015_108,2015-05-28,21,Epinion,,f,6.1,6.1
Denmark,2015,denmark_2015_108,2015-05-28,21,Epinion,,oe,9.2,9.2
Denmark,2015,denmark_2015_108,2015-05-28,21,Epinion,,i,6.3,6.3
Denmark,2015,denmark_2015_108,2015-05-28,21,Epinion,,c,4.1,4.1
Denmark,2015,denmark_2015_108,2015-05-28,21,Epinion,,k,0.3,0.3
Denmark,2015,denmark_2015_108,2015-05-28,21,Epinion,,aa,1.9,1.9
Denmark,2015,denmark_2015_109,2015-05-28,21,Voxmeter,,v,21.4,21.4
Denmark,2015,denmark_2015_109,2015-05-28,21,Voxmeter,,a,25.5,25.5
Denmark,2015,denmark_2015_109,2015-05-28,21,Voxmeter,,o,18.3,18.3
Denmark,2015,denmark_2015_109,2015-05-28,21,Voxmeter,,b,6.2,6.2
Denmark,2015,denmark_2015_109,2015-05-28,21,Voxmeter,,f,6.3,6.3
Denmark,2015,denmark_2015_109,2015-05-28,21,Voxmeter,,oe,8.1,8.1
Denmark,2015,denmark_2015_109,2015-05-28,21,Voxmeter,,i,8.2,8.2
Denmark,2015,denmark_2015_109,2015-05-28,21,Voxmeter,,c,3.5,3.5
Denmark,2015,denmark_2015_109,2015-05-28,21,Voxmeter,,k,0.6,0.6
Denmark,2015,denmark_2015_109,2015-05-28,21,Voxmeter,,aa,1.6,1.6
Denmark,2015,denmark_2015_110,2015-05-27,22,Greens,,v,19.5,19.5
Denmark,2015,denmark_2015_110,2015-05-27,22,Greens,,a,24.8,24.8
Denmark,2015,denmark_2015_110,2015-05-27,22,Greens,,o,20.1,20.1
Denmark,2015,denmark_2015_110,2015-05-27,22,Greens,,b,6.1,6.1
Denmark,2015,denmark_2015_110,2015-05-27,22,Greens,,f,6.0,6.0
Denmark,2015,denmark_2015_110,2015-05-27,22,Greens,,oe,10.2,10.2
Denmark,2015,denmark_2015_110,2015-05-27,22,Greens,,i,6.1,6.1
Denmark,2015,denmark_2015_110,2015-05-27,22,Greens,,c,4.6,4.6
Denmark,2015,denmark_2015_110,2015-05-27,22,Greens,,k,0.3,0.3
Denmark,2015,denmark_2015_110,2015-05-27,22,Greens,,aa,2.3,2.3
Denmark,2015,denmark_2015_111,2015-05-27,22,Epinion,,v,22.1,22.1
Denmark,2015,denmark_2015_111,2015-05-27,22,Epinion,,a,25.3,25.3
Denmark,2015,denmark_2015_111,2015-05-27,22,Epinion,,o,20.2,20.2
Denmark,2015,denmark_2015_111,2015-05-27,22,Epinion,,b,5.5,5.5
Denmark,2015,denmark_2015_111,2015-05-27,22,Epinion,,f,5.9,5.9
Denmark,2015,denmark_2015_111,2015-05-27,22,Epinion,,oe,8.3,8.3
Denmark,2015,denmark_2015_111,2015-05-27,22,Epinion,,i,6.4,6.4
Denmark,2015,denmark_2015_111,2015-05-27,22,Epinion,,c,4.0,4.0
Denmark,2015,denmark_2015_111,2015-05-27,22,Epinion,,k,0.5,0.5
Denmark,2015,denmark_2015_111,2015-05-27,22,Epinion,,aa,1.7,1.7
Denmark,2015,denmark_2015_112,2015-05-27,22,Megafon,,a,24.1,24.1
Denmark,2015,denmark_2015_112,2015-05-27,22,Megafon,,o,19.3,19.3
Denmark,2015,denmark_2015_112,2015-05-27,22,Megafon,,b,6.3,6.3
Denmark,2015,denmark_2015_112,2015-05-27,22,Megafon,,f,7.1,7.1
Denmark,2015,denmark_2015_112,2015-05-27,22,Megafon,,oe,7.8,7.8
Denmark,2015,denmark_2015_112,2015-05-27,22,Megafon,,i,7.6,7.6
Denmark,2015,denmark_2015_112,2015-05-27,22,Megafon,,c,4.6,4.6
Denmark,2015,denmark_2015_112,2015-05-27,22,Megafon,,k,1.0,1.0
Denmark,2015,denmark_2015_112,2015-05-27,22,Megafon,,aa,2.0,2.0
Denmark,2015,denmark_2015_113,2015-05-27,22,Gallup,,a,24.5,24.5
Denmark,2015,denmark_2015_113,2015-05-27,22,Gallup,,o,18.7,18.7
Denmark,2015,denmark_2015_113,2015-05-27,22,Gallup,,b,5.6,5.6
Denmark,2015,denmark_2015_113,2015-05-27,22,Gallup,,f,6.0,6.0
Denmark,2015,denmark_2015_113,2015-05-27,22,Gallup,,oe,10.2,10.2
Denmark,2015,denmark_2015_113,2015-05-27,22,Gallup,,i,6.5,6.5
Denmark,2015,denmark_2015_113,2015-05-27,22,Gallup,,c,4.3,4.3
Denmark,2015,denmark_2015_113,2015-05-27,22,Gallup,,k,0.4,0.4
Denmark,2015,denmark_2015_113,2015-05-27,22,Gallup,,aa,2.5,2.5
Denmark,2015,denmark_2015_114,2015-05-27,22,Voxmeter,,v,23.8,23.8
Denmark,2015,denmark_2015_114,2015-05-27,22,Voxmeter,,a,24.7,24.7
Denmark,2015,denmark_2015_114,2015-05-27,22,Voxmeter,,o,18.4,18.4
Denmark,2015,denmark_2015_114,2015-05-27,22,Voxmeter,,b,5.8,5.8
Denmark,2015,denmark_2015_114,2015-05-27,22,Voxmeter,,f,6.2,6.2
Denmark,2015,denmark_2015_114,2015-05-27,22,Voxmeter,,oe,7.7,7.7
Denmark,2015,denmark_2015_114,2015-05-27,22,Voxmeter,,i,7.8,7.8
Denmark,2015,denmark_2015_114,2015-05-27,22,Voxmeter,,c,3.2,3.2
Denmark,2015,denmark_2015_114,2015-05-27,22,Voxmeter,,k,1.1,1.1
Denmark,2015,denmark_2015_114,2015-05-27,22,Voxmeter,,aa,1.2,1.2
Denmark,2015,denmark_2015_115,2015-05-27,22,YouGov,,v,19.6,19.6
Denmark,2015,denmark_2015_115,2015-05-27,22,YouGov,,a,26.1,26.1
Denmark,2015,denmark_2015_115,2015-05-27,22,YouGov,,o,19.7,19.7
Denmark,2015,denmark_2015_115,2015-05-27,22,YouGov,,b,5.3,5.3
Denmark,2015,denmark_2015_115,2015-05-27,22,YouGov,,f,5.3,5.3
Denmark,2015,denmark_2015_115,2015-05-27,22,YouGov,,oe,8.3,8.3
Denmark,2015,denmark_2015_115,2015-05-27,22,YouGov,,i,8.0,8.0
Denmark,2015,denmark_2015_115,2015-05-27,22,YouGov,,c,4.0,4.0
Denmark,2015,denmark_2015_115,2015-05-27,22,YouGov,,k,0.7,0.7
Denmark,2015,denmark_2015_115,2015-05-27,22,YouGov,,aa,2.9,2.9
Denmark,2015,denmark_2015_116,2015-05-19,30,Voxmeter,,v,24.7,24.7
Denmark,2015,denmark_2015_116,2015-05-19,30,Voxmeter,,a,24.4,24.4
Denmark,2015,denmark_2015_116,2015-05-19,30,Voxmeter,,o,17.9,17.9
Denmark,2015,denmark_2015_116,2015-05-19,30,Voxmeter,,b,5.6,5.6
Denmark,2015,denmark_2015_116,2015-05-19,30,Voxmeter,,f,6.1,6.1
Denmark,2015,denmark_2015_116,2015-05-19,30,Voxmeter,,oe,7.5,7.5
Denmark,2015,denmark_2015_116,2015-05-19,30,Voxmeter,,i,7.1,7.1
Denmark,2015,denmark_2015_116,2015-05-19,30,Voxmeter,,c,3.9,3.9
Denmark,2015,denmark_2015_116,2015-05-19,30,Voxmeter,,k,0.9,0.9
Denmark,2015,denmark_2015_116,2015-05-19,30,Voxmeter,,aa,1.6,1.6
Denmark,2015,denmark_2015_117,2015-05-14,35,Epinion,,v,22.5,22.5
Denmark,2015,denmark_2015_117,2015-05-14,35,Epinion,,a,25.3,25.3
Denmark,2015,denmark_2015_117,2015-05-14,35,Epinion,,o,18.9,18.9
Denmark,2015,denmark_2015_117,2015-05-14,35,Epinion,,b,5.9,5.9
Denmark,2015,denmark_2015_117,2015-05-14,35,Epinion,,f,6.5,6.5
Denmark,2015,denmark_2015_117,2015-05-14,35,Epinion,,oe,8.6,8.6
Denmark,2015,denmark_2015_117,2015-05-14,35,Epinion,,i,6.3,6.3
Denmark,2015,denmark_2015_117,2015-05-14,35,Epinion,,c,3.9,3.9
Denmark,2015,denmark_2015_117,2015-05-14,35,Epinion,,k,0.5,0.5
Denmark,2015,denmark_2015_117,2015-05-14,35,Epinion,,aa,1.4,1.4
Denmark,2015,denmark_2015_118,2015-05-13,36,YouGov,,v,20.5,20.5
Denmark,2015,denmark_2015_118,2015-05-13,36,YouGov,,a,25.2,25.2
Denmark,2015,denmark_2015_118,2015-05-13,36,YouGov,,o,20.3,20.3
Denmark,2015,denmark_2015_118,2015-05-13,36,YouGov,,b,6.9,6.9
Denmark,2015,denmark_2015_118,2015-05-13,36,YouGov,,f,5.3,5.3
Denmark,2015,denmark_2015_118,2015-05-13,36,YouGov,,oe,8.0,8.0
Denmark,2015,denmark_2015_118,2015-05-13,36,YouGov,,i,7.5,7.5
Denmark,2015,denmark_2015_118,2015-05-13,36,YouGov,,c,3.9,3.9
Denmark,2015,denmark_2015_118,2015-05-13,36,YouGov,,k,0.5,0.5
Denmark,2015,denmark_2015_118,2015-05-13,36,YouGov,,aa,1.8,1.8
Denmark,2015,denmark_2015_119,2015-05-13,36,Wilke,,v,22.5,22.5
Denmark,2015,denmark_2015_119,2015-05-13,36,Wilke,,a,23.5,23.5
Denmark,2015,denmark_2015_119,2015-05-13,36,Wilke,,o,17.1,17.1
Denmark,2015,denmark_2015_119,2015-05-13,36,Wilke,,b,6.4,6.4
Denmark,2015,denmark_2015_119,2015-05-13,36,Wilke,,f,6.8,6.8
Denmark,2015,denmark_2015_119,2015-05-13,36,Wilke,,oe,8.3,8.3
Denmark,2015,denmark_2015_119,2015-05-13,36,Wilke,,i,8.3,8.3
Denmark,2015,denmark_2015_119,2015-05-13,36,Wilke,,c,3.5,3.5
Denmark,2015,denmark_2015_119,2015-05-13,36,Wilke,,k,0.8,0.8
Denmark,2015,denmark_2015_119,2015-05-13,36,Wilke,,aa,2.7,2.7
Denmark,2015,denmark_2015_120,2015-05-12,37,Norstat,,v,21.9,21.9
Denmark,2015,denmark_2015_120,2015-05-12,37,Norstat,,a,25.4,25.4
Denmark,2015,denmark_2015_120,2015-05-12,37,Norstat,,o,21.1,21.1
Denmark,2015,denmark_2015_120,2015-05-12,37,Norstat,,b,4.9,4.9
Denmark,2015,denmark_2015_120,2015-05-12,37,Norstat,,f,5.6,5.6
Denmark,2015,denmark_2015_120,2015-05-12,37,Norstat,,oe,8.1,8.1
Denmark,2015,denmark_2015_120,2015-05-12,37,Norstat,,i,5.9,5.9
Denmark,2015,denmark_2015_120,2015-05-12,37,Norstat,,c,4.2,4.2
Denmark,2015,denmark_2015_120,2015-05-12,37,Norstat,,k,0.4,0.4
Denmark,2015,denmark_2015_120,2015-05-12,37,Norstat,,aa,1.7,1.7
Denmark,2015,denmark_2015_121,2015-05-11,38,Voxmeter,,v,24.2,24.2
Denmark,2015,denmark_2015_121,2015-05-11,38,Voxmeter,,a,23.6,23.6
Denmark,2015,denmark_2015_121,2015-05-11,38,Voxmeter,,o,18.6,18.6
Denmark,2015,denmark_2015_121,2015-05-11,38,Voxmeter,,b,5.9,5.9
Denmark,2015,denmark_2015_121,2015-05-11,38,Voxmeter,,f,6.2,6.2
Denmark,2015,denmark_2015_121,2015-05-11,38,Voxmeter,,oe,8.1,8.1
Denmark,2015,denmark_2015_121,2015-05-11,38,Voxmeter,,i,7.4,7.4
Denmark,2015,denmark_2015_121,2015-05-11,38,Voxmeter,,c,4.1,4.1
Denmark,2015,denmark_2015_121,2015-05-11,38,Voxmeter,,k,0.7,0.7
Denmark,2015,denmark_2015_121,2015-05-11,38,Voxmeter,,aa,0.9,0.9
Denmark,2015,denmark_2015_122,2015-05-09,40,Gallup,,v,23.4,23.4
Denmark,2015,denmark_2015_122,2015-05-09,40,Gallup,,a,23.6,23.6
Denmark,2015,denmark_2015_122,2015-05-09,40,Gallup,,o,19.7,19.7
Denmark,2015,denmark_2015_122,2015-05-09,40,Gallup,,b,5.8,5.8
Denmark,2015,denmark_2015_122,2015-05-09,40,Gallup,,f,6.6,6.6
Denmark,2015,denmark_2015_122,2015-05-09,40,Gallup,,oe,8.6,8.6
Denmark,2015,denmark_2015_122,2015-05-09,40,Gallup,,i,5.9,5.9
Denmark,2015,denmark_2015_122,2015-05-09,40,Gallup,,c,4.0,4.0
Denmark,2015,denmark_2015_122,2015-05-09,40,Gallup,,k,0.6,0.6
Denmark,2015,denmark_2015_122,2015-05-09,40,Gallup,,aa,1.5,1.5
Denmark,2015,denmark_2015_123,2015-05-05,44,Greens,,v,21.9,21.9
Denmark,2015,denmark_2015_123,2015-05-05,44,Greens,,a,25.5,25.5
Denmark,2015,denmark_2015_123,2015-05-05,44,Greens,,o,17.8,17.8
Denmark,2015,denmark_2015_123,2015-05-05,44,Greens,,b,6.6,6.6
Denmark,2015,denmark_2015_123,2015-05-05,44,Greens,,f,6.2,6.2
Denmark,2015,denmark_2015_123,2015-05-05,44,Greens,,oe,9.1,9.1
Denmark,2015,denmark_2015_123,2015-05-05,44,Greens,,i,6.0,6.0
Denmark,2015,denmark_2015_123,2015-05-05,44,Greens,,c,4.8,4.8
Denmark,2015,denmark_2015_123,2015-05-05,44,Greens,,k,0.6,0.6
Denmark,2015,denmark_2015_123,2015-05-05,44,Greens,,aa,1.2,1.2
Denmark,2015,denmark_2015_124,2015-05-03,46,Voxmeter,,v,23.5,23.5
Denmark,2015,denmark_2015_124,2015-05-03,46,Voxmeter,,a,24.2,24.2
Denmark,2015,denmark_2015_124,2015-05-03,46,Voxmeter,,o,19.1,19.1
Denmark,2015,denmark_2015_124,2015-05-03,46,Voxmeter,,b,5.8,5.8
Denmark,2015,denmark_2015_124,2015-05-03,46,Voxmeter,,f,5.9,5.9
Denmark,2015,denmark_2015_124,2015-05-03,46,Voxmeter,,oe,8.6,8.6
Denmark,2015,denmark_2015_124,2015-05-03,46,Voxmeter,,i,7.0,7.0
Denmark,2015,denmark_2015_124,2015-05-03,46,Voxmeter,,c,3.7,3.7
Denmark,2015,denmark_2015_124,2015-05-03,46,Voxmeter,,k,0.8,0.8
Denmark,2015,denmark_2015_124,2015-05-03,46,Voxmeter,,aa,1.1,1.1
Denmark,2015,denmark_2015_125,2015-05-01,48,Megafon,,v,19.5,19.5
Denmark,2015,denmark_2015_125,2015-05-01,48,Megafon,,a,24.6,24.6
Denmark,2015,denmark_2015_125,2015-05-01,48,Megafon,,o,20.8,20.8
Denmark,2015,denmark_2015_125,2015-05-01,48,Megafon,,b,6.1,6.1
Denmark,2015,denmark_2015_125,2015-05-01,48,Megafon,,f,6.0,6.0
Denmark,2015,denmark_2015_125,2015-05-01,48,Megafon,,oe,8.7,8.7
Denmark,2015,denmark_2015_125,2015-05-01,48,Megafon,,i,6.3,6.3
Denmark,2015,denmark_2015_125,2015-05-01,48,Megafon,,c,4.8,4.8
Denmark,2015,denmark_2015_125,2015-05-01,48,Megafon,,k,0.8,0.8
Denmark,2015,denmark_2015_125,2015-05-01,48,Megafon,,aa,2.0,2.0
Denmark,2015,denmark_2015_126,2015-04-29,50,YouGov,,v,21.3,21.3
Denmark,2015,denmark_2015_126,2015-04-29,50,YouGov,,a,23.5,23.5
Denmark,2015,denmark_2015_126,2015-04-29,50,YouGov,,o,20.1,20.1
Denmark,2015,denmark_2015_126,2015-04-29,50,YouGov,,b,6.3,6.3
Denmark,2015,denmark_2015_126,2015-04-29,50,YouGov,,f,5.5,5.5
Denmark,2015,denmark_2015_126,2015-04-29,50,YouGov,,oe,8.6,8.6
Denmark,2015,denmark_2015_126,2015-04-29,50,YouGov,,i,7.6,7.6
Denmark,2015,denmark_2015_126,2015-04-29,50,YouGov,,c,4.6,4.6
Denmark,2015,denmark_2015_126,2015-04-29,50,YouGov,,k,0.5,0.5
Denmark,2015,denmark_2015_126,2015-04-29,50,YouGov,,aa,2.1,2.1
Denmark,2015,denmark_2015_127,2015-04-27,52,Voxmeter,,v,23.7,23.7
Denmark,2015,denmark_2015_127,2015-04-27,52,Voxmeter,,a,25.1,25.1
Denmark,2015,denmark_2015_127,2015-04-27,52,Voxmeter,,o,18.3,18.3
Denmark,2015,denmark_2015_127,2015-04-27,52,Voxmeter,,b,5.8,5.8
Denmark,2015,denmark_2015_127,2015-04-27,52,Voxmeter,,f,6.7,6.7
Denmark,2015,denmark_2015_127,2015-04-27,52,Voxmeter,,oe,7.9,7.9
Denmark,2015,denmark_2015_127,2015-04-27,52,Voxmeter,,i,6.6,6.6
Denmark,2015,denmark_2015_127,2015-04-27,52,Voxmeter,,c,3.6,3.6
Denmark,2015,denmark_2015_127,2015-04-27,52,Voxmeter,,k,0.7,0.7
Denmark,2015,denmark_2015_127,2015-04-27,52,Voxmeter,,aa,1.2,1.2
Denmark,2015,denmark_2015_128,2015-04-23,56,Epinion,,v,22.2,22.2
Denmark,2015,denmark_2015_128,2015-04-23,56,Epinion,,a,24.3,24.3
Denmark,2015,denmark_2015_128,2015-04-23,56,Epinion,,o,19.4,19.4
Denmark,2015,denmark_2015_128,2015-04-23,56,Epinion,,b,6.6,6.6
Denmark,2015,denmark_2015_128,2015-04-23,56,Epinion,,f,6.9,6.9
Denmark,2015,denmark_2015_128,2015-04-23,56,Epinion,,oe,8.4,8.4
Denmark,2015,denmark_2015_128,2015-04-23,56,Epinion,,i,5.9,5.9
Denmark,2015,denmark_2015_128,2015-04-23,56,Epinion,,c,4.2,4.2
Denmark,2015,denmark_2015_128,2015-04-23,56,Epinion,,k,0.6,0.6
Denmark,2015,denmark_2015_128,2015-04-23,56,Epinion,,aa,1.6,1.6
Denmark,2015,denmark_2015_129,2015-04-19,60,Voxmeter,,v,24.2,24.2
Denmark,2015,denmark_2015_129,2015-04-19,60,Voxmeter,,a,25.5,25.5
Denmark,2015,denmark_2015_129,2015-04-19,60,Voxmeter,,o,18.2,18.2
Denmark,2015,denmark_2015_129,2015-04-19,60,Voxmeter,,b,6.4,6.4
Denmark,2015,denmark_2015_129,2015-04-19,60,Voxmeter,,f,6.5,6.5
Denmark,2015,denmark_2015_129,2015-04-19,60,Voxmeter,,oe,8.1,8.1
Denmark,2015,denmark_2015_129,2015-04-19,60,Voxmeter,,i,5.7,5.7
Denmark,2015,denmark_2015_129,2015-04-19,60,Voxmeter,,c,2.9,2.9
Denmark,2015,denmark_2015_129,2015-04-19,60,Voxmeter,,k,0.7,0.7
Denmark,2015,denmark_2015_129,2015-04-19,60,Voxmeter,,aa,1.5,1.5
Denmark,2015,denmark_2015_130,2015-04-14,65,Wilke,,v,22.6,22.6
Denmark,2015,denmark_2015_130,2015-04-14,65,Wilke,,a,24.3,24.3
Denmark,2015,denmark_2015_130,2015-04-14,65,Wilke,,o,19.3,19.3
Denmark,2015,denmark_2015_130,2015-04-14,65,Wilke,,b,7.1,7.1
Denmark,2015,denmark_2015_130,2015-04-14,65,Wilke,,f,6.1,6.1
Denmark,2015,denmark_2015_130,2015-04-14,65,Wilke,,oe,7.9,7.9
Denmark,2015,denmark_2015_130,2015-04-14,65,Wilke,,i,6.8,6.8
Denmark,2015,denmark_2015_130,2015-04-14,65,Wilke,,c,4.0,4.0
Denmark,2015,denmark_2015_130,2015-04-14,65,Wilke,,k,0.4,0.4
Denmark,2015,denmark_2015_130,2015-04-14,65,Wilke,,aa,1.5,1.5
Denmark,2015,denmark_2015_131,2015-04-13,66,YouGov,,v,19.8,19.8
Denmark,2015,denmark_2015_131,2015-04-13,66,YouGov,,a,23.3,23.3
Denmark,2015,denmark_2015_131,2015-04-13,66,YouGov,,o,21.9,21.9
Denmark,2015,denmark_2015_131,2015-04-13,66,YouGov,,b,6.8,6.8
Denmark,2015,denmark_2015_131,2015-04-13,66,YouGov,,f,5.2,5.2
Denmark,2015,denmark_2015_131,2015-04-13,66,YouGov,,oe,9.5,9.5
Denmark,2015,denmark_2015_131,2015-04-13,66,YouGov,,i,6.7,6.7
Denmark,2015,denmark_2015_131,2015-04-13,66,YouGov,,c,4.0,4.0
Denmark,2015,denmark_2015_131,2015-04-13,66,YouGov,,k,0.9,0.9
Denmark,2015,denmark_2015_131,2015-04-13,66,YouGov,,aa,1.9,1.9
Denmark,2015,denmark_2015_132,2015-04-12,67,Norstat,,v,20.9,20.9
Denmark,2015,denmark_2015_132,2015-04-12,67,Norstat,,a,25.5,25.5
Denmark,2015,denmark_2015_132,2015-04-12,67,Norstat,,o,21.1,21.1
Denmark,2015,denmark_2015_132,2015-04-12,67,Norstat,,b,5.6,5.6
Denmark,2015,denmark_2015_132,2015-04-12,67,Norstat,,f,6.1,6.1
Denmark,2015,denmark_2015_132,2015-04-12,67,Norstat,,oe,8.6,8.6
Denmark,2015,denmark_2015_132,2015-04-12,67,Norstat,,i,5.3,5.3
Denmark,2015,denmark_2015_132,2015-04-12,67,Norstat,,c,4.2,4.2
Denmark,2015,denmark_2015_132,2015-04-12,67,Norstat,,k,0.7,0.7
Denmark,2015,denmark_2015_132,2015-04-12,67,Norstat,,aa,1.0,1.0
Denmark,2015,denmark_2015_133,2015-04-12,67,Voxmeter,,v,25.1,25.1
Denmark,2015,denmark_2015_133,2015-04-12,67,Voxmeter,,a,24.8,24.8
Denmark,2015,denmark_2015_133,2015-04-12,67,Voxmeter,,o,17.7,17.7
Denmark,2015,denmark_2015_133,2015-04-12,67,Voxmeter,,b,6.6,6.6
Denmark,2015,denmark_2015_133,2015-04-12,67,Voxmeter,,f,7.0,7.0
Denmark,2015,denmark_2015_133,2015-04-12,67,Voxmeter,,oe,7.5,7.5
Denmark,2015,denmark_2015_133,2015-04-12,67,Voxmeter,,i,4.9,4.9
Denmark,2015,denmark_2015_133,2015-04-12,67,Voxmeter,,c,4.1,4.1
Denmark,2015,denmark_2015_133,2015-04-12,67,Voxmeter,,k,0.4,0.4
Denmark,2015,denmark_2015_133,2015-04-12,67,Voxmeter,,aa,1.5,1.5
Denmark,2015,denmark_2015_134,2015-04-09,70,Gallup,,v,20.7,20.7
Denmark,2015,denmark_2015_134,2015-04-09,70,Gallup,,a,24.2,24.2
Denmark,2015,denmark_2015_134,2015-04-09,70,Gallup,,o,20.2,20.2
Denmark,2015,denmark_2015_134,2015-04-09,70,Gallup,,b,7.6,7.6
Denmark,2015,denmark_2015_134,2015-04-09,70,Gallup,,f,5.5,5.5
Denmark,2015,denmark_2015_134,2015-04-09,70,Gallup,,oe,9.3,9.3
Denmark,2015,denmark_2015_134,2015-04-09,70,Gallup,,i,5.0,5.0
Denmark,2015,denmark_2015_134,2015-04-09,70,Gallup,,c,4.9,4.9
Denmark,2015,denmark_2015_134,2015-04-09,70,Gallup,,k,1.0,1.0
Denmark,2015,denmark_2015_134,2015-04-09,70,Gallup,,aa,1.6,1.6
Denmark,2015,denmark_2015_135,2015-04-05,74,Voxmeter,,v,24.5,24.5
Denmark,2015,denmark_2015_135,2015-04-05,74,Voxmeter,,a,24.1,24.1
Denmark,2015,denmark_2015_135,2015-04-05,74,Voxmeter,,o,17.1,17.1
Denmark,2015,denmark_2015_135,2015-04-05,74,Voxmeter,,b,7.1,7.1
Denmark,2015,denmark_2015_135,2015-04-05,74,Voxmeter,,f,7.6,7.6
Denmark,2015,denmark_2015_135,2015-04-05,74,Voxmeter,,oe,8.0,8.0
Denmark,2015,denmark_2015_135,2015-04-05,74,Voxmeter,,i,5.6,5.6
Denmark,2015,denmark_2015_135,2015-04-05,74,Voxmeter,,c,3.8,3.8
Denmark,2015,denmark_2015_135,2015-04-05,74,Voxmeter,,k,0.3,0.3
Denmark,2015,denmark_2015_135,2015-04-05,74,Voxmeter,,aa,1.7,1.7
Denmark,2015,denmark_2015_136,2015-03-29,81,Voxmeter,,v,23.8,23.8
Denmark,2015,denmark_2015_136,2015-03-29,81,Voxmeter,,a,23.4,23.4
Denmark,2015,denmark_2015_136,2015-03-29,81,Voxmeter,,o,17.7,17.7
Denmark,2015,denmark_2015_136,2015-03-29,81,Voxmeter,,b,7.3,7.3
Denmark,2015,denmark_2015_136,2015-03-29,81,Voxmeter,,f,7.2,7.2
Denmark,2015,denmark_2015_136,2015-03-29,81,Voxmeter,,oe,8.7,8.7
Denmark,2015,denmark_2015_136,2015-03-29,81,Voxmeter,,i,5.0,5.0
Denmark,2015,denmark_2015_136,2015-03-29,81,Voxmeter,,c,4.6,4.6
Denmark,2015,denmark_2015_136,2015-03-29,81,Voxmeter,,k,0.3,0.3
Denmark,2015,denmark_2015_136,2015-03-29,81,Voxmeter,,aa,1.5,1.5
Denmark,2015,denmark_2015_137,2015-03-26,84,Greens,,v,23.3,23.3
Denmark,2015,denmark_2015_137,2015-03-26,84,Greens,,a,24.4,24.4
Denmark,2015,denmark_2015_137,2015-03-26,84,Greens,,o,17.2,17.2
Denmark,2015,denmark_2015_137,2015-03-26,84,Greens,,b,5.9,5.9
Denmark,2015,denmark_2015_137,2015-03-26,84,Greens,,f,7.0,7.0
Denmark,2015,denmark_2015_137,2015-03-26,84,Greens,,oe,8.3,8.3
Denmark,2015,denmark_2015_137,2015-03-26,84,Greens,,i,6.5,6.5
Denmark,2015,denmark_2015_137,2015-03-26,84,Greens,,c,4.0,4.0
Denmark,2015,denmark_2015_137,2015-03-26,84,Greens,,k,0.7,0.7
Denmark,2015,denmark_2015_137,2015-03-26,84,Greens,,aa,2.6,2.6
Denmark,2015,denmark_2015_138,2015-03-25,85,Megafon,,v,24.2,24.2
Denmark,2015,denmark_2015_138,2015-03-25,85,Megafon,,a,22.6,22.6
Denmark,2015,denmark_2015_138,2015-03-25,85,Megafon,,o,19.1,19.1
Denmark,2015,denmark_2015_138,2015-03-25,85,Megafon,,b,7.9,7.9
Denmark,2015,denmark_2015_138,2015-03-25,85,Megafon,,f,5.4,5.4
Denmark,2015,denmark_2015_138,2015-03-25,85,Megafon,,oe,7.9,7.9
Denmark,2015,denmark_2015_138,2015-03-25,85,Megafon,,i,5.3,5.3
Denmark,2015,denmark_2015_138,2015-03-25,85,Megafon,,c,4.4,4.4
Denmark,2015,denmark_2015_138,2015-03-25,85,Megafon,,k,0.9,0.9
Denmark,2015,denmark_2015_138,2015-03-25,85,Megafon,,aa,1.8,1.8
Denmark,2015,denmark_2015_139,2015-03-23,87,Epinion,,v,22.3,22.3
Denmark,2015,denmark_2015_139,2015-03-23,87,Epinion,,a,23.9,23.9
Denmark,2015,denmark_2015_139,2015-03-23,87,Epinion,,o,18.7,18.7
Denmark,2015,denmark_2015_139,2015-03-23,87,Epinion,,b,6.7,6.7
Denmark,2015,denmark_2015_139,2015-03-23,87,Epinion,,f,6.8,6.8
Denmark,2015,denmark_2015_139,2015-03-23,87,Epinion,,oe,8.7,8.7
Denmark,2015,denmark_2015_139,2015-03-23,87,Epinion,,i,5.5,5.5
Denmark,2015,denmark_2015_139,2015-03-23,87,Epinion,,c,5.0,5.0
Denmark,2015,denmark_2015_139,2015-03-23,87,Epinion,,k,0.5,0.5
Denmark,2015,denmark_2015_139,2015-03-23,87,Epinion,,aa,1.8,1.8
Denmark,2015,denmark_2015_140,2015-03-23,87,YouGov,,v,21.5,21.5
Denmark,2015,denmark_2015_140,2015-03-23,87,YouGov,,a,19.8,19.8
Denmark,2015,denmark_2015_140,2015-03-23,87,YouGov,,o,22.4,22.4
Denmark,2015,denmark_2015_140,2015-03-23,87,YouGov,,b,6.7,6.7
Denmark,2015,denmark_2015_140,2015-03-23,87,YouGov,,f,5.4,5.4
Denmark,2015,denmark_2015_140,2015-03-23,87,YouGov,,oe,9.5,9.5
Denmark,2015,denmark_2015_140,2015-03-23,87,YouGov,,i,6.5,6.5
Denmark,2015,denmark_2015_140,2015-03-23,87,YouGov,,c,5.0,5.0
Denmark,2015,denmark_2015_140,2015-03-23,87,YouGov,,k,0.8,0.8
Denmark,2015,denmark_2015_140,2015-03-23,87,YouGov,,aa,2.5,2.5
Denmark,2015,denmark_2015_141,2015-03-22,88,Voxmeter,,v,23.9,23.9
Denmark,2015,denmark_2015_141,2015-03-22,88,Voxmeter,,a,22.9,22.9
Denmark,2015,denmark_2015_141,2015-03-22,88,Voxmeter,,o,17.1,17.1
Denmark,2015,denmark_2015_141,2015-03-22,88,Voxmeter,,b,7.8,7.8
Denmark,2015,denmark_2015_141,2015-03-22,88,Voxmeter,,f,7.1,7.1
Denmark,2015,denmark_2015_141,2015-03-22,88,Voxmeter,,oe,8.5,8.5
Denmark,2015,denmark_2015_141,2015-03-22,88,Voxmeter,,i,5.7,5.7
Denmark,2015,denmark_2015_141,2015-03-22,88,Voxmeter,,c,4.7,4.7
Denmark,2015,denmark_2015_141,2015-03-22,88,Voxmeter,,k,0.6,0.6
Denmark,2015,denmark_2015_141,2015-03-22,88,Voxmeter,,aa,1.4,1.4
Denmark,2015,denmark_2015_142,2015-03-15,95,Norstat,,v,23.0,23.0
Denmark,2015,denmark_2015_142,2015-03-15,95,Norstat,,a,23.7,23.7
Denmark,2015,denmark_2015_142,2015-03-15,95,Norstat,,o,20.4,20.4
Denmark,2015,denmark_2015_142,2015-03-15,95,Norstat,,b,5.9,5.9
Denmark,2015,denmark_2015_142,2015-03-15,95,Norstat,,f,6.6,6.6
Denmark,2015,denmark_2015_142,2015-03-15,95,Norstat,,oe,7.1,7.1
Denmark,2015,denmark_2015_142,2015-03-15,95,Norstat,,i,5.9,5.9
Denmark,2015,denmark_2015_142,2015-03-15,95,Norstat,,c,5.0,5.0
Denmark,2015,denmark_2015_142,2015-03-15,95,Norstat,,k,0.3,0.3
Denmark,2015,denmark_2015_142,2015-03-15,95,Norstat,,aa,1.4,1.4
Denmark,2015,denmark_2015_143,2015-03-15,95,Voxmeter,,v,23.4,23.4
Denmark,2015,denmark_2015_143,2015-03-15,95,Voxmeter,,a,24.3,24.3
Denmark,2015,denmark_2015_143,2015-03-15,95,Voxmeter,,o,17.6,17.6
Denmark,2015,denmark_2015_143,2015-03-15,95,Voxmeter,,b,7.1,7.1
Denmark,2015,denmark_2015_143,2015-03-15,95,Voxmeter,,f,6.6,6.6
Denmark,2015,denmark_2015_143,2015-03-15,95,Voxmeter,,oe,8.4,8.4
Denmark,2015,denmark_2015_143,2015-03-15,95,Voxmeter,,i,5.4,5.4
Denmark,2015,denmark_2015_143,2015-03-15,95,Voxmeter,,c,4.6,4.6
Denmark,2015,denmark_2015_143,2015-03-15,95,Voxmeter,,k,0.5,0.5
Denmark,2015,denmark_2015_143,2015-03-15,95,Voxmeter,,aa,1.8,1.8
Denmark,2015,denmark_2015_144,2015-03-09,101,YouGov,,v,19.8,19.8
Denmark,2015,denmark_2015_144,2015-03-09,101,YouGov,,a,21.5,21.5
Denmark,2015,denmark_2015_144,2015-03-09,101,YouGov,,o,22.6,22.6
Denmark,2015,denmark_2015_144,2015-03-09,101,YouGov,,b,6.8,6.8
Denmark,2015,denmark_2015_144,2015-03-09,101,YouGov,,f,5.6,5.6
Denmark,2015,denmark_2015_144,2015-03-09,101,YouGov,,oe,8.1,8.1
Denmark,2015,denmark_2015_144,2015-03-09,101,YouGov,,i,7.1,7.1
Denmark,2015,denmark_2015_144,2015-03-09,101,YouGov,,c,5.2,5.2
Denmark,2015,denmark_2015_144,2015-03-09,101,YouGov,,k,1.1,1.1
Denmark,2015,denmark_2015_144,2015-03-09,101,YouGov,,aa,2.2,2.2
Denmark,2015,denmark_2015_145,2015-03-08,102,Voxmeter,,v,23.2,23.2
Denmark,2015,denmark_2015_145,2015-03-08,102,Voxmeter,,a,23.4,23.4
Denmark,2015,denmark_2015_145,2015-03-08,102,Voxmeter,,o,18.7,18.7
Denmark,2015,denmark_2015_145,2015-03-08,102,Voxmeter,,b,7.5,7.5
Denmark,2015,denmark_2015_145,2015-03-08,102,Voxmeter,,f,6.4,6.4
Denmark,2015,denmark_2015_145,2015-03-08,102,Voxmeter,,oe,9.1,9.1
Denmark,2015,denmark_2015_145,2015-03-08,102,Voxmeter,,i,4.7,4.7
Denmark,2015,denmark_2015_145,2015-03-08,102,Voxmeter,,c,4.8,4.8
Denmark,2015,denmark_2015_145,2015-03-08,102,Voxmeter,,k,0.4,0.4
Denmark,2015,denmark_2015_145,2015-03-08,102,Voxmeter,,aa,1.5,1.5
Denmark,2015,denmark_2015_146,2015-03-05,105,Gallup,,v,21.1,21.1
Denmark,2015,denmark_2015_146,2015-03-05,105,Gallup,,a,23.1,23.1
Denmark,2015,denmark_2015_146,2015-03-05,105,Gallup,,o,20.1,20.1
Denmark,2015,denmark_2015_146,2015-03-05,105,Gallup,,b,6.9,6.9
Denmark,2015,denmark_2015_146,2015-03-05,105,Gallup,,f,6.0,6.0
Denmark,2015,denmark_2015_146,2015-03-05,105,Gallup,,oe,8.4,8.4
Denmark,2015,denmark_2015_146,2015-03-05,105,Gallup,,i,5.8,5.8
Denmark,2015,denmark_2015_146,2015-03-05,105,Gallup,,c,5.3,5.3
Denmark,2015,denmark_2015_146,2015-03-05,105,Gallup,,k,1.0,1.0
Denmark,2015,denmark_2015_146,2015-03-05,105,Gallup,,aa,1.8,1.8
Denmark,2015,denmark_2015_147,2015-03-02,108,Voxmeter,,v,22.3,22.3
Denmark,2015,denmark_2015_147,2015-03-02,108,Voxmeter,,a,23.1,23.1
Denmark,2015,denmark_2015_147,2015-03-02,108,Voxmeter,,o,19.6,19.6
Denmark,2015,denmark_2015_147,2015-03-02,108,Voxmeter,,b,7.8,7.8
Denmark,2015,denmark_2015_147,2015-03-02,108,Voxmeter,,f,6.9,6.9
Denmark,2015,denmark_2015_147,2015-03-02,108,Voxmeter,,oe,8.5,8.5
Denmark,2015,denmark_2015_147,2015-03-02,108,Voxmeter,,i,4.8,4.8
Denmark,2015,denmark_2015_147,2015-03-02,108,Voxmeter,,c,5.3,5.3
Denmark,2015,denmark_2015_147,2015-03-02,108,Voxmeter,,k,0.3,0.3
Denmark,2015,denmark_2015_147,2015-03-02,108,Voxmeter,,aa,1.2,1.2
Denmark,2019,denmark_2019_0,2019-06-04,1,Epinion,2414.0,a,25.7,25.7
Denmark,2019,denmark_2019_0,2019-06-04,1,Epinion,2414.0,o,9.6,9.6
Denmark,2019,denmark_2019_0,2019-06-04,1,Epinion,2414.0,v,20.7,20.7
Denmark,2019,denmark_2019_0,2019-06-04,1,Epinion,2414.0,oe,8.5,8.5
Denmark,2019,denmark_2019_0,2019-06-04,1,Epinion,2414.0,i,2.4,2.4
Denmark,2019,denmark_2019_0,2019-06-04,1,Epinion,2414.0,aa,3.4,3.4
Denmark,2019,denmark_2019_0,2019-06-04,1,Epinion,2414.0,b,8.6,8.6
Denmark,2019,denmark_2019_0,2019-06-04,1,Epinion,2414.0,f,8.1,8.1
Denmark,2019,denmark_2019_0,2019-06-04,1,Epinion,2414.0,c,6.2,6.2
Denmark,2019,denmark_2019_0,2019-06-04,1,Epinion,2414.0,k,1.7,1.7
Denmark,2019,denmark_2019_0,2019-06-04,1,Epinion,2414.0,d,2.7,2.7
Denmark,2019,denmark_2019_0,2019-06-04,1,Epinion,2414.0,e,0.5,0.5
Denmark,2019,denmark_2019_0,2019-06-04,1,Epinion,2414.0,p,1.9,1.9
Denmark,2019,denmark_2019_1,2019-06-04,1,Gallup,4841.0,a,25.7,25.7
Denmark,2019,denmark_2019_1,2019-06-04,1,Gallup,4841.0,o,10.6,10.6
Denmark,2019,denmark_2019_1,2019-06-04,1,Gallup,4841.0,v,22.3,22.3
Denmark,2019,denmark_2019_1,2019-06-04,1,Gallup,4841.0,oe,8.0,8.0
Denmark,2019,denmark_2019_1,2019-06-04,1,Gallup,4841.0,i,2.8,2.8
Denmark,2019,denmark_2019_1,2019-06-04,1,Gallup,4841.0,aa,2.9,2.9
Denmark,2019,denmark_2019_1,2019-06-04,1,Gallup,4841.0,b,7.5,7.5
Denmark,2019,denmark_2019_1,2019-06-04,1,Gallup,4841.0,f,7.6,7.6
Denmark,2019,denmark_2019_1,2019-06-04,1,Gallup,4841.0,c,6.1,6.1
Denmark,2019,denmark_2019_1,2019-06-04,1,Gallup,4841.0,k,1.9,1.9
Denmark,2019,denmark_2019_1,2019-06-04,1,Gallup,4841.0,d,2.6,2.6
Denmark,2019,denmark_2019_1,2019-06-04,1,Gallup,4841.0,e,0.7,0.7
Denmark,2019,denmark_2019_1,2019-06-04,1,Gallup,4841.0,p,1.1,1.1
Denmark,2019,denmark_2019_2,2019-06-04,1,Voxmeter,1003.0,a,29.3,29.3
Denmark,2019,denmark_2019_2,2019-06-04,1,Voxmeter,1003.0,o,10.1,10.1
Denmark,2019,denmark_2019_2,2019-06-04,1,Voxmeter,1003.0,v,18.2,18.2
Denmark,2019,denmark_2019_2,2019-06-04,1,Voxmeter,1003.0,oe,8.5,8.5
Denmark,2019,denmark_2019_2,2019-06-04,1,Voxmeter,1003.0,i,3.3,3.3
Denmark,2019,denmark_2019_2,2019-06-04,1,Voxmeter,1003.0,aa,2.8,2.8
Denmark,2019,denmark_2019_2,2019-06-04,1,Voxmeter,1003.0,b,8.9,8.9
Denmark,2019,denmark_2019_2,2019-06-04,1,Voxmeter,1003.0,f,8.8,8.8
Denmark,2019,denmark_2019_2,2019-06-04,1,Voxmeter,1003.0,c,4.5,4.5
Denmark,2019,denmark_2019_2,2019-06-04,1,Voxmeter,1003.0,k,1.6,1.6
Denmark,2019,denmark_2019_2,2019-06-04,1,Voxmeter,1003.0,d,1.8,1.8
Denmark,2019,denmark_2019_2,2019-06-04,1,Voxmeter,1003.0,e,0.4,0.4
Denmark,2019,denmark_2019_2,2019-06-04,1,Voxmeter,1003.0,p,1.3,1.3
Denmark,2019,denmark_2019_3,2019-06-04,1,YouGov,1075.0,a,27.3,27.3
Denmark,2019,denmark_2019_3,2019-06-04,1,YouGov,1075.0,o,11.3,11.3
Denmark,2019,denmark_2019_3,2019-06-04,1,YouGov,1075.0,v,18.6,18.6
Denmark,2019,denmark_2019_3,2019-06-04,1,YouGov,1075.0,oe,8.2,8.2
Denmark,2019,denmark_2019_3,2019-06-04,1,YouGov,1075.0,i,3.2,3.2
Denmark,2019,denmark_2019_3,2019-06-04,1,YouGov,1075.0,aa,2.7,2.7
Denmark,2019,denmark_2019_3,2019-06-04,1,YouGov,1075.0,b,7.6,7.6
Denmark,2019,denmark_2019_3,2019-06-04,1,YouGov,1075.0,f,6.9,6.9
Denmark,2019,denmark_2019_3,2019-06-04,1,YouGov,1075.0,c,4.6,4.6
Denmark,2019,denmark_2019_3,2019-06-04,1,YouGov,1075.0,k,1.7,1.7
Denmark,2019,denmark_2019_3,2019-06-04,1,YouGov,1075.0,d,4.7,4.7
Denmark,2019,denmark_2019_3,2019-06-04,1,YouGov,1075.0,e,0.2,0.2
Denmark,2019,denmark_2019_3,2019-06-04,1,YouGov,1075.0,p,3.0,3.0
Denmark,2019,denmark_2019_4,2019-06-03,2,Norstat,1204.0,a,28.6,28.6
Denmark,2019,denmark_2019_4,2019-06-03,2,Norstat,1204.0,o,10.5,10.5
Denmark,2019,denmark_2019_4,2019-06-03,2,Norstat,1204.0,v,17.9,17.9
Denmark,2019,denmark_2019_4,2019-06-03,2,Norstat,1204.0,oe,8.7,8.7
Denmark,2019,denmark_2019_4,2019-06-03,2,Norstat,1204.0,i,3.6,3.6
Denmark,2019,denmark_2019_4,2019-06-03,2,Norstat,1204.0,aa,2.6,2.6
Denmark,2019,denmark_2019_4,2019-06-03,2,Norstat,1204.0,b,7.3,7.3
Denmark,2019,denmark_2019_4,2019-06-03,2,Norstat,1204.0,f,7.4,7.4
Denmark,2019,denmark_2019_4,2019-06-03,2,Norstat,1204.0,c,4.5,4.5
Denmark,2019,denmark_2019_4,2019-06-03,2,Norstat,1204.0,k,1.9,1.9
Denmark,2019,denmark_2019_4,2019-06-03,2,Norstat,1204.0,d,4.1,4.1
Denmark,2019,denmark_2019_4,2019-06-03,2,Norstat,1204.0,e,0.2,0.2
Denmark,2019,denmark_2019_4,2019-06-03,2,Norstat,1204.0,p,2.2,2.2
Denmark,2019,denmark_2019_5,2019-06-03,2,Voxmeter,1006.0,a,29.7,29.7
Denmark,2019,denmark_2019_5,2019-06-03,2,Voxmeter,1006.0,o,9.9,9.9
Denmark,2019,denmark_2019_5,2019-06-03,2,Voxmeter,1006.0,v,17.7,17.7
Denmark,2019,denmark_2019_5,2019-06-03,2,Voxmeter,1006.0,oe,9.1,9.1
Denmark,2019,denmark_2019_5,2019-06-03,2,Voxmeter,1006.0,i,2.8,2.8
Denmark,2019,denmark_2019_5,2019-06-03,2,Voxmeter,1006.0,aa,2.9,2.9
Denmark,2019,denmark_2019_5,2019-06-03,2,Voxmeter,1006.0,b,8.8,8.8
Denmark,2019,denmark_2019_5,2019-06-03,2,Voxmeter,1006.0,f,8.7,8.7
Denmark,2019,denmark_2019_5,2019-06-03,2,Voxmeter,1006.0,c,4.6,4.6
Denmark,2019,denmark_2019_5,2019-06-03,2,Voxmeter,1006.0,k,1.9,1.9
Denmark,2019,denmark_2019_5,2019-06-03,2,Voxmeter,1006.0,d,2.1,2.1
Denmark,2019,denmark_2019_5,2019-06-03,2,Voxmeter,1006.0,e,0.4,0.4
Denmark,2019,denmark_2019_5,2019-06-03,2,Voxmeter,1006.0,p,1.2,1.2
Denmark,2019,denmark_2019_6,2019-06-03,2,Greens,1162.0,a,26.2,26.2
Denmark,2019,denmark_2019_6,2019-06-03,2,Greens,1162.0,o,10.5,10.5
Denmark,2019,denmark_2019_6,2019-06-03,2,Greens,1162.0,v,18.7,18.7
Denmark,2019,denmark_2019_6,2019-06-03,2,Greens,1162.0,oe,8.3,8.3
Denmark,2019,denmark_2019_6,2019-06-03,2,Greens,1162.0,i,2.8,2.8
Denmark,2019,denmark_2019_6,2019-06-03,2,Greens,1162.0,aa,4.0,4.0
Denmark,2019,denmark_2019_6,2019-06-03,2,Greens,1162.0,b,6.5,6.5
Denmark,2019,denmark_2019_6,2019-06-03,2,Greens,1162.0,f,8.4,8.4
Denmark,2019,denmark_2019_6,2019-06-03,2,Greens,1162.0,c,5.2,5.2
Denmark,2019,denmark_2019_6,2019-06-03,2,Greens,1162.0,k,2.0,2.0
Denmark,2019,denmark_2019_6,2019-06-03,2,Greens,1162.0,d,3.3,3.3
Denmark,2019,denmark_2019_6,2019-06-03,2,Greens,1162.0,e,0.5,0.5
Denmark,2019,denmark_2019_6,2019-06-03,2,Greens,1162.0,p,2.8,2.8
Denmark,2019,denmark_2019_7,2019-06-03,2,YouGov,855.0,a,28.2,28.2
Denmark,2019,denmark_2019_7,2019-06-03,2,YouGov,855.0,o,10.6,10.6
Denmark,2019,denmark_2019_7,2019-06-03,2,YouGov,855.0,v,19.3,19.3
Denmark,2019,denmark_2019_7,2019-06-03,2,YouGov,855.0,oe,9.5,9.5
Denmark,2019,denmark_2019_7,2019-06-03,2,YouGov,855.0,i,3.6,3.6
Denmark,2019,denmark_2019_7,2019-06-03,2,YouGov,855.0,aa,3.0,3.0
Denmark,2019,denmark_2019_7,2019-06-03,2,YouGov,855.0,b,6.8,6.8
Denmark,2019,denmark_2019_7,2019-06-03,2,YouGov,855.0,f,5.4,5.4
Denmark,2019,denmark_2019_7,2019-06-03,2,YouGov,855.0,c,4.8,4.8
Denmark,2019,denmark_2019_7,2019-06-03,2,YouGov,855.0,k,1.7,1.7
Denmark,2019,denmark_2019_7,2019-06-03,2,YouGov,855.0,d,4.0,4.0
Denmark,2019,denmark_2019_7,2019-06-03,2,YouGov,855.0,e,0.2,0.2
Denmark,2019,denmark_2019_7,2019-06-03,2,YouGov,855.0,p,3.1,3.1
Denmark,2019,denmark_2019_8,2019-06-02,3,Voxmeter,1006.0,a,28.3,28.3
Denmark,2019,denmark_2019_8,2019-06-02,3,Voxmeter,1006.0,o,10.7,10.7
Denmark,2019,denmark_2019_8,2019-06-02,3,Voxmeter,1006.0,v,17.4,17.4
Denmark,2019,denmark_2019_8,2019-06-02,3,Voxmeter,1006.0,oe,9.5,9.5
Denmark,2019,denmark_2019_8,2019-06-02,3,Voxmeter,1006.0,i,3.0,3.0
Denmark,2019,denmark_2019_8,2019-06-02,3,Voxmeter,1006.0,aa,2.7,2.7
Denmark,2019,denmark_2019_8,2019-06-02,3,Voxmeter,1006.0,b,8.4,8.4
Denmark,2019,denmark_2019_8,2019-06-02,3,Voxmeter,1006.0,f,8.3,8.3
Denmark,2019,denmark_2019_8,2019-06-02,3,Voxmeter,1006.0,c,5.0,5.0
Denmark,2019,denmark_2019_8,2019-06-02,3,Voxmeter,1006.0,k,1.8,1.8
Denmark,2019,denmark_2019_8,2019-06-02,3,Voxmeter,1006.0,d,2.5,2.5
Denmark,2019,denmark_2019_8,2019-06-02,3,Voxmeter,1006.0,e,0.3,0.3
Denmark,2019,denmark_2019_8,2019-06-02,3,Voxmeter,1006.0,p,1.6,1.6
Denmark,2019,denmark_2019_9,2019-06-02,3,YouGov,776.0,a,29.0,29.0
Denmark,2019,denmark_2019_9,2019-06-02,3,YouGov,776.0,o,8.3,8.3
Denmark,2019,denmark_2019_9,2019-06-02,3,YouGov,776.0,v,20.8,20.8
Denmark,2019,denmark_2019_9,2019-06-02,3,YouGov,776.0,oe,9.6,9.6
Denmark,2019,denmark_2019_9,2019-06-02,3,YouGov,776.0,i,2.2,2.2
Denmark,2019,denmark_2019_9,2019-06-02,3,YouGov,776.0,aa,2.4,2.4
Denmark,2019,denmark_2019_9,2019-06-02,3,YouGov,776.0,b,7.9,7.9
Denmark,2019,denmark_2019_9,2019-06-02,3,YouGov,776.0,f,6.0,6.0
Denmark,2019,denmark_2019_9,2019-06-02,3,YouGov,776.0,c,5.2,5.2
Denmark,2019,denmark_2019_9,2019-06-02,3,YouGov,776.0,k,1.7,1.7
Denmark,2019,denmark_2019_9,2019-06-02,3,YouGov,776.0,d,4.1,4.1
Denmark,2019,denmark_2019_9,2019-06-02,3,YouGov,776.0,e,0.0,0.0
Denmark,2019,denmark_2019_9,2019-06-02,3,YouGov,776.0,p,2.9,2.9
Denmark,2019,denmark_2019_10,2019-06-01,4,Voxmeter,1005.0,a,27.5,27.5
Denmark,2019,denmark_2019_10,2019-06-01,4,Voxmeter,1005.0,o,11.1,11.1
Denmark,2019,denmark_2019_10,2019-06-01,4,Voxmeter,1005.0,v,17.8,17.8
Denmark,2019,denmark_2019_10,2019-06-01,4,Voxmeter,1005.0,oe,8.9,8.9
Denmark,2019,denmark_2019_10,2019-06-01,4,Voxmeter,1005.0,i,3.4,3.4
Denmark,2019,denmark_2019_10,2019-06-01,4,Voxmeter,1005.0,aa,2.9,2.9
Denmark,2019,denmark_2019_10,2019-06-01,4,Voxmeter,1005.0,b,8.7,8.7
Denmark,2019,denmark_2019_10,2019-06-01,4,Voxmeter,1005.0,f,7.8,7.8
Denmark,2019,denmark_2019_10,2019-06-01,4,Voxmeter,1005.0,c,5.2,5.2
Denmark,2019,denmark_2019_10,2019-06-01,4,Voxmeter,1005.0,k,1.4,1.4
Denmark,2019,denmark_2019_10,2019-06-01,4,Voxmeter,1005.0,d,2.5,2.5
Denmark,2019,denmark_2019_10,2019-06-01,4,Voxmeter,1005.0,e,0.3,0.3
Denmark,2019,denmark_2019_10,2019-06-01,4,Voxmeter,1005.0,p,1.8,1.8
Denmark,2019,denmark_2019_11,2019-06-01,4,YouGov,870.0,a,28.5,28.5
Denmark,2019,denmark_2019_11,2019-06-01,4,YouGov,870.0,o,8.5,8.5
Denmark,2019,denmark_2019_11,2019-06-01,4,YouGov,870.0,v,20.9,20.9
Denmark,2019,denmark_2019_11,2019-06-01,4,YouGov,870.0,oe,8.3,8.3
Denmark,2019,denmark_2019_11,2019-06-01,4,YouGov,870.0,i,2.8,2.8
Denmark,2019,denmark_2019_11,2019-06-01,4,YouGov,870.0,aa,2.3,2.3
Denmark,2019,denmark_2019_11,2019-06-01,4,YouGov,870.0,b,8.4,8.4
Denmark,2019,denmark_2019_11,2019-06-01,4,YouGov,870.0,f,6.7,6.7
Denmark,2019,denmark_2019_11,2019-06-01,4,YouGov,870.0,c,5.4,5.4
Denmark,2019,denmark_2019_11,2019-06-01,4,YouGov,870.0,k,1.4,1.4
Denmark,2019,denmark_2019_11,2019-06-01,4,YouGov,870.0,d,4.3,4.3
Denmark,2019,denmark_2019_11,2019-06-01,4,YouGov,870.0,e,0.2,0.2
Denmark,2019,denmark_2019_11,2019-06-01,4,YouGov,870.0,p,2.4,2.4
Denmark,2019,denmark_2019_12,2019-05-31,5,Voxmeter,1009.0,a,27.2,27.2
Denmark,2019,denmark_2019_12,2019-05-31,5,Voxmeter,1009.0,o,11.6,11.6
Denmark,2019,denmark_2019_12,2019-05-31,5,Voxmeter,1009.0,v,17.9,17.9
Denmark,2019,denmark_2019_12,2019-05-31,5,Voxmeter,1009.0,oe,8.8,8.8
Denmark,2019,denmark_2019_12,2019-05-31,5,Voxmeter,1009.0,i,3.2,3.2
Denmark,2019,denmark_2019_12,2019-05-31,5,Voxmeter,1009.0,aa,3.3,3.3
Denmark,2019,denmark_2019_12,2019-05-31,5,Voxmeter,1009.0,b,8.4,8.4
Denmark,2019,denmark_2019_12,2019-05-31,5,Voxmeter,1009.0,f,7.6,7.6
Denmark,2019,denmark_2019_12,2019-05-31,5,Voxmeter,1009.0,c,5.5,5.5
Denmark,2019,denmark_2019_12,2019-05-31,5,Voxmeter,1009.0,k,1.2,1.2
Denmark,2019,denmark_2019_12,2019-05-31,5,Voxmeter,1009.0,d,2.2,2.2
Denmark,2019,denmark_2019_12,2019-05-31,5,Voxmeter,1009.0,e,0.4,0.4
Denmark,2019,denmark_2019_12,2019-05-31,5,Voxmeter,1009.0,p,2.2,2.2
Denmark,2019,denmark_2019_13,2019-05-31,5,YouGov,979.0,a,26.6,26.6
Denmark,2019,denmark_2019_13,2019-05-31,5,YouGov,979.0,o,9.0,9.0
Denmark,2019,denmark_2019_13,2019-05-31,5,YouGov,979.0,v,20.3,20.3
Denmark,2019,denmark_2019_13,2019-05-31,5,YouGov,979.0,oe,8.6,8.6
Denmark,2019,denmark_2019_13,2019-05-31,5,YouGov,979.0,i,2.9,2.9
Denmark,2019,denmark_2019_13,2019-05-31,5,YouGov,979.0,aa,2.8,2.8
Denmark,2019,denmark_2019_13,2019-05-31,5,YouGov,979.0,b,8.6,8.6
Denmark,2019,denmark_2019_13,2019-05-31,5,YouGov,979.0,f,7.6,7.6
Denmark,2019,denmark_2019_13,2019-05-31,5,YouGov,979.0,c,5.2,5.2
Denmark,2019,denmark_2019_13,2019-05-31,5,YouGov,979.0,k,1.5,1.5
Denmark,2019,denmark_2019_13,2019-05-31,5,YouGov,979.0,d,4.2,4.2
Denmark,2019,denmark_2019_13,2019-05-31,5,YouGov,979.0,e,0.4,0.4
Denmark,2019,denmark_2019_13,2019-05-31,5,YouGov,979.0,p,2.4,2.4
Denmark,2019,denmark_2019_14,2019-05-30,6,Voxmeter,1011.0,a,27.1,27.1
Denmark,2019,denmark_2019_14,2019-05-30,6,Voxmeter,1011.0,o,11.1,11.1
Denmark,2019,denmark_2019_14,2019-05-30,6,Voxmeter,1011.0,v,17.5,17.5
Denmark,2019,denmark_2019_14,2019-05-30,6,Voxmeter,1011.0,oe,8.4,8.4
Denmark,2019,denmark_2019_14,2019-05-30,6,Voxmeter,1011.0,i,3.0,3.0
Denmark,2019,denmark_2019_14,2019-05-30,6,Voxmeter,1011.0,aa,3.6,3.6
Denmark,2019,denmark_2019_14,2019-05-30,6,Voxmeter,1011.0,b,8.8,8.8
Denmark,2019,denmark_2019_14,2019-05-30,6,Voxmeter,1011.0,f,8.0,8.0
Denmark,2019,denmark_2019_14,2019-05-30,6,Voxmeter,1011.0,c,5.6,5.6
Denmark,2019,denmark_2019_14,2019-05-30,6,Voxmeter,1011.0,k,1.6,1.6
Denmark,2019,denmark_2019_14,2019-05-30,6,Voxmeter,1011.0,d,1.7,1.7
Denmark,2019,denmark_2019_14,2019-05-30,6,Voxmeter,1011.0,e,0.8,0.8
Denmark,2019,denmark_2019_14,2019-05-30,6,Voxmeter,1011.0,p,2.4,2.4
Denmark,2019,denmark_2019_15,2019-05-30,6,Epinion,1719.0,a,26.1,26.1
Denmark,2019,denmark_2019_15,2019-05-30,6,Epinion,1719.0,o,10.6,10.6
Denmark,2019,denmark_2019_15,2019-05-30,6,Epinion,1719.0,v,20.4,20.4
Denmark,2019,denmark_2019_15,2019-05-30,6,Epinion,1719.0,oe,8.5,8.5
Denmark,2019,denmark_2019_15,2019-05-30,6,Epinion,1719.0,i,2.7,2.7
Denmark,2019,denmark_2019_15,2019-05-30,6,Epinion,1719.0,aa,2.8,2.8
Denmark,2019,denmark_2019_15,2019-05-30,6,Epinion,1719.0,b,7.1,7.1
Denmark,2019,denmark_2019_15,2019-05-30,6,Epinion,1719.0,f,8.9,8.9
Denmark,2019,denmark_2019_15,2019-05-30,6,Epinion,1719.0,c,5.1,5.1
Denmark,2019,denmark_2019_15,2019-05-30,6,Epinion,1719.0,k,1.8,1.8
Denmark,2019,denmark_2019_15,2019-05-30,6,Epinion,1719.0,d,3.1,3.1
Denmark,2019,denmark_2019_15,2019-05-30,6,Epinion,1719.0,e,0.7,0.7
Denmark,2019,denmark_2019_15,2019-05-30,6,Epinion,1719.0,p,2.2,2.2
Denmark,2019,denmark_2019_16,2019-05-30,6,Megafon,1013.0,a,25.7,25.7
Denmark,2019,denmark_2019_16,2019-05-30,6,Megafon,1013.0,o,12.1,12.1
Denmark,2019,denmark_2019_16,2019-05-30,6,Megafon,1013.0,v,19.5,19.5
Denmark,2019,denmark_2019_16,2019-05-30,6,Megafon,1013.0,oe,8.8,8.8
Denmark,2019,denmark_2019_16,2019-05-30,6,Megafon,1013.0,i,3.5,3.5
Denmark,2019,denmark_2019_16,2019-05-30,6,Megafon,1013.0,aa,3.5,3.5
Denmark,2019,denmark_2019_16,2019-05-30,6,Megafon,1013.0,b,8.3,8.3
Denmark,2019,denmark_2019_16,2019-05-30,6,Megafon,1013.0,f,7.3,7.3
Denmark,2019,denmark_2019_16,2019-05-30,6,Megafon,1013.0,c,5.3,5.3
Denmark,2019,denmark_2019_16,2019-05-30,6,Megafon,1013.0,k,1.5,1.5
Denmark,2019,denmark_2019_16,2019-05-30,6,Megafon,1013.0,d,2.2,2.2
Denmark,2019,denmark_2019_16,2019-05-30,6,Megafon,1013.0,e,0.3,0.3
Denmark,2019,denmark_2019_16,2019-05-30,6,Megafon,1013.0,p,1.9,1.9
Denmark,2019,denmark_2019_17,2019-05-30,6,YouGov,978.0,a,28.1,28.1
Denmark,2019,denmark_2019_17,2019-05-30,6,YouGov,978.0,o,9.5,9.5
Denmark,2019,denmark_2019_17,2019-05-30,6,YouGov,978.0,v,18.3,18.3
Denmark,2019,denmark_2019_17,2019-05-30,6,YouGov,978.0,oe,8.5,8.5
Denmark,2019,denmark_2019_17,2019-05-30,6,YouGov,978.0,i,2.6,2.6
Denmark,2019,denmark_2019_17,2019-05-30,6,YouGov,978.0,aa,2.6,2.6
Denmark,2019,denmark_2019_17,2019-05-30,6,YouGov,978.0,b,8.4,8.4
Denmark,2019,denmark_2019_17,2019-05-30,6,YouGov,978.0,f,8.9,8.9
Denmark,2019,denmark_2019_17,2019-05-30,6,YouGov,978.0,c,5.3,5.3
Denmark,2019,denmark_2019_17,2019-05-30,6,YouGov,978.0,k,1.3,1.3
Denmark,2019,denmark_2019_17,2019-05-30,6,YouGov,978.0,d,3.5,3.5
Denmark,2019,denmark_2019_17,2019-05-30,6,YouGov,978.0,e,0.7,0.7
Denmark,2019,denmark_2019_17,2019-05-30,6,YouGov,978.0,p,2.4,2.4
Denmark,2019,denmark_2019_18,2019-05-29,7,Voxmeter,1011.0,a,27.3,27.3
Denmark,2019,denmark_2019_18,2019-05-29,7,Voxmeter,1011.0,o,10.4,10.4
Denmark,2019,denmark_2019_18,2019-05-29,7,Voxmeter,1011.0,v,17.7,17.7
Denmark,2019,denmark_2019_18,2019-05-29,7,Voxmeter,1011.0,oe,8.6,8.6
Denmark,2019,denmark_2019_18,2019-05-29,7,Voxmeter,1011.0,i,2.8,2.8
Denmark,2019,denmark_2019_18,2019-05-29,7,Voxmeter,1011.0,aa,3.4,3.4
Denmark,2019,denmark_2019_18,2019-05-29,7,Voxmeter,1011.0,b,9.1,9.1
Denmark,2019,denmark_2019_18,2019-05-29,7,Voxmeter,1011.0,f,8.4,8.4
Denmark,2019,denmark_2019_18,2019-05-29,7,Voxmeter,1011.0,c,5.6,5.6
Denmark,2019,denmark_2019_18,2019-05-29,7,Voxmeter,1011.0,k,1.5,1.5
Denmark,2019,denmark_2019_18,2019-05-29,7,Voxmeter,1011.0,d,1.4,1.4
Denmark,2019,denmark_2019_18,2019-05-29,7,Voxmeter,1011.0,e,0.7,0.7
Denmark,2019,denmark_2019_18,2019-05-29,7,Voxmeter,1011.0,p,2.8,2.8
Denmark,2019,denmark_2019_19,2019-05-29,7,YouGov,981.0,a,26.3,26.3
Denmark,2019,denmark_2019_19,2019-05-29,7,YouGov,981.0,o,11.3,11.3
Denmark,2019,denmark_2019_19,2019-05-29,7,YouGov,981.0,v,17.3,17.3
Denmark,2019,denmark_2019_19,2019-05-29,7,YouGov,981.0,oe,8.7,8.7
Denmark,2019,denmark_2019_19,2019-05-29,7,YouGov,981.0,i,2.6,2.6
Denmark,2019,denmark_2019_19,2019-05-29,7,YouGov,981.0,aa,3.3,3.3
Denmark,2019,denmark_2019_19,2019-05-29,7,YouGov,981.0,b,8.0,8.0
Denmark,2019,denmark_2019_19,2019-05-29,7,YouGov,981.0,f,9.0,9.0
Denmark,2019,denmark_2019_19,2019-05-29,7,YouGov,981.0,c,5.7,5.7
Denmark,2019,denmark_2019_19,2019-05-29,7,YouGov,981.0,k,0.7,0.7
Denmark,2019,denmark_2019_19,2019-05-29,7,YouGov,981.0,d,4.3,4.3
Denmark,2019,denmark_2019_19,2019-05-29,7,YouGov,981.0,e,0.6,0.6
Denmark,2019,denmark_2019_19,2019-05-29,7,YouGov,981.0,p,2.4,2.4
Denmark,2019,denmark_2019_20,2019-05-28,8,Gallup,1476.0,a,25.7,25.7
Denmark,2019,denmark_2019_20,2019-05-28,8,Gallup,1476.0,o,11.0,11.0
Denmark,2019,denmark_2019_20,2019-05-28,8,Gallup,1476.0,v,20.4,20.4
Denmark,2019,denmark_2019_20,2019-05-28,8,Gallup,1476.0,oe,8.6,8.6
Denmark,2019,denmark_2019_20,2019-05-28,8,Gallup,1476.0,i,3.0,3.0
Denmark,2019,denmark_2019_20,2019-05-28,8,Gallup,1476.0,aa,2.9,2.9
Denmark,2019,denmark_2019_20,2019-05-28,8,Gallup,1476.0,b,6.8,6.8
Denmark,2019,denmark_2019_20,2019-05-28,8,Gallup,1476.0,f,8.6,8.6
Denmark,2019,denmark_2019_20,2019-05-28,8,Gallup,1476.0,c,6.9,6.9
Denmark,2019,denmark_2019_20,2019-05-28,8,Gallup,1476.0,k,1.4,1.4
Denmark,2019,denmark_2019_20,2019-05-28,8,Gallup,1476.0,d,2.9,2.9
Denmark,2019,denmark_2019_20,2019-05-28,8,Gallup,1476.0,e,0.8,0.8
Denmark,2019,denmark_2019_20,2019-05-28,8,Gallup,1476.0,p,1.6,1.6
Denmark,2019,denmark_2019_21,2019-05-28,8,Voxmeter,1007.0,a,26.6,26.6
Denmark,2019,denmark_2019_21,2019-05-28,8,Voxmeter,1007.0,o,10.7,10.7
Denmark,2019,denmark_2019_21,2019-05-28,8,Voxmeter,1007.0,v,18.2,18.2
Denmark,2019,denmark_2019_21,2019-05-28,8,Voxmeter,1007.0,oe,8.3,8.3
Denmark,2019,denmark_2019_21,2019-05-28,8,Voxmeter,1007.0,i,3.1,3.1
Denmark,2019,denmark_2019_21,2019-05-28,8,Voxmeter,1007.0,aa,3.7,3.7
Denmark,2019,denmark_2019_21,2019-05-28,8,Voxmeter,1007.0,b,8.7,8.7
Denmark,2019,denmark_2019_21,2019-05-28,8,Voxmeter,1007.0,f,8.8,8.8
Denmark,2019,denmark_2019_21,2019-05-28,8,Voxmeter,1007.0,c,5.2,5.2
Denmark,2019,denmark_2019_21,2019-05-28,8,Voxmeter,1007.0,k,1.6,1.6
Denmark,2019,denmark_2019_21,2019-05-28,8,Voxmeter,1007.0,d,1.5,1.5
Denmark,2019,denmark_2019_21,2019-05-28,8,Voxmeter,1007.0,e,0.9,0.9
Denmark,2019,denmark_2019_21,2019-05-28,8,Voxmeter,1007.0,p,2.5,2.5
Denmark,2019,denmark_2019_22,2019-05-28,8,YouGov,978.0,a,26.3,26.3
Denmark,2019,denmark_2019_22,2019-05-28,8,YouGov,978.0,o,12.5,12.5
Denmark,2019,denmark_2019_22,2019-05-28,8,YouGov,978.0,v,16.2,16.2
Denmark,2019,denmark_2019_22,2019-05-28,8,YouGov,978.0,oe,8.8,8.8
Denmark,2019,denmark_2019_22,2019-05-28,8,YouGov,978.0,i,2.7,2.7
Denmark,2019,denmark_2019_22,2019-05-28,8,YouGov,978.0,aa,3.5,3.5
Denmark,2019,denmark_2019_22,2019-05-28,8,YouGov,978.0,b,6.9,6.9
Denmark,2019,denmark_2019_22,2019-05-28,8,YouGov,978.0,f,9.1,9.1
Denmark,2019,denmark_2019_22,2019-05-28,8,YouGov,978.0,c,6.2,6.2
Denmark,2019,denmark_2019_22,2019-05-28,8,YouGov,978.0,k,0.9,0.9
Denmark,2019,denmark_2019_22,2019-05-28,8,YouGov,978.0,d,3.9,3.9
Denmark,2019,denmark_2019_22,2019-05-28,8,YouGov,978.0,e,0.4,0.4
Denmark,2019,denmark_2019_22,2019-05-28,8,YouGov,978.0,p,2.6,2.6
Denmark,2019,denmark_2019_23,2019-05-27,9,Voxmeter,1005.0,a,26.4,26.4
Denmark,2019,denmark_2019_23,2019-05-27,9,Voxmeter,1005.0,o,11.2,11.2
Denmark,2019,denmark_2019_23,2019-05-27,9,Voxmeter,1005.0,v,18.1,18.1
Denmark,2019,denmark_2019_23,2019-05-27,9,Voxmeter,1005.0,oe,8.7,8.7
Denmark,2019,denmark_2019_23,2019-05-27,9,Voxmeter,1005.0,i,3.6,3.6
Denmark,2019,denmark_2019_23,2019-05-27,9,Voxmeter,1005.0,aa,3.4,3.4
Denmark,2019,denmark_2019_23,2019-05-27,9,Voxmeter,1005.0,b,8.8,8.8
Denmark,2019,denmark_2019_23,2019-05-27,9,Voxmeter,1005.0,f,8.7,8.7
Denmark,2019,denmark_2019_23,2019-05-27,9,Voxmeter,1005.0,c,4.7,4.7
Denmark,2019,denmark_2019_23,2019-05-27,9,Voxmeter,1005.0,k,1.1,1.1
Denmark,2019,denmark_2019_23,2019-05-27,9,Voxmeter,1005.0,d,1.7,1.7
Denmark,2019,denmark_2019_23,2019-05-27,9,Voxmeter,1005.0,e,0.9,0.9
Denmark,2019,denmark_2019_23,2019-05-27,9,Voxmeter,1005.0,p,2.4,2.4
Denmark,2019,denmark_2019_24,2019-05-26,10,Voxmeter,1005.0,a,25.9,25.9
Denmark,2019,denmark_2019_24,2019-05-26,10,Voxmeter,1005.0,o,11.7,11.7
Denmark,2019,denmark_2019_24,2019-05-26,10,Voxmeter,1005.0,v,17.8,17.8
Denmark,2019,denmark_2019_24,2019-05-26,10,Voxmeter,1005.0,oe,9.0,9.0
Denmark,2019,denmark_2019_24,2019-05-26,10,Voxmeter,1005.0,i,3.9,3.9
Denmark,2019,denmark_2019_24,2019-05-26,10,Voxmeter,1005.0,aa,3.4,3.4
Denmark,2019,denmark_2019_24,2019-05-26,10,Voxmeter,1005.0,b,8.5,8.5
Denmark,2019,denmark_2019_24,2019-05-26,10,Voxmeter,1005.0,f,8.5,8.5
Denmark,2019,denmark_2019_24,2019-05-26,10,Voxmeter,1005.0,c,4.4,4.4
Denmark,2019,denmark_2019_24,2019-05-26,10,Voxmeter,1005.0,k,1.3,1.3
Denmark,2019,denmark_2019_24,2019-05-26,10,Voxmeter,1005.0,d,1.9,1.9
Denmark,2019,denmark_2019_24,2019-05-26,10,Voxmeter,1005.0,e,0.9,0.9
Denmark,2019,denmark_2019_24,2019-05-26,10,Voxmeter,1005.0,p,2.3,2.3
Denmark,2019,denmark_2019_25,2019-05-25,11,Voxmeter,1006.0,a,26.5,26.5
Denmark,2019,denmark_2019_25,2019-05-25,11,Voxmeter,1006.0,o,11.7,11.7
Denmark,2019,denmark_2019_25,2019-05-25,11,Voxmeter,1006.0,v,17.5,17.5
Denmark,2019,denmark_2019_25,2019-05-25,11,Voxmeter,1006.0,oe,9.4,9.4
Denmark,2019,denmark_2019_25,2019-05-25,11,Voxmeter,1006.0,i,4.2,4.2
Denmark,2019,denmark_2019_25,2019-05-25,11,Voxmeter,1006.0,aa,3.4,3.4
Denmark,2019,denmark_2019_25,2019-05-25,11,Voxmeter,1006.0,b,8.5,8.5
Denmark,2019,denmark_2019_25,2019-05-25,11,Voxmeter,1006.0,f,8.2,8.2
Denmark,2019,denmark_2019_25,2019-05-25,11,Voxmeter,1006.0,c,3.9,3.9
Denmark,2019,denmark_2019_25,2019-05-25,11,Voxmeter,1006.0,k,1.5,1.5
Denmark,2019,denmark_2019_25,2019-05-25,11,Voxmeter,1006.0,d,2.0,2.0
Denmark,2019,denmark_2019_25,2019-05-25,11,Voxmeter,1006.0,e,0.6,0.6
Denmark,2019,denmark_2019_25,2019-05-25,11,Voxmeter,1006.0,p,2.1,2.1
Denmark,2019,denmark_2019_26,2019-05-25,11,YouGov,991.0,a,27.6,27.6
Denmark,2019,denmark_2019_26,2019-05-25,11,YouGov,991.0,o,11.8,11.8
Denmark,2019,denmark_2019_26,2019-05-25,11,YouGov,991.0,v,16.9,16.9
Denmark,2019,denmark_2019_26,2019-05-25,11,YouGov,991.0,oe,8.1,8.1
Denmark,2019,denmark_2019_26,2019-05-25,11,YouGov,991.0,i,2.9,2.9
Denmark,2019,denmark_2019_26,2019-05-25,11,YouGov,991.0,aa,2.3,2.3
Denmark,2019,denmark_2019_26,2019-05-25,11,YouGov,991.0,b,6.6,6.6
Denmark,2019,denmark_2019_26,2019-05-25,11,YouGov,991.0,f,8.2,8.2
Denmark,2019,denmark_2019_26,2019-05-25,11,YouGov,991.0,c,6.2,6.2
Denmark,2019,denmark_2019_26,2019-05-25,11,YouGov,991.0,k,1.1,1.1
Denmark,2019,denmark_2019_26,2019-05-25,11,YouGov,991.0,d,4.0,4.0
Denmark,2019,denmark_2019_26,2019-05-25,11,YouGov,991.0,e,0.7,0.7
Denmark,2019,denmark_2019_26,2019-05-25,11,YouGov,991.0,p,3.6,3.6
Denmark,2019,denmark_2019_27,2019-05-24,12,Voxmeter,1006.0,a,27.1,27.1
Denmark,2019,denmark_2019_27,2019-05-24,12,Voxmeter,1006.0,o,11.1,11.1
Denmark,2019,denmark_2019_27,2019-05-24,12,Voxmeter,1006.0,v,18.0,18.0
Denmark,2019,denmark_2019_27,2019-05-24,12,Voxmeter,1006.0,oe,9.0,9.0
Denmark,2019,denmark_2019_27,2019-05-24,12,Voxmeter,1006.0,i,4.4,4.4
Denmark,2019,denmark_2019_27,2019-05-24,12,Voxmeter,1006.0,aa,3.8,3.8
Denmark,2019,denmark_2019_27,2019-05-24,12,Voxmeter,1006.0,b,8.2,8.2
Denmark,2019,denmark_2019_27,2019-05-24,12,Voxmeter,1006.0,f,7.8,7.8
Denmark,2019,denmark_2019_27,2019-05-24,12,Voxmeter,1006.0,c,3.4,3.4
Denmark,2019,denmark_2019_27,2019-05-24,12,Voxmeter,1006.0,k,1.8,1.8
Denmark,2019,denmark_2019_27,2019-05-24,12,Voxmeter,1006.0,d,1.9,1.9
Denmark,2019,denmark_2019_27,2019-05-24,12,Voxmeter,1006.0,e,0.7,0.7
Denmark,2019,denmark_2019_27,2019-05-24,12,Voxmeter,1006.0,p,2.3,2.3
Denmark,2019,denmark_2019_28,2019-05-23,13,Voxmeter,1006.0,a,26.6,26.6
Denmark,2019,denmark_2019_28,2019-05-23,13,Voxmeter,1006.0,o,10.4,10.4
Denmark,2019,denmark_2019_28,2019-05-23,13,Voxmeter,1006.0,v,18.4,18.4
Denmark,2019,denmark_2019_28,2019-05-23,13,Voxmeter,1006.0,oe,9.3,9.3
Denmark,2019,denmark_2019_28,2019-05-23,13,Voxmeter,1006.0,i,4.6,4.6
Denmark,2019,denmark_2019_28,2019-05-23,13,Voxmeter,1006.0,aa,4.2,4.2
Denmark,2019,denmark_2019_28,2019-05-23,13,Voxmeter,1006.0,b,7.9,7.9
Denmark,2019,denmark_2019_28,2019-05-23,13,Voxmeter,1006.0,f,7.4,7.4
Denmark,2019,denmark_2019_28,2019-05-23,13,Voxmeter,1006.0,c,3.2,3.2
Denmark,2019,denmark_2019_28,2019-05-23,13,Voxmeter,1006.0,k,1.6,1.6
Denmark,2019,denmark_2019_28,2019-05-23,13,Voxmeter,1006.0,d,2.1,2.1
Denmark,2019,denmark_2019_28,2019-05-23,13,Voxmeter,1006.0,e,0.7,0.7
Denmark,2019,denmark_2019_28,2019-05-23,13,Voxmeter,1006.0,p,2.8,2.8
Denmark,2019,denmark_2019_29,2019-05-23,13,YouGov,981.0,a,26.8,26.8
Denmark,2019,denmark_2019_29,2019-05-23,13,YouGov,981.0,o,11.3,11.3
Denmark,2019,denmark_2019_29,2019-05-23,13,YouGov,981.0,v,17.5,17.5
Denmark,2019,denmark_2019_29,2019-05-23,13,YouGov,981.0,oe,9.4,9.4
Denmark,2019,denmark_2019_29,2019-05-23,13,YouGov,981.0,i,2.7,2.7
Denmark,2019,denmark_2019_29,2019-05-23,13,YouGov,981.0,aa,2.5,2.5
Denmark,2019,denmark_2019_29,2019-05-23,13,YouGov,981.0,b,6.2,6.2
Denmark,2019,denmark_2019_29,2019-05-23,13,YouGov,981.0,f,8.8,8.8
Denmark,2019,denmark_2019_29,2019-05-23,13,YouGov,981.0,c,5.0,5.0
Denmark,2019,denmark_2019_29,2019-05-23,13,YouGov,981.0,k,1.2,1.2
Denmark,2019,denmark_2019_29,2019-05-23,13,YouGov,981.0,d,4.3,4.3
Denmark,2019,denmark_2019_29,2019-05-23,13,YouGov,981.0,e,1.2,1.2
Denmark,2019,denmark_2019_29,2019-05-23,13,YouGov,981.0,p,3.2,3.2
Denmark,2019,denmark_2019_30,2019-05-23,13,Megafon,1001.0,a,26.7,26.7
Denmark,2019,denmark_2019_30,2019-05-23,13,Megafon,1001.0,o,11.6,11.6
Denmark,2019,denmark_2019_30,2019-05-23,13,Megafon,1001.0,v,17.5,17.5
Denmark,2019,denmark_2019_30,2019-05-23,13,Megafon,1001.0,oe,8.1,8.1
Denmark,2019,denmark_2019_30,2019-05-23,13,Megafon,1001.0,i,4.3,4.3
Denmark,2019,denmark_2019_30,2019-05-23,13,Megafon,1001.0,aa,3.4,3.4
Denmark,2019,denmark_2019_30,2019-05-23,13,Megafon,1001.0,b,7.7,7.7
Denmark,2019,denmark_2019_30,2019-05-23,13,Megafon,1001.0,f,7.8,7.8
Denmark,2019,denmark_2019_30,2019-05-23,13,Megafon,1001.0,c,5.4,5.4
Denmark,2019,denmark_2019_30,2019-05-23,13,Megafon,1001.0,k,1.7,1.7
Denmark,2019,denmark_2019_30,2019-05-23,13,Megafon,1001.0,d,3.2,3.2
Denmark,2019,denmark_2019_30,2019-05-23,13,Megafon,1001.0,e,0.6,0.6
Denmark,2019,denmark_2019_30,2019-05-23,13,Megafon,1001.0,p,1.9,1.9
Denmark,2019,denmark_2019_31,2019-05-22,14,Greens,1000.0,a,26.6,26.6
Denmark,2019,denmark_2019_31,2019-05-22,14,Greens,1000.0,o,10.4,10.4
Denmark,2019,denmark_2019_31,2019-05-22,14,Greens,1000.0,v,18.4,18.4
Denmark,2019,denmark_2019_31,2019-05-22,14,Greens,1000.0,oe,9.3,9.3
Denmark,2019,denmark_2019_31,2019-05-22,14,Greens,1000.0,i,4.6,4.6
Denmark,2019,denmark_2019_31,2019-05-22,14,Greens,1000.0,aa,4.2,4.2
Denmark,2019,denmark_2019_31,2019-05-22,14,Greens,1000.0,b,7.9,7.9
Denmark,2019,denmark_2019_31,2019-05-22,14,Greens,1000.0,f,7.4,7.4
Denmark,2019,denmark_2019_31,2019-05-22,14,Greens,1000.0,c,3.2,3.2
Denmark,2019,denmark_2019_31,2019-05-22,14,Greens,1000.0,k,1.6,1.6
Denmark,2019,denmark_2019_31,2019-05-22,14,Greens,1000.0,d,2.1,2.1
Denmark,2019,denmark_2019_31,2019-05-22,14,Greens,1000.0,e,0.7,0.7
Denmark,2019,denmark_2019_31,2019-05-22,14,Greens,1000.0,p,2.8,2.8
Denmark,2019,denmark_2019_32,2019-05-22,14,Voxmeter,1002.0,a,26.1,26.1
Denmark,2019,denmark_2019_32,2019-05-22,14,Voxmeter,1002.0,o,10.6,10.6
Denmark,2019,denmark_2019_32,2019-05-22,14,Voxmeter,1002.0,v,18.6,18.6
Denmark,2019,denmark_2019_32,2019-05-22,14,Voxmeter,1002.0,oe,9.5,9.5
Denmark,2019,denmark_2019_32,2019-05-22,14,Voxmeter,1002.0,i,4.4,4.4
Denmark,2019,denmark_2019_32,2019-05-22,14,Voxmeter,1002.0,aa,4.0,4.0
Denmark,2019,denmark_2019_32,2019-05-22,14,Voxmeter,1002.0,b,7.8,7.8
Denmark,2019,denmark_2019_32,2019-05-22,14,Voxmeter,1002.0,f,7.1,7.1
Denmark,2019,denmark_2019_32,2019-05-22,14,Voxmeter,1002.0,c,3.5,3.5
Denmark,2019,denmark_2019_32,2019-05-22,14,Voxmeter,1002.0,k,2.3,2.3
Denmark,2019,denmark_2019_32,2019-05-22,14,Voxmeter,1002.0,d,1.5,1.5
Denmark,2019,denmark_2019_32,2019-05-22,14,Voxmeter,1002.0,e,0.9,0.9
Denmark,2019,denmark_2019_32,2019-05-22,14,Voxmeter,1002.0,p,2.9,2.9
Denmark,2019,denmark_2019_33,2019-05-21,15,Gallup,1503.0,a,27.4,27.4
Denmark,2019,denmark_2019_33,2019-05-21,15,Gallup,1503.0,o,11.9,11.9
Denmark,2019,denmark_2019_33,2019-05-21,15,Gallup,1503.0,v,19.8,19.8
Denmark,2019,denmark_2019_33,2019-05-21,15,Gallup,1503.0,oe,6.6,6.6
Denmark,2019,denmark_2019_33,2019-05-21,15,Gallup,1503.0,i,3.8,3.8
Denmark,2019,denmark_2019_33,2019-05-21,15,Gallup,1503.0,aa,3.0,3.0
Denmark,2019,denmark_2019_33,2019-05-21,15,Gallup,1503.0,b,7.5,7.5
Denmark,2019,denmark_2019_33,2019-05-21,15,Gallup,1503.0,f,8.1,8.1
Denmark,2019,denmark_2019_33,2019-05-21,15,Gallup,1503.0,c,4.4,4.4
Denmark,2019,denmark_2019_33,2019-05-21,15,Gallup,1503.0,k,1.9,1.9
Denmark,2019,denmark_2019_33,2019-05-21,15,Gallup,1503.0,d,2.9,2.9
Denmark,2019,denmark_2019_33,2019-05-21,15,Gallup,1503.0,e,1.1,1.1
Denmark,2019,denmark_2019_33,2019-05-21,15,Gallup,1503.0,p,1.3,1.3
Denmark,2019,denmark_2019_34,2019-05-21,15,Voxmeter,1004.0,a,26.5,26.5
Denmark,2019,denmark_2019_34,2019-05-21,15,Voxmeter,1004.0,o,10.8,10.8
Denmark,2019,denmark_2019_34,2019-05-21,15,Voxmeter,1004.0,v,18.9,18.9
Denmark,2019,denmark_2019_34,2019-05-21,15,Voxmeter,1004.0,oe,9.1,9.1
Denmark,2019,denmark_2019_34,2019-05-21,15,Voxmeter,1004.0,i,3.9,3.9
Denmark,2019,denmark_2019_34,2019-05-21,15,Voxmeter,1004.0,aa,3.6,3.6
Denmark,2019,denmark_2019_34,2019-05-21,15,Voxmeter,1004.0,b,7.8,7.8
Denmark,2019,denmark_2019_34,2019-05-21,15,Voxmeter,1004.0,f,7.6,7.6
Denmark,2019,denmark_2019_34,2019-05-21,15,Voxmeter,1004.0,c,3.7,3.7
Denmark,2019,denmark_2019_34,2019-05-21,15,Voxmeter,1004.0,k,2.1,2.1
Denmark,2019,denmark_2019_34,2019-05-21,15,Voxmeter,1004.0,d,2.0,2.0
Denmark,2019,denmark_2019_34,2019-05-21,15,Voxmeter,1004.0,e,0.7,0.7
Denmark,2019,denmark_2019_34,2019-05-21,15,Voxmeter,1004.0,p,2.8,2.8
Denmark,2019,denmark_2019_35,2019-05-20,16,Epinion,1629.0,a,29.8,29.8
Denmark,2019,denmark_2019_35,2019-05-20,16,Epinion,1629.0,o,10.6,10.6
Denmark,2019,denmark_2019_35,2019-05-20,16,Epinion,1629.0,v,17.1,17.1
Denmark,2019,denmark_2019_35,2019-05-20,16,Epinion,1629.0,oe,8.9,8.9
Denmark,2019,denmark_2019_35,2019-05-20,16,Epinion,1629.0,i,4.6,4.6
Denmark,2019,denmark_2019_35,2019-05-20,16,Epinion,1629.0,aa,3.3,3.3
Denmark,2019,denmark_2019_35,2019-05-20,16,Epinion,1629.0,b,7.7,7.7
Denmark,2019,denmark_2019_35,2019-05-20,16,Epinion,1629.0,f,6.8,6.8
Denmark,2019,denmark_2019_35,2019-05-20,16,Epinion,1629.0,c,4.7,4.7
Denmark,2019,denmark_2019_35,2019-05-20,16,Epinion,1629.0,k,1.2,1.2
Denmark,2019,denmark_2019_35,2019-05-20,16,Epinion,1629.0,d,2.3,2.3
Denmark,2019,denmark_2019_35,2019-05-20,16,Epinion,1629.0,e,0.4,0.4
Denmark,2019,denmark_2019_35,2019-05-20,16,Epinion,1629.0,p,2.6,2.6
Denmark,2019,denmark_2019_36,2019-05-20,16,Voxmeter,1008.0,a,27.5,27.5
Denmark,2019,denmark_2019_36,2019-05-20,16,Voxmeter,1008.0,o,11.3,11.3
Denmark,2019,denmark_2019_36,2019-05-20,16,Voxmeter,1008.0,v,18.5,18.5
Denmark,2019,denmark_2019_36,2019-05-20,16,Voxmeter,1008.0,oe,8.8,8.8
Denmark,2019,denmark_2019_36,2019-05-20,16,Voxmeter,1008.0,i,3.5,3.5
Denmark,2019,denmark_2019_36,2019-05-20,16,Voxmeter,1008.0,aa,3.6,3.6
Denmark,2019,denmark_2019_36,2019-05-20,16,Voxmeter,1008.0,b,7.6,7.6
Denmark,2019,denmark_2019_36,2019-05-20,16,Voxmeter,1008.0,f,7.3,7.3
Denmark,2019,denmark_2019_36,2019-05-20,16,Voxmeter,1008.0,c,4.2,4.2
Denmark,2019,denmark_2019_36,2019-05-20,16,Voxmeter,1008.0,k,2.2,2.2
Denmark,2019,denmark_2019_36,2019-05-20,16,Voxmeter,1008.0,d,1.8,1.8
Denmark,2019,denmark_2019_36,2019-05-20,16,Voxmeter,1008.0,e,0.5,0.5
Denmark,2019,denmark_2019_36,2019-05-20,16,Voxmeter,1008.0,p,2.6,2.6
Denmark,2019,denmark_2019_37,2019-05-20,16,YouGov,1087.0,a,28.2,28.2
Denmark,2019,denmark_2019_37,2019-05-20,16,YouGov,1087.0,o,11.1,11.1
Denmark,2019,denmark_2019_37,2019-05-20,16,YouGov,1087.0,v,15.8,15.8
Denmark,2019,denmark_2019_37,2019-05-20,16,YouGov,1087.0,oe,9.0,9.0
Denmark,2019,denmark_2019_37,2019-05-20,16,YouGov,1087.0,i,4.0,4.0
Denmark,2019,denmark_2019_37,2019-05-20,16,YouGov,1087.0,aa,3.3,3.3
Denmark,2019,denmark_2019_37,2019-05-20,16,YouGov,1087.0,b,7.0,7.0
Denmark,2019,denmark_2019_37,2019-05-20,16,YouGov,1087.0,f,8.0,8.0
Denmark,2019,denmark_2019_37,2019-05-20,16,YouGov,1087.0,c,4.8,4.8
Denmark,2019,denmark_2019_37,2019-05-20,16,YouGov,1087.0,k,1.1,1.1
Denmark,2019,denmark_2019_37,2019-05-20,16,YouGov,1087.0,d,4.1,4.1
Denmark,2019,denmark_2019_37,2019-05-20,16,YouGov,1087.0,e,0.8,0.8
Denmark,2019,denmark_2019_37,2019-05-20,16,YouGov,1087.0,p,2.8,2.8
Denmark,2019,denmark_2019_38,2019-05-20,16,Norstat,1207.0,a,28.8,28.8
Denmark,2019,denmark_2019_38,2019-05-20,16,Norstat,1207.0,o,11.2,11.2
Denmark,2019,denmark_2019_38,2019-05-20,16,Norstat,1207.0,v,18.3,18.3
Denmark,2019,denmark_2019_38,2019-05-20,16,Norstat,1207.0,oe,8.2,8.2
Denmark,2019,denmark_2019_38,2019-05-20,16,Norstat,1207.0,i,2.9,2.9
Denmark,2019,denmark_2019_38,2019-05-20,16,Norstat,1207.0,aa,3.4,3.4
Denmark,2019,denmark_2019_38,2019-05-20,16,Norstat,1207.0,b,7.3,7.3
Denmark,2019,denmark_2019_38,2019-05-20,16,Norstat,1207.0,f,6.9,6.9
Denmark,2019,denmark_2019_38,2019-05-20,16,Norstat,1207.0,c,3.6,3.6
Denmark,2019,denmark_2019_38,2019-05-20,16,Norstat,1207.0,k,1.5,1.5
Denmark,2019,denmark_2019_38,2019-05-20,16,Norstat,1207.0,d,3.2,3.2
Denmark,2019,denmark_2019_38,2019-05-20,16,Norstat,1207.0,e,1.8,1.8
Denmark,2019,denmark_2019_38,2019-05-20,16,Norstat,1207.0,p,2.5,2.5
Denmark,2019,denmark_2019_39,2019-05-19,17,Voxmeter,1009.0,a,27.9,27.9
Denmark,2019,denmark_2019_39,2019-05-19,17,Voxmeter,1009.0,o,11.0,11.0
Denmark,2019,denmark_2019_39,2019-05-19,17,Voxmeter,1009.0,v,18.8,18.8
Denmark,2019,denmark_2019_39,2019-05-19,17,Voxmeter,1009.0,oe,8.4,8.4
Denmark,2019,denmark_2019_39,2019-05-19,17,Voxmeter,1009.0,i,3.2,3.2
Denmark,2019,denmark_2019_39,2019-05-19,17,Voxmeter,1009.0,aa,4.0,4.0
Denmark,2019,denmark_2019_39,2019-05-19,17,Voxmeter,1009.0,b,8.1,8.1
Denmark,2019,denmark_2019_39,2019-05-19,17,Voxmeter,1009.0,f,7.6,7.6
Denmark,2019,denmark_2019_39,2019-05-19,17,Voxmeter,1009.0,c,4.1,4.1
Denmark,2019,denmark_2019_39,2019-05-19,17,Voxmeter,1009.0,k,1.9,1.9
Denmark,2019,denmark_2019_39,2019-05-19,17,Voxmeter,1009.0,d,1.9,1.9
Denmark,2019,denmark_2019_39,2019-05-19,17,Voxmeter,1009.0,e,0.3,0.3
Denmark,2019,denmark_2019_39,2019-05-19,17,Voxmeter,1009.0,p,2.4,2.4
Denmark,2019,denmark_2019_40,2019-05-18,18,Voxmeter,1008.0,a,27.7,27.7
Denmark,2019,denmark_2019_40,2019-05-18,18,Voxmeter,1008.0,o,10.8,10.8
Denmark,2019,denmark_2019_40,2019-05-18,18,Voxmeter,1008.0,v,18.6,18.6
Denmark,2019,denmark_2019_40,2019-05-18,18,Voxmeter,1008.0,oe,9.0,9.0
Denmark,2019,denmark_2019_40,2019-05-18,18,Voxmeter,1008.0,i,3.3,3.3
Denmark,2019,denmark_2019_40,2019-05-18,18,Voxmeter,1008.0,aa,3.7,3.7
Denmark,2019,denmark_2019_40,2019-05-18,18,Voxmeter,1008.0,b,8.7,8.7
Denmark,2019,denmark_2019_40,2019-05-18,18,Voxmeter,1008.0,f,7.3,7.3
Denmark,2019,denmark_2019_40,2019-05-18,18,Voxmeter,1008.0,c,4.2,4.2
Denmark,2019,denmark_2019_40,2019-05-18,18,Voxmeter,1008.0,k,1.6,1.6
Denmark,2019,denmark_2019_40,2019-05-18,18,Voxmeter,1008.0,d,2.2,2.2
Denmark,2019,denmark_2019_40,2019-05-18,18,Voxmeter,1008.0,e,0.1,0.1
Denmark,2019,denmark_2019_40,2019-05-18,18,Voxmeter,1008.0,p,2.3,2.3
Denmark,2019,denmark_2019_41,2019-05-17,19,Voxmeter,1006.0,a,27.8,27.8
Denmark,2019,denmark_2019_41,2019-05-17,19,Voxmeter,1006.0,o,10.1,10.1
Denmark,2019,denmark_2019_41,2019-05-17,19,Voxmeter,1006.0,v,18.6,18.6
Denmark,2019,denmark_2019_41,2019-05-17,19,Voxmeter,1006.0,oe,9.6,9.6
Denmark,2019,denmark_2019_41,2019-05-17,19,Voxmeter,1006.0,i,3.9,3.9
Denmark,2019,denmark_2019_41,2019-05-17,19,Voxmeter,1006.0,aa,3.3,3.3
Denmark,2019,denmark_2019_41,2019-05-17,19,Voxmeter,1006.0,b,8.5,8.5
Denmark,2019,denmark_2019_41,2019-05-17,19,Voxmeter,1006.0,f,7.7,7.7
Denmark,2019,denmark_2019_41,2019-05-17,19,Voxmeter,1006.0,c,4.0,4.0
Denmark,2019,denmark_2019_41,2019-05-17,19,Voxmeter,1006.0,k,1.7,1.7
Denmark,2019,denmark_2019_41,2019-05-17,19,Voxmeter,1006.0,d,2.3,2.3
Denmark,2019,denmark_2019_41,2019-05-17,19,Voxmeter,1006.0,e,0.1,0.1
Denmark,2019,denmark_2019_41,2019-05-17,19,Voxmeter,1006.0,p,2.6,2.6
Denmark,2019,denmark_2019_42,2019-05-17,19,YouGov,973.0,a,24.8,24.8
Denmark,2019,denmark_2019_42,2019-05-17,19,YouGov,973.0,o,12.5,12.5
Denmark,2019,denmark_2019_42,2019-05-17,19,YouGov,973.0,v,15.7,15.7
Denmark,2019,denmark_2019_42,2019-05-17,19,YouGov,973.0,oe,9.2,9.2
Denmark,2019,denmark_2019_42,2019-05-17,19,YouGov,973.0,i,3.1,3.1
Denmark,2019,denmark_2019_42,2019-05-17,19,YouGov,973.0,aa,2.8,2.8
Denmark,2019,denmark_2019_42,2019-05-17,19,YouGov,973.0,b,7.0,7.0
Denmark,2019,denmark_2019_42,2019-05-17,19,YouGov,973.0,f,8.6,8.6
Denmark,2019,denmark_2019_42,2019-05-17,19,YouGov,973.0,c,6.8,6.8
Denmark,2019,denmark_2019_42,2019-05-17,19,YouGov,973.0,k,0.9,0.9
Denmark,2019,denmark_2019_42,2019-05-17,19,YouGov,973.0,d,3.8,3.8
Denmark,2019,denmark_2019_42,2019-05-17,19,YouGov,973.0,e,1.0,1.0
Denmark,2019,denmark_2019_42,2019-05-17,19,YouGov,973.0,p,3.9,3.9
Denmark,2019,denmark_2019_43,2019-05-16,20,Voxmeter,1012.0,a,28.5,28.5
Denmark,2019,denmark_2019_43,2019-05-16,20,Voxmeter,1012.0,o,11.0,11.0
Denmark,2019,denmark_2019_43,2019-05-16,20,Voxmeter,1012.0,v,17.5,17.5
Denmark,2019,denmark_2019_43,2019-05-16,20,Voxmeter,1012.0,oe,10.2,10.2
Denmark,2019,denmark_2019_43,2019-05-16,20,Voxmeter,1012.0,i,3.7,3.7
Denmark,2019,denmark_2019_43,2019-05-16,20,Voxmeter,1012.0,aa,2.8,2.8
Denmark,2019,denmark_2019_43,2019-05-16,20,Voxmeter,1012.0,b,8.0,8.0
Denmark,2019,denmark_2019_43,2019-05-16,20,Voxmeter,1012.0,f,7.4,7.4
Denmark,2019,denmark_2019_43,2019-05-16,20,Voxmeter,1012.0,c,4.5,4.5
Denmark,2019,denmark_2019_43,2019-05-16,20,Voxmeter,1012.0,k,1.5,1.5
Denmark,2019,denmark_2019_43,2019-05-16,20,Voxmeter,1012.0,d,2.1,2.1
Denmark,2019,denmark_2019_43,2019-05-16,20,Voxmeter,1012.0,e,0.1,0.1
Denmark,2019,denmark_2019_43,2019-05-16,20,Voxmeter,1012.0,p,2.5,2.5
Denmark,2019,denmark_2019_44,2019-05-15,21,Gallup,1532.0,a,26.1,26.1
Denmark,2019,denmark_2019_44,2019-05-15,21,Gallup,1532.0,o,13.4,13.4
Denmark,2019,denmark_2019_44,2019-05-15,21,Gallup,1532.0,v,17.8,17.8
Denmark,2019,denmark_2019_44,2019-05-15,21,Gallup,1532.0,oe,8.1,8.1
Denmark,2019,denmark_2019_44,2019-05-15,21,Gallup,1532.0,i,3.9,3.9
Denmark,2019,denmark_2019_44,2019-05-15,21,Gallup,1532.0,aa,3.3,3.3
Denmark,2019,denmark_2019_44,2019-05-15,21,Gallup,1532.0,b,7.3,7.3
Denmark,2019,denmark_2019_44,2019-05-15,21,Gallup,1532.0,f,8.3,8.3
Denmark,2019,denmark_2019_44,2019-05-15,21,Gallup,1532.0,c,5.9,5.9
Denmark,2019,denmark_2019_44,2019-05-15,21,Gallup,1532.0,k,1.4,1.4
Denmark,2019,denmark_2019_44,2019-05-15,21,Gallup,1532.0,d,2.1,2.1
Denmark,2019,denmark_2019_44,2019-05-15,21,Gallup,1532.0,e,0.6,0.6
Denmark,2019,denmark_2019_44,2019-05-15,21,Gallup,1532.0,p,1.6,1.6
Denmark,2019,denmark_2019_45,2019-05-15,21,Voxmeter,1010.0,a,28.2,28.2
Denmark,2019,denmark_2019_45,2019-05-15,21,Voxmeter,1010.0,o,11.5,11.5
Denmark,2019,denmark_2019_45,2019-05-15,21,Voxmeter,1010.0,v,17.2,17.2
Denmark,2019,denmark_2019_45,2019-05-15,21,Voxmeter,1010.0,oe,10.5,10.5
Denmark,2019,denmark_2019_45,2019-05-15,21,Voxmeter,1010.0,i,4.1,4.1
Denmark,2019,denmark_2019_45,2019-05-15,21,Voxmeter,1010.0,aa,2.5,2.5
Denmark,2019,denmark_2019_45,2019-05-15,21,Voxmeter,1010.0,b,7.6,7.6
Denmark,2019,denmark_2019_45,2019-05-15,21,Voxmeter,1010.0,f,7.7,7.7
Denmark,2019,denmark_2019_45,2019-05-15,21,Voxmeter,1010.0,c,4.9,4.9
Denmark,2019,denmark_2019_45,2019-05-15,21,Voxmeter,1010.0,k,1.3,1.3
Denmark,2019,denmark_2019_45,2019-05-15,21,Voxmeter,1010.0,d,1.9,1.9
Denmark,2019,denmark_2019_45,2019-05-15,21,Voxmeter,1010.0,e,0.1,0.1
Denmark,2019,denmark_2019_45,2019-05-15,21,Voxmeter,1010.0,p,2.3,2.3
Denmark,2019,denmark_2019_46,2019-05-15,21,YouGov,939.0,a,26.7,26.7
Denmark,2019,denmark_2019_46,2019-05-15,21,YouGov,939.0,o,12.6,12.6
Denmark,2019,denmark_2019_46,2019-05-15,21,YouGov,939.0,v,15.6,15.6
Denmark,2019,denmark_2019_46,2019-05-15,21,YouGov,939.0,oe,8.8,8.8
Denmark,2019,denmark_2019_46,2019-05-15,21,YouGov,939.0,i,2.5,2.5
Denmark,2019,denmark_2019_46,2019-05-15,21,YouGov,939.0,aa,3.4,3.4
Denmark,2019,denmark_2019_46,2019-05-15,21,YouGov,939.0,b,7.3,7.3
Denmark,2019,denmark_2019_46,2019-05-15,21,YouGov,939.0,f,7.4,7.4
Denmark,2019,denmark_2019_46,2019-05-15,21,YouGov,939.0,c,7.3,7.3
Denmark,2019,denmark_2019_46,2019-05-15,21,YouGov,939.0,k,0.8,0.8
Denmark,2019,denmark_2019_46,2019-05-15,21,YouGov,939.0,d,2.9,2.9
Denmark,2019,denmark_2019_46,2019-05-15,21,YouGov,939.0,e,0.9,0.9
Denmark,2019,denmark_2019_46,2019-05-15,21,YouGov,939.0,p,4.0,4.0
Denmark,2019,denmark_2019_47,2019-05-14,22,Voxmeter,1067.0,a,28.7,28.7
Denmark,2019,denmark_2019_47,2019-05-14,22,Voxmeter,1067.0,o,11.9,11.9
Denmark,2019,denmark_2019_47,2019-05-14,22,Voxmeter,1067.0,v,17.8,17.8
Denmark,2019,denmark_2019_47,2019-05-14,22,Voxmeter,1067.0,oe,10.2,10.2
Denmark,2019,denmark_2019_47,2019-05-14,22,Voxmeter,1067.0,i,3.7,3.7
Denmark,2019,denmark_2019_47,2019-05-14,22,Voxmeter,1067.0,aa,2.9,2.9
Denmark,2019,denmark_2019_47,2019-05-14,22,Voxmeter,1067.0,b,7.1,7.1
Denmark,2019,denmark_2019_47,2019-05-14,22,Voxmeter,1067.0,f,7.3,7.3
Denmark,2019,denmark_2019_47,2019-05-14,22,Voxmeter,1067.0,c,5.4,5.4
Denmark,2019,denmark_2019_47,2019-05-14,22,Voxmeter,1067.0,k,1.3,1.3
Denmark,2019,denmark_2019_47,2019-05-14,22,Voxmeter,1067.0,d,1.5,1.5
Denmark,2019,denmark_2019_47,2019-05-14,22,Voxmeter,1067.0,e,0.1,0.1
Denmark,2019,denmark_2019_47,2019-05-14,22,Voxmeter,1067.0,p,2.0,2.0
Denmark,2019,denmark_2019_48,2019-05-13,23,Epinion,1548.0,a,27.1,27.1
Denmark,2019,denmark_2019_48,2019-05-13,23,Epinion,1548.0,o,11.6,11.6
Denmark,2019,denmark_2019_48,2019-05-13,23,Epinion,1548.0,v,18.4,18.4
Denmark,2019,denmark_2019_48,2019-05-13,23,Epinion,1548.0,oe,9.5,9.5
Denmark,2019,denmark_2019_48,2019-05-13,23,Epinion,1548.0,i,3.7,3.7
Denmark,2019,denmark_2019_48,2019-05-13,23,Epinion,1548.0,aa,3.3,3.3
Denmark,2019,denmark_2019_48,2019-05-13,23,Epinion,1548.0,b,7.4,7.4
Denmark,2019,denmark_2019_48,2019-05-13,23,Epinion,1548.0,f,8.0,8.0
Denmark,2019,denmark_2019_48,2019-05-13,23,Epinion,1548.0,c,4.5,4.5
Denmark,2019,denmark_2019_48,2019-05-13,23,Epinion,1548.0,k,0.5,0.5
Denmark,2019,denmark_2019_48,2019-05-13,23,Epinion,1548.0,d,2.6,2.6
Denmark,2019,denmark_2019_48,2019-05-13,23,Epinion,1548.0,e,0.7,0.7
Denmark,2019,denmark_2019_48,2019-05-13,23,Epinion,1548.0,p,2.6,2.6
Denmark,2019,denmark_2019_49,2019-05-13,23,Voxmeter,1004.0,a,28.5,28.5
Denmark,2019,denmark_2019_49,2019-05-13,23,Voxmeter,1004.0,o,11.6,11.6
Denmark,2019,denmark_2019_49,2019-05-13,23,Voxmeter,1004.0,v,18.6,18.6
Denmark,2019,denmark_2019_49,2019-05-13,23,Voxmeter,1004.0,oe,9.9,9.9
Denmark,2019,denmark_2019_49,2019-05-13,23,Voxmeter,1004.0,i,3.3,3.3
Denmark,2019,denmark_2019_49,2019-05-13,23,Voxmeter,1004.0,aa,3.3,3.3
Denmark,2019,denmark_2019_49,2019-05-13,23,Voxmeter,1004.0,b,6.8,6.8
Denmark,2019,denmark_2019_49,2019-05-13,23,Voxmeter,1004.0,f,7.0,7.0
Denmark,2019,denmark_2019_49,2019-05-13,23,Voxmeter,1004.0,c,5.2,5.2
Denmark,2019,denmark_2019_49,2019-05-13,23,Voxmeter,1004.0,k,1.3,1.3
Denmark,2019,denmark_2019_49,2019-05-13,23,Voxmeter,1004.0,d,1.7,1.7
Denmark,2019,denmark_2019_49,2019-05-13,23,Voxmeter,1004.0,e,0.2,0.2
Denmark,2019,denmark_2019_49,2019-05-13,23,Voxmeter,1004.0,p,2.4,2.4
Denmark,2019,denmark_2019_50,2019-05-12,24,YouGov,964.0,a,29.1,29.1
Denmark,2019,denmark_2019_50,2019-05-12,24,YouGov,964.0,o,11.2,11.2
Denmark,2019,denmark_2019_50,2019-05-12,24,YouGov,964.0,v,17.2,17.2
Denmark,2019,denmark_2019_50,2019-05-12,24,YouGov,964.0,oe,7.3,7.3
Denmark,2019,denmark_2019_50,2019-05-12,24,YouGov,964.0,i,2.4,2.4
Denmark,2019,denmark_2019_50,2019-05-12,24,YouGov,964.0,aa,4.0,4.0
Denmark,2019,denmark_2019_50,2019-05-12,24,YouGov,964.0,b,6.8,6.8
Denmark,2019,denmark_2019_50,2019-05-12,24,YouGov,964.0,f,6.8,6.8
Denmark,2019,denmark_2019_50,2019-05-12,24,YouGov,964.0,c,5.8,5.8
Denmark,2019,denmark_2019_50,2019-05-12,24,YouGov,964.0,k,0.6,0.6
Denmark,2019,denmark_2019_50,2019-05-12,24,YouGov,964.0,d,4.3,4.3
Denmark,2019,denmark_2019_50,2019-05-12,24,YouGov,964.0,e,0.5,0.5
Denmark,2019,denmark_2019_50,2019-05-12,24,YouGov,964.0,p,4.0,4.0
Denmark,2019,denmark_2019_51,2019-05-12,24,Voxmeter,1003.0,a,28.2,28.2
Denmark,2019,denmark_2019_51,2019-05-12,24,Voxmeter,1003.0,o,12.0,12.0
Denmark,2019,denmark_2019_51,2019-05-12,24,Voxmeter,1003.0,v,19.1,19.1
Denmark,2019,denmark_2019_51,2019-05-12,24,Voxmeter,1003.0,oe,9.6,9.6
Denmark,2019,denmark_2019_51,2019-05-12,24,Voxmeter,1003.0,i,3.4,3.4
Denmark,2019,denmark_2019_51,2019-05-12,24,Voxmeter,1003.0,aa,3.4,3.4
Denmark,2019,denmark_2019_51,2019-05-12,24,Voxmeter,1003.0,b,6.9,6.9
Denmark,2019,denmark_2019_51,2019-05-12,24,Voxmeter,1003.0,f,6.7,6.7
Denmark,2019,denmark_2019_51,2019-05-12,24,Voxmeter,1003.0,c,4.7,4.7
Denmark,2019,denmark_2019_51,2019-05-12,24,Voxmeter,1003.0,k,1.6,1.6
Denmark,2019,denmark_2019_51,2019-05-12,24,Voxmeter,1003.0,d,1.5,1.5
Denmark,2019,denmark_2019_51,2019-05-12,24,Voxmeter,1003.0,e,0.2,0.2
Denmark,2019,denmark_2019_51,2019-05-12,24,Voxmeter,1003.0,p,2.3,2.3
Denmark,2019,denmark_2019_52,2019-05-11,25,YouGov,1041.0,a,27.7,27.7
Denmark,2019,denmark_2019_52,2019-05-11,25,YouGov,1041.0,o,11.8,11.8
Denmark,2019,denmark_2019_52,2019-05-11,25,YouGov,1041.0,v,17.5,17.5
Denmark,2019,denmark_2019_52,2019-05-11,25,YouGov,1041.0,oe,7.6,7.6
Denmark,2019,denmark_2019_52,2019-05-11,25,YouGov,1041.0,i,2.9,2.9
Denmark,2019,denmark_2019_52,2019-05-11,25,YouGov,1041.0,aa,4.3,4.3
Denmark,2019,denmark_2019_52,2019-05-11,25,YouGov,1041.0,b,5.8,5.8
Denmark,2019,denmark_2019_52,2019-05-11,25,YouGov,1041.0,f,7.5,7.5
Denmark,2019,denmark_2019_52,2019-05-11,25,YouGov,1041.0,c,5.6,5.6
Denmark,2019,denmark_2019_52,2019-05-11,25,YouGov,1041.0,k,0.7,0.7
Denmark,2019,denmark_2019_52,2019-05-11,25,YouGov,1041.0,d,4.2,4.2
Denmark,2019,denmark_2019_52,2019-05-11,25,YouGov,1041.0,e,0.4,0.4
Denmark,2019,denmark_2019_52,2019-05-11,25,YouGov,1041.0,p,4.0,4.0
Denmark,2019,denmark_2019_53,2019-05-11,25,Voxmeter,1012.0,a,27.7,27.7
Denmark,2019,denmark_2019_53,2019-05-11,25,Voxmeter,1012.0,o,11.8,11.8
Denmark,2019,denmark_2019_53,2019-05-11,25,Voxmeter,1012.0,v,19.7,19.7
Denmark,2019,denmark_2019_53,2019-05-11,25,Voxmeter,1012.0,oe,9.3,9.3
Denmark,2019,denmark_2019_53,2019-05-11,25,Voxmeter,1012.0,i,3.9,3.9
Denmark,2019,denmark_2019_53,2019-05-11,25,Voxmeter,1012.0,aa,3.1,3.1
Denmark,2019,denmark_2019_53,2019-05-11,25,Voxmeter,1012.0,b,7.4,7.4
Denmark,2019,denmark_2019_53,2019-05-11,25,Voxmeter,1012.0,f,6.8,6.8
Denmark,2019,denmark_2019_53,2019-05-11,25,Voxmeter,1012.0,c,4.3,4.3
Denmark,2019,denmark_2019_53,2019-05-11,25,Voxmeter,1012.0,k,1.5,1.5
Denmark,2019,denmark_2019_53,2019-05-11,25,Voxmeter,1012.0,d,1.6,1.6
Denmark,2019,denmark_2019_53,2019-05-11,25,Voxmeter,1012.0,e,0.3,0.3
Denmark,2019,denmark_2019_53,2019-05-11,25,Voxmeter,1012.0,p,2.0,2.0
Denmark,2019,denmark_2019_54,2019-05-10,26,Norstat,1207.0,a,27.3,27.3
Denmark,2019,denmark_2019_54,2019-05-10,26,Norstat,1207.0,o,11.4,11.4
Denmark,2019,denmark_2019_54,2019-05-10,26,Norstat,1207.0,v,16.5,16.5
Denmark,2019,denmark_2019_54,2019-05-10,26,Norstat,1207.0,oe,10.5,10.5
Denmark,2019,denmark_2019_54,2019-05-10,26,Norstat,1207.0,i,3.3,3.3
Denmark,2019,denmark_2019_54,2019-05-10,26,Norstat,1207.0,aa,3.4,3.4
Denmark,2019,denmark_2019_54,2019-05-10,26,Norstat,1207.0,b,6.3,6.3
Denmark,2019,denmark_2019_54,2019-05-10,26,Norstat,1207.0,f,7.5,7.5
Denmark,2019,denmark_2019_54,2019-05-10,26,Norstat,1207.0,c,5.9,5.9
Denmark,2019,denmark_2019_54,2019-05-10,26,Norstat,1207.0,k,1.3,1.3
Denmark,2019,denmark_2019_54,2019-05-10,26,Norstat,1207.0,d,2.4,2.4
Denmark,2019,denmark_2019_54,2019-05-10,26,Norstat,1207.0,e,1.1,1.1
Denmark,2019,denmark_2019_54,2019-05-10,26,Norstat,1207.0,p,2.6,2.6
Denmark,2019,denmark_2019_55,2019-05-10,26,Voxmeter,1011.0,a,27.9,27.9
Denmark,2019,denmark_2019_55,2019-05-10,26,Voxmeter,1011.0,o,11.3,11.3
Denmark,2019,denmark_2019_55,2019-05-10,26,Voxmeter,1011.0,v,19.8,19.8
Denmark,2019,denmark_2019_55,2019-05-10,26,Voxmeter,1011.0,oe,9.6,9.6
Denmark,2019,denmark_2019_55,2019-05-10,26,Voxmeter,1011.0,i,4.1,4.1
Denmark,2019,denmark_2019_55,2019-05-10,26,Voxmeter,1011.0,aa,2.8,2.8
Denmark,2019,denmark_2019_55,2019-05-10,26,Voxmeter,1011.0,b,7.8,7.8
Denmark,2019,denmark_2019_55,2019-05-10,26,Voxmeter,1011.0,f,7.0,7.0
Denmark,2019,denmark_2019_55,2019-05-10,26,Voxmeter,1011.0,c,3.9,3.9
Denmark,2019,denmark_2019_55,2019-05-10,26,Voxmeter,1011.0,k,1.8,1.8
Denmark,2019,denmark_2019_55,2019-05-10,26,Voxmeter,1011.0,d,1.8,1.8
Denmark,2019,denmark_2019_55,2019-05-10,26,Voxmeter,1011.0,e,0.2,0.2
Denmark,2019,denmark_2019_55,2019-05-10,26,Voxmeter,1011.0,p,1.6,1.6
Denmark,2019,denmark_2019_56,2019-05-10,26,Megafon,1010.0,a,24.7,24.7
Denmark,2019,denmark_2019_56,2019-05-10,26,Megafon,1010.0,o,10.8,10.8
Denmark,2019,denmark_2019_56,2019-05-10,26,Megafon,1010.0,v,19.2,19.2
Denmark,2019,denmark_2019_56,2019-05-10,26,Megafon,1010.0,oe,9.4,9.4
Denmark,2019,denmark_2019_56,2019-05-10,26,Megafon,1010.0,i,3.8,3.8
Denmark,2019,denmark_2019_56,2019-05-10,26,Megafon,1010.0,aa,2.9,2.9
Denmark,2019,denmark_2019_56,2019-05-10,26,Megafon,1010.0,b,8.4,8.4
Denmark,2019,denmark_2019_56,2019-05-10,26,Megafon,1010.0,f,8.0,8.0
Denmark,2019,denmark_2019_56,2019-05-10,26,Megafon,1010.0,c,5.0,5.0
Denmark,2019,denmark_2019_56,2019-05-10,26,Megafon,1010.0,k,1.4,1.4
Denmark,2019,denmark_2019_56,2019-05-10,26,Megafon,1010.0,d,2.8,2.8
Denmark,2019,denmark_2019_56,2019-05-10,26,Megafon,1010.0,e,0.7,0.7
Denmark,2019,denmark_2019_56,2019-05-10,26,Megafon,1010.0,p,2.8,2.8
Denmark,2019,denmark_2019_57,2019-05-08,28,Norstat,1207.0,a,28.2,28.2
Denmark,2019,denmark_2019_57,2019-05-08,28,Norstat,1207.0,o,12.7,12.7
Denmark,2019,denmark_2019_57,2019-05-08,28,Norstat,1207.0,v,17.3,17.3
Denmark,2019,denmark_2019_57,2019-05-08,28,Norstat,1207.0,oe,9.2,9.2
Denmark,2019,denmark_2019_57,2019-05-08,28,Norstat,1207.0,i,3.7,3.7
Denmark,2019,denmark_2019_57,2019-05-08,28,Norstat,1207.0,aa,3.8,3.8
Denmark,2019,denmark_2019_57,2019-05-08,28,Norstat,1207.0,b,6.3,6.3
Denmark,2019,denmark_2019_57,2019-05-08,28,Norstat,1207.0,f,6.8,6.8
Denmark,2019,denmark_2019_57,2019-05-08,28,Norstat,1207.0,c,4.3,4.3
Denmark,2019,denmark_2019_57,2019-05-08,28,Norstat,1207.0,k,1.4,1.4
Denmark,2019,denmark_2019_57,2019-05-08,28,Norstat,1207.0,d,2.1,2.1
Denmark,2019,denmark_2019_57,2019-05-08,28,Norstat,1207.0,e,0.5,0.5
Denmark,2019,denmark_2019_57,2019-05-08,28,Norstat,1207.0,p,3.5,3.5
Denmark,2019,denmark_2019_58,2019-05-08,28,YouGov,983.0,a,26.5,26.5
Denmark,2019,denmark_2019_58,2019-05-08,28,YouGov,983.0,o,10.8,10.8
Denmark,2019,denmark_2019_58,2019-05-08,28,YouGov,983.0,v,17.4,17.4
Denmark,2019,denmark_2019_58,2019-05-08,28,YouGov,983.0,oe,7.9,7.9
Denmark,2019,denmark_2019_58,2019-05-08,28,YouGov,983.0,i,3.2,3.2
Denmark,2019,denmark_2019_58,2019-05-08,28,YouGov,983.0,aa,4.7,4.7
Denmark,2019,denmark_2019_58,2019-05-08,28,YouGov,983.0,b,6.5,6.5
Denmark,2019,denmark_2019_58,2019-05-08,28,YouGov,983.0,f,8.4,8.4
Denmark,2019,denmark_2019_58,2019-05-08,28,YouGov,983.0,c,4.6,4.6
Denmark,2019,denmark_2019_58,2019-05-08,28,YouGov,983.0,k,0.5,0.5
Denmark,2019,denmark_2019_58,2019-05-08,28,YouGov,983.0,d,5.0,5.0
Denmark,2019,denmark_2019_58,2019-05-08,28,YouGov,983.0,e,0.6,0.6
Denmark,2019,denmark_2019_58,2019-05-08,28,YouGov,983.0,p,3.9,3.9
Denmark,2019,denmark_2019_59,2019-05-08,28,Gallup,1690.0,a,24.3,24.3
Denmark,2019,denmark_2019_59,2019-05-08,28,Gallup,1690.0,o,12.5,12.5
Denmark,2019,denmark_2019_59,2019-05-08,28,Gallup,1690.0,v,17.9,17.9
Denmark,2019,denmark_2019_59,2019-05-08,28,Gallup,1690.0,oe,9.2,9.2
Denmark,2019,denmark_2019_59,2019-05-08,28,Gallup,1690.0,i,4.1,4.1
Denmark,2019,denmark_2019_59,2019-05-08,28,Gallup,1690.0,aa,3.1,3.1
Denmark,2019,denmark_2019_59,2019-05-08,28,Gallup,1690.0,b,8.4,8.4
Denmark,2019,denmark_2019_59,2019-05-08,28,Gallup,1690.0,f,7.2,7.2
Denmark,2019,denmark_2019_59,2019-05-08,28,Gallup,1690.0,c,4.8,4.8
Denmark,2019,denmark_2019_59,2019-05-08,28,Gallup,1690.0,k,1.1,1.1
Denmark,2019,denmark_2019_59,2019-05-08,28,Gallup,1690.0,d,2.7,2.7
Denmark,2019,denmark_2019_59,2019-05-08,28,Gallup,1690.0,e,1.1,1.1
Denmark,2019,denmark_2019_59,2019-05-08,28,Gallup,1690.0,p,3.3,3.3
Denmark,2019,denmark_2019_60,2019-05-07,29,Megafon,1000.0,a,25.2,25.2
Denmark,2019,denmark_2019_60,2019-05-07,29,Megafon,1000.0,o,11.6,11.6
Denmark,2019,denmark_2019_60,2019-05-07,29,Megafon,1000.0,v,19.6,19.6
Denmark,2019,denmark_2019_60,2019-05-07,29,Megafon,1000.0,oe,9.2,9.2
Denmark,2019,denmark_2019_60,2019-05-07,29,Megafon,1000.0,i,3.0,3.0
Denmark,2019,denmark_2019_60,2019-05-07,29,Megafon,1000.0,aa,3.4,3.4
Denmark,2019,denmark_2019_60,2019-05-07,29,Megafon,1000.0,b,8.7,8.7
Denmark,2019,denmark_2019_60,2019-05-07,29,Megafon,1000.0,f,7.8,7.8
Denmark,2019,denmark_2019_60,2019-05-07,29,Megafon,1000.0,c,4.6,4.6
Denmark,2019,denmark_2019_60,2019-05-07,29,Megafon,1000.0,k,1.2,1.2
Denmark,2019,denmark_2019_60,2019-05-07,29,Megafon,1000.0,d,2.7,2.7
Denmark,2019,denmark_2019_60,2019-05-07,29,Megafon,1000.0,e,0.8,0.8
Denmark,2019,denmark_2019_60,2019-05-07,29,Megafon,1000.0,p,2.1,2.1
Denmark,2019,denmark_2019_61,2019-05-07,29,Greens,,a,27.5,27.5
Denmark,2019,denmark_2019_61,2019-05-07,29,Greens,,o,12.2,12.2
Denmark,2019,denmark_2019_61,2019-05-07,29,Greens,,v,19.4,19.4
Denmark,2019,denmark_2019_61,2019-05-07,29,Greens,,oe,10.5,10.5
Denmark,2019,denmark_2019_61,2019-05-07,29,Greens,,i,4.8,4.8
Denmark,2019,denmark_2019_61,2019-05-07,29,Greens,,aa,3.2,3.2
Denmark,2019,denmark_2019_61,2019-05-07,29,Greens,,b,7.1,7.1
Denmark,2019,denmark_2019_61,2019-05-07,29,Greens,,f,6.7,6.7
Denmark,2019,denmark_2019_61,2019-05-07,29,Greens,,c,3.5,3.5
Denmark,2019,denmark_2019_61,2019-05-07,29,Greens,,k,1.0,1.0
Denmark,2019,denmark_2019_61,2019-05-07,29,Greens,,d,0.9,0.9
Denmark,2019,denmark_2019_61,2019-05-07,29,Greens,,e,0.2,0.2
Denmark,2019,denmark_2019_61,2019-05-07,29,Greens,,p,2.4,2.4
Denmark,2019,denmark_2019_62,2019-05-07,29,Epinion,1616.0,a,28.1,28.1
Denmark,2019,denmark_2019_62,2019-05-07,29,Epinion,1616.0,o,13.9,13.9
Denmark,2019,denmark_2019_62,2019-05-07,29,Epinion,1616.0,v,17.5,17.5
Denmark,2019,denmark_2019_62,2019-05-07,29,Epinion,1616.0,oe,8.9,8.9
Denmark,2019,denmark_2019_62,2019-05-07,29,Epinion,1616.0,i,3.6,3.6
Denmark,2019,denmark_2019_62,2019-05-07,29,Epinion,1616.0,aa,4.3,4.3
Denmark,2019,denmark_2019_62,2019-05-07,29,Epinion,1616.0,b,5.5,5.5
Denmark,2019,denmark_2019_62,2019-05-07,29,Epinion,1616.0,f,7.1,7.1
Denmark,2019,denmark_2019_62,2019-05-07,29,Epinion,1616.0,c,5.2,5.2
Denmark,2019,denmark_2019_62,2019-05-07,29,Epinion,1616.0,k,0.4,0.4
Denmark,2019,denmark_2019_62,2019-05-07,29,Epinion,1616.0,d,2.9,2.9
Denmark,2019,denmark_2019_62,2019-05-07,29,Epinion,1616.0,e,0.2,0.2
Denmark,2019,denmark_2019_62,2019-05-07,29,Epinion,1616.0,p,2.6,2.6
Denmark,2019,denmark_2019_63,2019-05-06,30,Voxmeter,1045.0,a,27.5,27.5
Denmark,2019,denmark_2019_63,2019-05-06,30,Voxmeter,1045.0,o,12.2,12.2
Denmark,2019,denmark_2019_63,2019-05-06,30,Voxmeter,1045.0,v,19.4,19.4
Denmark,2019,denmark_2019_63,2019-05-06,30,Voxmeter,1045.0,oe,10.5,10.5
Denmark,2019,denmark_2019_63,2019-05-06,30,Voxmeter,1045.0,i,4.8,4.8
Denmark,2019,denmark_2019_63,2019-05-06,30,Voxmeter,1045.0,aa,3.2,3.2
Denmark,2019,denmark_2019_63,2019-05-06,30,Voxmeter,1045.0,b,7.1,7.1
Denmark,2019,denmark_2019_63,2019-05-06,30,Voxmeter,1045.0,f,6.7,6.7
Denmark,2019,denmark_2019_63,2019-05-06,30,Voxmeter,1045.0,c,3.5,3.5
Denmark,2019,denmark_2019_63,2019-05-06,30,Voxmeter,1045.0,k,1.0,1.0
Denmark,2019,denmark_2019_63,2019-05-06,30,Voxmeter,1045.0,d,0.9,0.9
Denmark,2019,denmark_2019_63,2019-05-06,30,Voxmeter,1045.0,e,0.2,0.2
Denmark,2019,denmark_2019_63,2019-05-06,30,Voxmeter,1045.0,p,2.4,2.4
Denmark,2019,denmark_2019_64,2019-05-03,33,YouGov,1656.0,a,23.0,23.0
Denmark,2019,denmark_2019_64,2019-05-03,33,YouGov,1656.0,o,11.2,11.2
Denmark,2019,denmark_2019_64,2019-05-03,33,YouGov,1656.0,v,17.1,17.1
Denmark,2019,denmark_2019_64,2019-05-03,33,YouGov,1656.0,oe,9.1,9.1
Denmark,2019,denmark_2019_64,2019-05-03,33,YouGov,1656.0,i,3.3,3.3
Denmark,2019,denmark_2019_64,2019-05-03,33,YouGov,1656.0,aa,3.4,3.4
Denmark,2019,denmark_2019_64,2019-05-03,33,YouGov,1656.0,b,6.6,6.6
Denmark,2019,denmark_2019_64,2019-05-03,33,YouGov,1656.0,f,8.6,8.6
Denmark,2019,denmark_2019_64,2019-05-03,33,YouGov,1656.0,c,5.9,5.9
Denmark,2019,denmark_2019_64,2019-05-03,33,YouGov,1656.0,k,0.9,0.9
Denmark,2019,denmark_2019_64,2019-05-03,33,YouGov,1656.0,d,6.3,6.3
Denmark,2019,denmark_2019_64,2019-05-03,33,YouGov,1656.0,e,0.8,0.8
Denmark,2019,denmark_2019_64,2019-05-03,33,YouGov,1656.0,p,3.9,3.9
Denmark,2019,denmark_2019_65,2019-05-02,34,Megafon,1008.0,a,24.7,24.7
Denmark,2019,denmark_2019_65,2019-05-02,34,Megafon,1008.0,o,12.6,12.6
Denmark,2019,denmark_2019_65,2019-05-02,34,Megafon,1008.0,v,18.4,18.4
Denmark,2019,denmark_2019_65,2019-05-02,34,Megafon,1008.0,oe,9.8,9.8
Denmark,2019,denmark_2019_65,2019-05-02,34,Megafon,1008.0,i,3.3,3.3
Denmark,2019,denmark_2019_65,2019-05-02,34,Megafon,1008.0,aa,3.5,3.5
Denmark,2019,denmark_2019_65,2019-05-02,34,Megafon,1008.0,b,8.8,8.8
Denmark,2019,denmark_2019_65,2019-05-02,34,Megafon,1008.0,f,7.5,7.5
Denmark,2019,denmark_2019_65,2019-05-02,34,Megafon,1008.0,c,4.2,4.2
Denmark,2019,denmark_2019_65,2019-05-02,34,Megafon,1008.0,k,0.5,0.5
Denmark,2019,denmark_2019_65,2019-05-02,34,Megafon,1008.0,d,2.6,2.6
Denmark,2019,denmark_2019_65,2019-05-02,34,Megafon,1008.0,e,1.3,1.3
Denmark,2019,denmark_2019_65,2019-05-02,34,Megafon,1008.0,p,2.7,2.7
Denmark,2019,denmark_2019_66,2019-04-29,37,YouGov,1890.0,a,25.8,25.8
Denmark,2019,denmark_2019_66,2019-04-29,37,YouGov,1890.0,o,12.2,12.2
Denmark,2019,denmark_2019_66,2019-04-29,37,YouGov,1890.0,v,17.6,17.6
Denmark,2019,denmark_2019_66,2019-04-29,37,YouGov,1890.0,oe,9.4,9.4
Denmark,2019,denmark_2019_66,2019-04-29,37,YouGov,1890.0,i,4.2,4.2
Denmark,2019,denmark_2019_66,2019-04-29,37,YouGov,1890.0,aa,3.8,3.8
Denmark,2019,denmark_2019_66,2019-04-29,37,YouGov,1890.0,b,6.7,6.7
Denmark,2019,denmark_2019_66,2019-04-29,37,YouGov,1890.0,f,7.8,7.8
Denmark,2019,denmark_2019_66,2019-04-29,37,YouGov,1890.0,c,5.0,5.0
Denmark,2019,denmark_2019_66,2019-04-29,37,YouGov,1890.0,k,0.9,0.9
Denmark,2019,denmark_2019_66,2019-04-29,37,YouGov,1890.0,d,5.0,5.0
Denmark,2019,denmark_2019_66,2019-04-29,37,YouGov,1890.0,e,1.1,1.1
Denmark,2019,denmark_2019_67,2019-04-28,38,Voxmeter,1021.0,a,27.5,27.5
Denmark,2019,denmark_2019_67,2019-04-28,38,Voxmeter,1021.0,o,13.6,13.6
Denmark,2019,denmark_2019_67,2019-04-28,38,Voxmeter,1021.0,v,19.2,19.2
Denmark,2019,denmark_2019_67,2019-04-28,38,Voxmeter,1021.0,oe,9.3,9.3
Denmark,2019,denmark_2019_67,2019-04-28,38,Voxmeter,1021.0,i,4.2,4.2
Denmark,2019,denmark_2019_67,2019-04-28,38,Voxmeter,1021.0,aa,3.7,3.7
Denmark,2019,denmark_2019_67,2019-04-28,38,Voxmeter,1021.0,b,7.6,7.6
Denmark,2019,denmark_2019_67,2019-04-28,38,Voxmeter,1021.0,f,5.6,5.6
Denmark,2019,denmark_2019_67,2019-04-28,38,Voxmeter,1021.0,c,3.8,3.8
Denmark,2019,denmark_2019_67,2019-04-28,38,Voxmeter,1021.0,k,0.9,0.9
Denmark,2019,denmark_2019_67,2019-04-28,38,Voxmeter,1021.0,d,2.5,2.5
Denmark,2019,denmark_2019_67,2019-04-28,38,Voxmeter,1021.0,e,0.2,0.2
Denmark,2019,denmark_2019_68,2019-04-21,45,Voxmeter,1031.0,a,28.9,28.9
Denmark,2019,denmark_2019_68,2019-04-21,45,Voxmeter,1031.0,o,15.0,15.0
Denmark,2019,denmark_2019_68,2019-04-21,45,Voxmeter,1031.0,v,19.0,19.0
Denmark,2019,denmark_2019_68,2019-04-21,45,Voxmeter,1031.0,oe,9.3,9.3
Denmark,2019,denmark_2019_68,2019-04-21,45,Voxmeter,1031.0,i,4.1,4.1
Denmark,2019,denmark_2019_68,2019-04-21,45,Voxmeter,1031.0,aa,3.1,3.1
Denmark,2019,denmark_2019_68,2019-04-21,45,Voxmeter,1031.0,b,6.8,6.8
Denmark,2019,denmark_2019_68,2019-04-21,45,Voxmeter,1031.0,f,6.2,6.2
Denmark,2019,denmark_2019_68,2019-04-21,45,Voxmeter,1031.0,c,4.3,4.3
Denmark,2019,denmark_2019_68,2019-04-21,45,Voxmeter,1031.0,k,0.9,0.9
Denmark,2019,denmark_2019_68,2019-04-21,45,Voxmeter,1031.0,d,2.0,2.0
Denmark,2019,denmark_2019_68,2019-04-21,45,Voxmeter,1031.0,e,0.1,0.1
Denmark,2019,denmark_2019_69,2019-04-17,49,Megafon,1008.0,a,25.1,25.1
Denmark,2019,denmark_2019_69,2019-04-17,49,Megafon,1008.0,o,13.6,13.6
Denmark,2019,denmark_2019_69,2019-04-17,49,Megafon,1008.0,v,18.4,18.4
Denmark,2019,denmark_2019_69,2019-04-17,49,Megafon,1008.0,oe,9.3,9.3
Denmark,2019,denmark_2019_69,2019-04-17,49,Megafon,1008.0,i,4.4,4.4
Denmark,2019,denmark_2019_69,2019-04-17,49,Megafon,1008.0,aa,3.3,3.3
Denmark,2019,denmark_2019_69,2019-04-17,49,Megafon,1008.0,b,7.8,7.8
Denmark,2019,denmark_2019_69,2019-04-17,49,Megafon,1008.0,f,8.1,8.1
Denmark,2019,denmark_2019_69,2019-04-17,49,Megafon,1008.0,c,4.1,4.1
Denmark,2019,denmark_2019_69,2019-04-17,49,Megafon,1008.0,k,0.8,0.8
Denmark,2019,denmark_2019_69,2019-04-17,49,Megafon,1008.0,d,3.6,3.6
Denmark,2019,denmark_2019_69,2019-04-17,49,Megafon,1008.0,e,1.3,1.3
Denmark,2019,denmark_2019_70,2019-04-13,53,Voxmeter,1023.0,a,28.5,28.5
Denmark,2019,denmark_2019_70,2019-04-13,53,Voxmeter,1023.0,o,14.0,14.0
Denmark,2019,denmark_2019_70,2019-04-13,53,Voxmeter,1023.0,v,18.8,18.8
Denmark,2019,denmark_2019_70,2019-04-13,53,Voxmeter,1023.0,oe,9.8,9.8
Denmark,2019,denmark_2019_70,2019-04-13,53,Voxmeter,1023.0,i,4.8,4.8
Denmark,2019,denmark_2019_70,2019-04-13,53,Voxmeter,1023.0,aa,2.9,2.9
Denmark,2019,denmark_2019_70,2019-04-13,53,Voxmeter,1023.0,b,6.9,6.9
Denmark,2019,denmark_2019_70,2019-04-13,53,Voxmeter,1023.0,f,6.2,6.2
Denmark,2019,denmark_2019_70,2019-04-13,53,Voxmeter,1023.0,c,4.1,4.1
Denmark,2019,denmark_2019_70,2019-04-13,53,Voxmeter,1023.0,k,1.3,1.3
Denmark,2019,denmark_2019_70,2019-04-13,53,Voxmeter,1023.0,d,2.2,2.2
Denmark,2019,denmark_2019_70,2019-04-13,53,Voxmeter,1023.0,e,0.2,0.2
Denmark,2019,denmark_2019_71,2019-04-09,57,Epinion,1540.0,a,29.0,29.0
Denmark,2019,denmark_2019_71,2019-04-09,57,Epinion,1540.0,o,13.4,13.4
Denmark,2019,denmark_2019_71,2019-04-09,57,Epinion,1540.0,v,18.5,18.5
Denmark,2019,denmark_2019_71,2019-04-09,57,Epinion,1540.0,oe,9.6,9.6
Denmark,2019,denmark_2019_71,2019-04-09,57,Epinion,1540.0,i,4.2,4.2
Denmark,2019,denmark_2019_71,2019-04-09,57,Epinion,1540.0,aa,2.4,2.4
Denmark,2019,denmark_2019_71,2019-04-09,57,Epinion,1540.0,b,6.3,6.3
Denmark,2019,denmark_2019_71,2019-04-09,57,Epinion,1540.0,f,7.9,7.9
Denmark,2019,denmark_2019_71,2019-04-09,57,Epinion,1540.0,c,4.6,4.6
Denmark,2019,denmark_2019_71,2019-04-09,57,Epinion,1540.0,k,0.4,0.4
Denmark,2019,denmark_2019_71,2019-04-09,57,Epinion,1540.0,d,2.7,2.7
Denmark,2019,denmark_2019_71,2019-04-09,57,Epinion,1540.0,e,0.9,0.9
Denmark,2019,denmark_2019_72,2019-04-07,59,Voxmeter,1030.0,a,27.9,27.9
Denmark,2019,denmark_2019_72,2019-04-07,59,Voxmeter,1030.0,o,14.8,14.8
Denmark,2019,denmark_2019_72,2019-04-07,59,Voxmeter,1030.0,v,18.3,18.3
Denmark,2019,denmark_2019_72,2019-04-07,59,Voxmeter,1030.0,oe,8.6,8.6
Denmark,2019,denmark_2019_72,2019-04-07,59,Voxmeter,1030.0,i,4.4,4.4
Denmark,2019,denmark_2019_72,2019-04-07,59,Voxmeter,1030.0,aa,3.4,3.4
Denmark,2019,denmark_2019_72,2019-04-07,59,Voxmeter,1030.0,b,7.2,7.2
Denmark,2019,denmark_2019_72,2019-04-07,59,Voxmeter,1030.0,f,6.4,6.4
Denmark,2019,denmark_2019_72,2019-04-07,59,Voxmeter,1030.0,c,4.6,4.6
Denmark,2019,denmark_2019_72,2019-04-07,59,Voxmeter,1030.0,k,0.9,0.9
Denmark,2019,denmark_2019_72,2019-04-07,59,Voxmeter,1030.0,d,2.8,2.8
Denmark,2019,denmark_2019_72,2019-04-07,59,Voxmeter,1030.0,e,0.3,0.3
Denmark,2019,denmark_2019_73,2019-04-01,65,Greens,1078.0,a,30.4,30.4
Denmark,2019,denmark_2019_73,2019-04-01,65,Greens,1078.0,o,14.4,14.4
Denmark,2019,denmark_2019_73,2019-04-01,65,Greens,1078.0,v,15.8,15.8
Denmark,2019,denmark_2019_73,2019-04-01,65,Greens,1078.0,oe,9.0,9.0
Denmark,2019,denmark_2019_73,2019-04-01,65,Greens,1078.0,i,4.0,4.0
Denmark,2019,denmark_2019_73,2019-04-01,65,Greens,1078.0,aa,3.0,3.0
Denmark,2019,denmark_2019_73,2019-04-01,65,Greens,1078.0,b,5.8,5.8
Denmark,2019,denmark_2019_73,2019-04-01,65,Greens,1078.0,f,7.0,7.0
Denmark,2019,denmark_2019_73,2019-04-01,65,Greens,1078.0,c,4.6,4.6
Denmark,2019,denmark_2019_73,2019-04-01,65,Greens,1078.0,k,1.2,1.2
Denmark,2019,denmark_2019_73,2019-04-01,65,Greens,1078.0,d,3.3,3.3
Denmark,2019,denmark_2019_73,2019-04-01,65,Greens,1078.0,e,1.0,1.0
Denmark,2019,denmark_2019_74,2019-03-31,66,YouGov,,a,26.5,26.5
Denmark,2019,denmark_2019_74,2019-03-31,66,YouGov,,o,12.1,12.1
Denmark,2019,denmark_2019_74,2019-03-31,66,YouGov,,v,17.4,17.4
Denmark,2019,denmark_2019_74,2019-03-31,66,YouGov,,oe,9.5,9.5
Denmark,2019,denmark_2019_74,2019-03-31,66,YouGov,,i,4.2,4.2
Denmark,2019,denmark_2019_74,2019-03-31,66,YouGov,,aa,4.2,4.2
Denmark,2019,denmark_2019_74,2019-03-31,66,YouGov,,b,5.5,5.5
Denmark,2019,denmark_2019_74,2019-03-31,66,YouGov,,f,7.4,7.4
Denmark,2019,denmark_2019_74,2019-03-31,66,YouGov,,c,5.6,5.6
Denmark,2019,denmark_2019_74,2019-03-31,66,YouGov,,k,1.2,1.2
Denmark,2019,denmark_2019_74,2019-03-31,66,YouGov,,d,5.5,5.5
Denmark,2019,denmark_2019_74,2019-03-31,66,YouGov,,e,0.8,0.8
Denmark,2019,denmark_2019_75,2019-03-31,66,Voxmeter,1056.0,a,28.7,28.7
Denmark,2019,denmark_2019_75,2019-03-31,66,Voxmeter,1056.0,o,15.4,15.4
Denmark,2019,denmark_2019_75,2019-03-31,66,Voxmeter,1056.0,v,18.7,18.7
Denmark,2019,denmark_2019_75,2019-03-31,66,Voxmeter,1056.0,oe,8.3,8.3
Denmark,2019,denmark_2019_75,2019-03-31,66,Voxmeter,1056.0,i,4.0,4.0
Denmark,2019,denmark_2019_75,2019-03-31,66,Voxmeter,1056.0,aa,4.0,4.0
Denmark,2019,denmark_2019_75,2019-03-31,66,Voxmeter,1056.0,b,7.2,7.2
Denmark,2019,denmark_2019_75,2019-03-31,66,Voxmeter,1056.0,f,5.7,5.7
Denmark,2019,denmark_2019_75,2019-03-31,66,Voxmeter,1056.0,c,4.3,4.3
Denmark,2019,denmark_2019_75,2019-03-31,66,Voxmeter,1056.0,k,0.9,0.9
Denmark,2019,denmark_2019_75,2019-03-31,66,Voxmeter,1056.0,d,1.9,1.9
Denmark,2019,denmark_2019_75,2019-03-31,66,Voxmeter,1056.0,e,0.4,0.4
Denmark,2019,denmark_2019_76,2019-03-29,68,Norstat,,a,28.7,28.7
Denmark,2019,denmark_2019_76,2019-03-29,68,Norstat,,o,14.4,14.4
Denmark,2019,denmark_2019_76,2019-03-29,68,Norstat,,v,16.9,16.9
Denmark,2019,denmark_2019_76,2019-03-29,68,Norstat,,oe,8.9,8.9
Denmark,2019,denmark_2019_76,2019-03-29,68,Norstat,,i,3.2,3.2
Denmark,2019,denmark_2019_76,2019-03-29,68,Norstat,,aa,4.3,4.3
Denmark,2019,denmark_2019_76,2019-03-29,68,Norstat,,b,7.0,7.0
Denmark,2019,denmark_2019_76,2019-03-29,68,Norstat,,f,6.2,6.2
Denmark,2019,denmark_2019_76,2019-03-29,68,Norstat,,c,4.4,4.4
Denmark,2019,denmark_2019_76,2019-03-29,68,Norstat,,k,0.9,0.9
Denmark,2019,denmark_2019_76,2019-03-29,68,Norstat,,d,4.1,4.1
Denmark,2019,denmark_2019_76,2019-03-29,68,Norstat,,e,0.8,0.8
Denmark,2019,denmark_2019_77,2019-03-28,69,Megafon,1006.0,a,25.4,25.4
Denmark,2019,denmark_2019_77,2019-03-28,69,Megafon,1006.0,o,12.6,12.6
Denmark,2019,denmark_2019_77,2019-03-28,69,Megafon,1006.0,v,17.3,17.3
Denmark,2019,denmark_2019_77,2019-03-28,69,Megafon,1006.0,oe,9.1,9.1
Denmark,2019,denmark_2019_77,2019-03-28,69,Megafon,1006.0,i,4.8,4.8
Denmark,2019,denmark_2019_77,2019-03-28,69,Megafon,1006.0,aa,3.7,3.7
Denmark,2019,denmark_2019_77,2019-03-28,69,Megafon,1006.0,b,8.1,8.1
Denmark,2019,denmark_2019_77,2019-03-28,69,Megafon,1006.0,f,7.2,7.2
Denmark,2019,denmark_2019_77,2019-03-28,69,Megafon,1006.0,c,5.4,5.4
Denmark,2019,denmark_2019_77,2019-03-28,69,Megafon,1006.0,k,1.1,1.1
Denmark,2019,denmark_2019_77,2019-03-28,69,Megafon,1006.0,d,3.8,3.8
Denmark,2019,denmark_2019_77,2019-03-28,69,Megafon,1006.0,e,1.3,1.3
Denmark,2019,denmark_2019_78,2019-03-25,72,Epinion,1509.0,a,29.5,29.5
Denmark,2019,denmark_2019_78,2019-03-25,72,Epinion,1509.0,o,15.1,15.1
Denmark,2019,denmark_2019_78,2019-03-25,72,Epinion,1509.0,v,17.0,17.0
Denmark,2019,denmark_2019_78,2019-03-25,72,Epinion,1509.0,oe,9.4,9.4
Denmark,2019,denmark_2019_78,2019-03-25,72,Epinion,1509.0,i,3.9,3.9
Denmark,2019,denmark_2019_78,2019-03-25,72,Epinion,1509.0,aa,3.1,3.1
Denmark,2019,denmark_2019_78,2019-03-25,72,Epinion,1509.0,b,5.7,5.7
Denmark,2019,denmark_2019_78,2019-03-25,72,Epinion,1509.0,f,6.9,6.9
Denmark,2019,denmark_2019_78,2019-03-25,72,Epinion,1509.0,c,5.2,5.2
Denmark,2019,denmark_2019_78,2019-03-25,72,Epinion,1509.0,k,0.5,0.5
Denmark,2019,denmark_2019_78,2019-03-25,72,Epinion,1509.0,d,3.1,3.1
Denmark,2019,denmark_2019_78,2019-03-25,72,Epinion,1509.0,e,0.6,0.6
Denmark,2019,denmark_2019_79,2019-03-24,73,Voxmeter,1044.0,a,28.1,28.1
Denmark,2019,denmark_2019_79,2019-03-24,73,Voxmeter,1044.0,o,15.1,15.1
Denmark,2019,denmark_2019_79,2019-03-24,73,Voxmeter,1044.0,v,19.3,19.3
Denmark,2019,denmark_2019_79,2019-03-24,73,Voxmeter,1044.0,oe,8.8,8.8
Denmark,2019,denmark_2019_79,2019-03-24,73,Voxmeter,1044.0,i,4.3,4.3
Denmark,2019,denmark_2019_79,2019-03-24,73,Voxmeter,1044.0,aa,3.4,3.4
Denmark,2019,denmark_2019_79,2019-03-24,73,Voxmeter,1044.0,b,6.7,6.7
Denmark,2019,denmark_2019_79,2019-03-24,73,Voxmeter,1044.0,f,5.9,5.9
Denmark,2019,denmark_2019_79,2019-03-24,73,Voxmeter,1044.0,c,4.5,4.5
Denmark,2019,denmark_2019_79,2019-03-24,73,Voxmeter,1044.0,k,0.7,0.7
Denmark,2019,denmark_2019_79,2019-03-24,73,Voxmeter,1044.0,d,1.9,1.9
Denmark,2019,denmark_2019_79,2019-03-24,73,Voxmeter,1044.0,e,0.9,0.9
Denmark,2019,denmark_2019_80,2019-03-17,80,Voxmeter,1062.0,a,27.7,27.7
Denmark,2019,denmark_2019_80,2019-03-17,80,Voxmeter,1062.0,o,14.6,14.6
Denmark,2019,denmark_2019_80,2019-03-17,80,Voxmeter,1062.0,v,18.9,18.9
Denmark,2019,denmark_2019_80,2019-03-17,80,Voxmeter,1062.0,oe,9.2,9.2
Denmark,2019,denmark_2019_80,2019-03-17,80,Voxmeter,1062.0,i,4.9,4.9
Denmark,2019,denmark_2019_80,2019-03-17,80,Voxmeter,1062.0,aa,3.6,3.6
Denmark,2019,denmark_2019_80,2019-03-17,80,Voxmeter,1062.0,b,7.0,7.0
Denmark,2019,denmark_2019_80,2019-03-17,80,Voxmeter,1062.0,f,6.2,6.2
Denmark,2019,denmark_2019_80,2019-03-17,80,Voxmeter,1062.0,c,4.1,4.1
Denmark,2019,denmark_2019_80,2019-03-17,80,Voxmeter,1062.0,k,0.5,0.5
Denmark,2019,denmark_2019_80,2019-03-17,80,Voxmeter,1062.0,d,2.1,2.1
Denmark,2019,denmark_2019_80,2019-03-17,80,Voxmeter,1062.0,e,0.8,0.8
Denmark,2019,denmark_2019_81,2019-03-14,83,Gallup,1587.0,a,26.0,26.0
Denmark,2019,denmark_2019_81,2019-03-14,83,Gallup,1587.0,o,13.7,13.7
Denmark,2019,denmark_2019_81,2019-03-14,83,Gallup,1587.0,v,19.7,19.7
Denmark,2019,denmark_2019_81,2019-03-14,83,Gallup,1587.0,oe,7.9,7.9
Denmark,2019,denmark_2019_81,2019-03-14,83,Gallup,1587.0,i,5.4,5.4
Denmark,2019,denmark_2019_81,2019-03-14,83,Gallup,1587.0,aa,3.7,3.7
Denmark,2019,denmark_2019_81,2019-03-14,83,Gallup,1587.0,b,6.9,6.9
Denmark,2019,denmark_2019_81,2019-03-14,83,Gallup,1587.0,f,6.7,6.7
Denmark,2019,denmark_2019_81,2019-03-14,83,Gallup,1587.0,c,5.2,5.2
Denmark,2019,denmark_2019_81,2019-03-14,83,Gallup,1587.0,k,0.9,0.9
Denmark,2019,denmark_2019_81,2019-03-14,83,Gallup,1587.0,d,2.6,2.6
Denmark,2019,denmark_2019_81,2019-03-14,83,Gallup,1587.0,e,1.3,1.3
Denmark,2019,denmark_2019_82,2019-03-09,88,Voxmeter,1037.0,a,28.6,28.6
Denmark,2019,denmark_2019_82,2019-03-09,88,Voxmeter,1037.0,o,14.2,14.2
Denmark,2019,denmark_2019_82,2019-03-09,88,Voxmeter,1037.0,v,18.6,18.6
Denmark,2019,denmark_2019_82,2019-03-09,88,Voxmeter,1037.0,oe,9.0,9.0
Denmark,2019,denmark_2019_82,2019-03-09,88,Voxmeter,1037.0,i,5.3,5.3
Denmark,2019,denmark_2019_82,2019-03-09,88,Voxmeter,1037.0,aa,4.3,4.3
Denmark,2019,denmark_2019_82,2019-03-09,88,Voxmeter,1037.0,b,7.2,7.2
Denmark,2019,denmark_2019_82,2019-03-09,88,Voxmeter,1037.0,f,5.7,5.7
Denmark,2019,denmark_2019_82,2019-03-09,88,Voxmeter,1037.0,c,3.8,3.8
Denmark,2019,denmark_2019_82,2019-03-09,88,Voxmeter,1037.0,k,0.4,0.4
Denmark,2019,denmark_2019_82,2019-03-09,88,Voxmeter,1037.0,d,1.7,1.7
Denmark,2019,denmark_2019_82,2019-03-09,88,Voxmeter,1037.0,e,0.5,0.5
Denmark,2019,denmark_2019_83,2019-03-03,94,Voxmeter,,a,28.0,28.0
Denmark,2019,denmark_2019_83,2019-03-03,94,Voxmeter,,o,14.6,14.6
Denmark,2019,denmark_2019_83,2019-03-03,94,Voxmeter,,v,18.1,18.1
Denmark,2019,denmark_2019_83,2019-03-03,94,Voxmeter,,oe,8.6,8.6
Denmark,2019,denmark_2019_83,2019-03-03,94,Voxmeter,,i,5.7,5.7
Denmark,2019,denmark_2019_83,2019-03-03,94,Voxmeter,,aa,4.3,4.3
Denmark,2019,denmark_2019_83,2019-03-03,94,Voxmeter,,b,6.7,6.7
Denmark,2019,denmark_2019_83,2019-03-03,94,Voxmeter,,f,5.9,5.9
Denmark,2019,denmark_2019_83,2019-03-03,94,Voxmeter,,c,4.1,4.1
Denmark,2019,denmark_2019_83,2019-03-03,94,Voxmeter,,k,0.9,0.9
Denmark,2019,denmark_2019_83,2019-03-03,94,Voxmeter,,d,2.1,2.1
Denmark,2019,denmark_2019_83,2019-03-03,94,Voxmeter,,e,0.6,0.6
Denmark,2019,denmark_2019_84,2019-03-03,94,YouGov,1738.0,a,26.7,26.7
Denmark,2019,denmark_2019_84,2019-03-03,94,YouGov,1738.0,o,15.5,15.5
Denmark,2019,denmark_2019_84,2019-03-03,94,YouGov,1738.0,v,15.9,15.9
Denmark,2019,denmark_2019_84,2019-03-03,94,YouGov,1738.0,oe,8.8,8.8
Denmark,2019,denmark_2019_84,2019-03-03,94,YouGov,1738.0,i,5.0,5.0
Denmark,2019,denmark_2019_84,2019-03-03,94,YouGov,1738.0,aa,4.2,4.2
Denmark,2019,denmark_2019_84,2019-03-03,94,YouGov,1738.0,b,6.1,6.1
Denmark,2019,denmark_2019_84,2019-03-03,94,YouGov,1738.0,f,5.9,5.9
Denmark,2019,denmark_2019_84,2019-03-03,94,YouGov,1738.0,c,4.7,4.7
Denmark,2019,denmark_2019_84,2019-03-03,94,YouGov,1738.0,k,0.9,0.9
Denmark,2019,denmark_2019_84,2019-03-03,94,YouGov,1738.0,d,4.9,4.9
Denmark,2019,denmark_2019_84,2019-03-03,94,YouGov,1738.0,e,1.3,1.3
Denmark,2019,denmark_2019_85,2019-02-28,97,Megafon,1009.0,a,24.4,24.4
Denmark,2019,denmark_2019_85,2019-02-28,97,Megafon,1009.0,o,13.4,13.4
Denmark,2019,denmark_2019_85,2019-02-28,97,Megafon,1009.0,v,18.0,18.0
Denmark,2019,denmark_2019_85,2019-02-28,97,Megafon,1009.0,oe,10.1,10.1
Denmark,2019,denmark_2019_85,2019-02-28,97,Megafon,1009.0,i,5.4,5.4
Denmark,2019,denmark_2019_85,2019-02-28,97,Megafon,1009.0,aa,3.8,3.8
Denmark,2019,denmark_2019_85,2019-02-28,97,Megafon,1009.0,b,7.0,7.0
Denmark,2019,denmark_2019_85,2019-02-28,97,Megafon,1009.0,f,8.0,8.0
Denmark,2019,denmark_2019_85,2019-02-28,97,Megafon,1009.0,c,3.8,3.8
Denmark,2019,denmark_2019_85,2019-02-28,97,Megafon,1009.0,k,1.4,1.4
Denmark,2019,denmark_2019_85,2019-02-28,97,Megafon,1009.0,d,3.4,3.4
Denmark,2019,denmark_2019_85,2019-02-28,97,Megafon,1009.0,e,1.3,1.3
Denmark,2019,denmark_2019_86,2019-02-26,99,Norstat,1205.0,a,28.8,28.8
Denmark,2019,denmark_2019_86,2019-02-26,99,Norstat,1205.0,o,15.7,15.7
Denmark,2019,denmark_2019_86,2019-02-26,99,Norstat,1205.0,v,18.6,18.6
Denmark,2019,denmark_2019_86,2019-02-26,99,Norstat,1205.0,oe,8.0,8.0
Denmark,2019,denmark_2019_86,2019-02-26,99,Norstat,1205.0,i,4.0,4.0
Denmark,2019,denmark_2019_86,2019-02-26,99,Norstat,1205.0,aa,3.2,3.2
Denmark,2019,denmark_2019_86,2019-02-26,99,Norstat,1205.0,b,5.6,5.6
Denmark,2019,denmark_2019_86,2019-02-26,99,Norstat,1205.0,f,6.2,6.2
Denmark,2019,denmark_2019_86,2019-02-26,99,Norstat,1205.0,c,4.1,4.1
Denmark,2019,denmark_2019_86,2019-02-26,99,Norstat,1205.0,k,1.1,1.1
Denmark,2019,denmark_2019_86,2019-02-26,99,Norstat,1205.0,d,2.6,2.6
Denmark,2019,denmark_2019_86,2019-02-26,99,Norstat,1205.0,e,0.2,0.2
Denmark,2019,denmark_2019_87,2019-02-25,100,Epinion,1532.0,a,28.2,28.2
Denmark,2019,denmark_2019_87,2019-02-25,100,Epinion,1532.0,o,15.2,15.2
Denmark,2019,denmark_2019_87,2019-02-25,100,Epinion,1532.0,v,17.8,17.8
Denmark,2019,denmark_2019_87,2019-02-25,100,Epinion,1532.0,oe,9.7,9.7
Denmark,2019,denmark_2019_87,2019-02-25,100,Epinion,1532.0,i,4.5,4.5
Denmark,2019,denmark_2019_87,2019-02-25,100,Epinion,1532.0,aa,3.5,3.5
Denmark,2019,denmark_2019_87,2019-02-25,100,Epinion,1532.0,b,6.1,6.1
Denmark,2019,denmark_2019_87,2019-02-25,100,Epinion,1532.0,f,5.9,5.9
Denmark,2019,denmark_2019_87,2019-02-25,100,Epinion,1532.0,c,3.8,3.8
Denmark,2019,denmark_2019_87,2019-02-25,100,Epinion,1532.0,k,0.7,0.7
Denmark,2019,denmark_2019_87,2019-02-25,100,Epinion,1532.0,d,2.8,2.8
Denmark,2019,denmark_2019_87,2019-02-25,100,Epinion,1532.0,e,1.8,1.8
Denmark,2019,denmark_2019_88,2019-02-24,101,Voxmeter,1032.0,a,28.1,28.1
Denmark,2019,denmark_2019_88,2019-02-24,101,Voxmeter,1032.0,o,14.8,14.8
Denmark,2019,denmark_2019_88,2019-02-24,101,Voxmeter,1032.0,v,18.6,18.6
Denmark,2019,denmark_2019_88,2019-02-24,101,Voxmeter,1032.0,oe,9.1,9.1
Denmark,2019,denmark_2019_88,2019-02-24,101,Voxmeter,1032.0,i,5.0,5.0
Denmark,2019,denmark_2019_88,2019-02-24,101,Voxmeter,1032.0,aa,3.7,3.7
Denmark,2019,denmark_2019_88,2019-02-24,101,Voxmeter,1032.0,b,6.7,6.7
Denmark,2019,denmark_2019_88,2019-02-24,101,Voxmeter,1032.0,f,5.9,5.9
Denmark,2019,denmark_2019_88,2019-02-24,101,Voxmeter,1032.0,c,3.6,3.6
Denmark,2019,denmark_2019_88,2019-02-24,101,Voxmeter,1032.0,k,0.7,0.7
Denmark,2019,denmark_2019_88,2019-02-24,101,Voxmeter,1032.0,d,2.0,2.0
Denmark,2019,denmark_2019_88,2019-02-24,101,Voxmeter,1032.0,e,1.4,1.4
Denmark,2019,denmark_2019_89,2019-02-17,108,Voxmeter,1022.0,a,29.0,29.0
Denmark,2019,denmark_2019_89,2019-02-17,108,Voxmeter,1022.0,o,15.4,15.4
Denmark,2019,denmark_2019_89,2019-02-17,108,Voxmeter,1022.0,v,18.1,18.1
Denmark,2019,denmark_2019_89,2019-02-17,108,Voxmeter,1022.0,oe,8.6,8.6
Denmark,2019,denmark_2019_89,2019-02-17,108,Voxmeter,1022.0,i,5.7,5.7
Denmark,2019,denmark_2019_89,2019-02-17,108,Voxmeter,1022.0,aa,4.1,4.1
Denmark,2019,denmark_2019_89,2019-02-17,108,Voxmeter,1022.0,b,6.3,6.3
Denmark,2019,denmark_2019_89,2019-02-17,108,Voxmeter,1022.0,f,5.2,5.2
Denmark,2019,denmark_2019_89,2019-02-17,108,Voxmeter,1022.0,c,3.6,3.6
Denmark,2019,denmark_2019_89,2019-02-17,108,Voxmeter,1022.0,k,1.1,1.1
Denmark,2019,denmark_2019_89,2019-02-17,108,Voxmeter,1022.0,d,1.9,1.9
Denmark,2019,denmark_2019_90,2019-02-09,116,Voxmeter,1032.0,a,28.3,28.3
Denmark,2019,denmark_2019_90,2019-02-09,116,Voxmeter,1032.0,o,15.8,15.8
Denmark,2019,denmark_2019_90,2019-02-09,116,Voxmeter,1032.0,v,17.9,17.9
Denmark,2019,denmark_2019_90,2019-02-09,116,Voxmeter,1032.0,oe,8.6,8.6
Denmark,2019,denmark_2019_90,2019-02-09,116,Voxmeter,1032.0,i,6.0,6.0
Denmark,2019,denmark_2019_90,2019-02-09,116,Voxmeter,1032.0,aa,3.7,3.7
Denmark,2019,denmark_2019_90,2019-02-09,116,Voxmeter,1032.0,b,6.8,6.8
Denmark,2019,denmark_2019_90,2019-02-09,116,Voxmeter,1032.0,f,5.8,5.8
Denmark,2019,denmark_2019_90,2019-02-09,116,Voxmeter,1032.0,c,3.8,3.8
Denmark,2019,denmark_2019_90,2019-02-09,116,Voxmeter,1032.0,k,1.0,1.0
Denmark,2019,denmark_2019_90,2019-02-09,116,Voxmeter,1032.0,d,1.9,1.9
Denmark,2022,denmark_2022_0,2022-10-31,1,Voxmeter,4577.0,a,24.2,24.2
Denmark,2022,denmark_2022_0,2022-10-31,1,Voxmeter,4577.0,v,14.0,14.0
Denmark,2022,denmark_2022_0,2022-10-31,1,Voxmeter,4577.0,o,2.9,2.9
Denmark,2022,denmark_2022_0,2022-10-31,1,Voxmeter,4577.0,b,4.4,4.4
Denmark,2022,denmark_2022_0,2022-10-31,1,Voxmeter,4577.0,f,9.7,9.7
Denmark,2022,denmark_2022_0,2022-10-31,1,Voxmeter,4577.0,oe,6.5,6.5
Denmark,2022,denmark_2022_0,2022-10-31,1,Voxmeter,4577.0,c,6.1,6.1
Denmark,2022,denmark_2022_0,2022-10-31,1,Voxmeter,4577.0,aa,3.6,3.6
Denmark,2022,denmark_2022_0,2022-10-31,1,Voxmeter,4577.0,d,4.1,4.1
Denmark,2022,denmark_2022_0,2022-10-31,1,Voxmeter,4577.0,i,7.7,7.7
Denmark,2022,denmark_2022_0,2022-10-31,1,Voxmeter,4577.0,k,0.7,0.7
Denmark,2022,denmark_2022_0,2022-10-31,1,Voxmeter,4577.0,m,8.5,8.5
Denmark,2022,denmark_2022_0,2022-10-31,1,Voxmeter,4577.0,q,0.7,0.7
Denmark,2022,denmark_2022_0,2022-10-31,1,Voxmeter,4577.0,ae,6.9,6.9
Denmark,2022,denmark_2022_1,2022-10-31,1,Gallup,4483.0,a,26.6,26.6
Denmark,2022,denmark_2022_1,2022-10-31,1,Gallup,4483.0,v,13.7,13.7
Denmark,2022,denmark_2022_1,2022-10-31,1,Gallup,4483.0,o,2.9,2.9
Denmark,2022,denmark_2022_1,2022-10-31,1,Gallup,4483.0,b,4.4,4.4
Denmark,2022,denmark_2022_1,2022-10-31,1,Gallup,4483.0,f,8.7,8.7
Denmark,2022,denmark_2022_1,2022-10-31,1,Gallup,4483.0,oe,6.3,6.3
Denmark,2022,denmark_2022_1,2022-10-31,1,Gallup,4483.0,c,6.0,6.0
Denmark,2022,denmark_2022_1,2022-10-31,1,Gallup,4483.0,aa,3.2,3.2
Denmark,2022,denmark_2022_1,2022-10-31,1,Gallup,4483.0,d,4.3,4.3
Denmark,2022,denmark_2022_1,2022-10-31,1,Gallup,4483.0,i,7.3,7.3
Denmark,2022,denmark_2022_1,2022-10-31,1,Gallup,4483.0,k,0.9,0.9
Denmark,2022,denmark_2022_1,2022-10-31,1,Gallup,4483.0,m,8.8,8.8
Denmark,2022,denmark_2022_1,2022-10-31,1,Gallup,4483.0,q,0.3,0.3
Denmark,2022,denmark_2022_1,2022-10-31,1,Gallup,4483.0,ae,7.0,7.0
Denmark,2022,denmark_2022_2,2022-10-31,1,Yougov,1336.0,a,27.6,27.6
Denmark,2022,denmark_2022_2,2022-10-31,1,Yougov,1336.0,v,12.9,12.9
Denmark,2022,denmark_2022_2,2022-10-31,1,Yougov,1336.0,o,2.8,2.8
Denmark,2022,denmark_2022_2,2022-10-31,1,Yougov,1336.0,b,3.2,3.2
Denmark,2022,denmark_2022_2,2022-10-31,1,Yougov,1336.0,f,8.5,8.5
Denmark,2022,denmark_2022_2,2022-10-31,1,Yougov,1336.0,oe,6.3,6.3
Denmark,2022,denmark_2022_2,2022-10-31,1,Yougov,1336.0,c,6.5,6.5
Denmark,2022,denmark_2022_2,2022-10-31,1,Yougov,1336.0,aa,1.9,1.9
Denmark,2022,denmark_2022_2,2022-10-31,1,Yougov,1336.0,d,4.3,4.3
Denmark,2022,denmark_2022_2,2022-10-31,1,Yougov,1336.0,i,6.9,6.9
Denmark,2022,denmark_2022_2,2022-10-31,1,Yougov,1336.0,k,0.2,0.2
Denmark,2022,denmark_2022_2,2022-10-31,1,Yougov,1336.0,m,8.0,8.0
Denmark,2022,denmark_2022_2,2022-10-31,1,Yougov,1336.0,q,0.9,0.9
Denmark,2022,denmark_2022_2,2022-10-31,1,Yougov,1336.0,ae,10.1,10.1
Denmark,2022,denmark_2022_3,2022-10-27,5,Epinion,2538.0,a,24.4,24.4
Denmark,2022,denmark_2022_3,2022-10-27,5,Epinion,2538.0,v,13.3,13.3
Denmark,2022,denmark_2022_3,2022-10-27,5,Epinion,2538.0,o,2.4,2.4
Denmark,2022,denmark_2022_3,2022-10-27,5,Epinion,2538.0,b,4.7,4.7
Denmark,2022,denmark_2022_3,2022-10-27,5,Epinion,2538.0,f,8.7,8.7
Denmark,2022,denmark_2022_3,2022-10-27,5,Epinion,2538.0,oe,6.3,6.3
Denmark,2022,denmark_2022_3,2022-10-27,5,Epinion,2538.0,c,5.8,5.8
Denmark,2022,denmark_2022_3,2022-10-27,5,Epinion,2538.0,aa,2.3,2.3
Denmark,2022,denmark_2022_3,2022-10-27,5,Epinion,2538.0,d,5.2,5.2
Denmark,2022,denmark_2022_3,2022-10-27,5,Epinion,2538.0,i,8.6,8.6
Denmark,2022,denmark_2022_3,2022-10-27,5,Epinion,2538.0,k,0.4,0.4
Denmark,2022,denmark_2022_3,2022-10-27,5,Epinion,2538.0,m,8.3,8.3
Denmark,2022,denmark_2022_3,2022-10-27,5,Epinion,2538.0,q,0.7,0.7
Denmark,2022,denmark_2022_3,2022-10-27,5,Epinion,2538.0,ae,8.6,8.6
Denmark,2022,denmark_2022_4,2022-10-27,5,Voxmeter,1001.0,a,26.2,26.2
Denmark,2022,denmark_2022_4,2022-10-27,5,Voxmeter,1001.0,v,12.5,12.5
Denmark,2022,denmark_2022_4,2022-10-27,5,Voxmeter,1001.0,o,3.0,3.0
Denmark,2022,denmark_2022_4,2022-10-27,5,Voxmeter,1001.0,b,4.1,4.1
Denmark,2022,denmark_2022_4,2022-10-27,5,Voxmeter,1001.0,f,9.8,9.8
Denmark,2022,denmark_2022_4,2022-10-27,5,Voxmeter,1001.0,oe,6.0,6.0
Denmark,2022,denmark_2022_4,2022-10-27,5,Voxmeter,1001.0,c,5.9,5.9
Denmark,2022,denmark_2022_4,2022-10-27,5,Voxmeter,1001.0,aa,2.2,2.2
Denmark,2022,denmark_2022_4,2022-10-27,5,Voxmeter,1001.0,d,3.7,3.7
Denmark,2022,denmark_2022_4,2022-10-27,5,Voxmeter,1001.0,i,6.8,6.8
Denmark,2022,denmark_2022_4,2022-10-27,5,Voxmeter,1001.0,k,0.2,0.2
Denmark,2022,denmark_2022_4,2022-10-27,5,Voxmeter,1001.0,m,10.0,10.0
Denmark,2022,denmark_2022_4,2022-10-27,5,Voxmeter,1001.0,q,0.8,0.8
Denmark,2022,denmark_2022_4,2022-10-27,5,Voxmeter,1001.0,ae,8.8,8.8
Denmark,2022,denmark_2022_5,2022-10-25,7,Yougov,1261.0,a,28.6,28.6
Denmark,2022,denmark_2022_5,2022-10-25,7,Yougov,1261.0,v,10.4,10.4
Denmark,2022,denmark_2022_5,2022-10-25,7,Yougov,1261.0,o,2.6,2.6
Denmark,2022,denmark_2022_5,2022-10-25,7,Yougov,1261.0,b,3.6,3.6
Denmark,2022,denmark_2022_5,2022-10-25,7,Yougov,1261.0,f,8.3,8.3
Denmark,2022,denmark_2022_5,2022-10-25,7,Yougov,1261.0,oe,6.7,6.7
Denmark,2022,denmark_2022_5,2022-10-25,7,Yougov,1261.0,c,6.5,6.5
Denmark,2022,denmark_2022_5,2022-10-25,7,Yougov,1261.0,aa,2.3,2.3
Denmark,2022,denmark_2022_5,2022-10-25,7,Yougov,1261.0,d,4.3,4.3
Denmark,2022,denmark_2022_5,2022-10-25,7,Yougov,1261.0,i,7.1,7.1
Denmark,2022,denmark_2022_5,2022-10-25,7,Yougov,1261.0,k,0.5,0.5
Denmark,2022,denmark_2022_5,2022-10-25,7,Yougov,1261.0,m,9.6,9.6
Denmark,2022,denmark_2022_5,2022-10-25,7,Yougov,1261.0,q,0.7,0.7
Denmark,2022,denmark_2022_5,2022-10-25,7,Yougov,1261.0,ae,8.5,8.5
Denmark,2022,denmark_2022_6,2022-10-24,8,Gallup,1928.0,a,24.4,24.4
Denmark,2022,denmark_2022_6,2022-10-24,8,Gallup,1928.0,v,13.8,13.8
Denmark,2022,denmark_2022_6,2022-10-24,8,Gallup,1928.0,o,2.3,2.3
Denmark,2022,denmark_2022_6,2022-10-24,8,Gallup,1928.0,b,3.7,3.7
Denmark,2022,denmark_2022_6,2022-10-24,8,Gallup,1928.0,f,9.2,9.2
Denmark,2022,denmark_2022_6,2022-10-24,8,Gallup,1928.0,oe,8.0,8.0
Denmark,2022,denmark_2022_6,2022-10-24,8,Gallup,1928.0,c,6.2,6.2
Denmark,2022,denmark_2022_6,2022-10-24,8,Gallup,1928.0,aa,2.5,2.5
Denmark,2022,denmark_2022_6,2022-10-24,8,Gallup,1928.0,d,3.8,3.8
Denmark,2022,denmark_2022_6,2022-10-24,8,Gallup,1928.0,i,8.3,8.3
Denmark,2022,denmark_2022_6,2022-10-24,8,Gallup,1928.0,k,0.4,0.4
Denmark,2022,denmark_2022_6,2022-10-24,8,Gallup,1928.0,m,8.8,8.8
Denmark,2022,denmark_2022_6,2022-10-24,8,Gallup,1928.0,q,0.4,0.4
Denmark,2022,denmark_2022_6,2022-10-24,8,Gallup,1928.0,ae,8.1,8.1
Denmark,2022,denmark_2022_7,2022-10-24,8,Voxmeter,1004.0,a,25.0,25.0
Denmark,2022,denmark_2022_7,2022-10-24,8,Voxmeter,1004.0,v,13.2,13.2
Denmark,2022,denmark_2022_7,2022-10-24,8,Voxmeter,1004.0,o,1.9,1.9
Denmark,2022,denmark_2022_7,2022-10-24,8,Voxmeter,1004.0,b,3.8,3.8
Denmark,2022,denmark_2022_7,2022-10-24,8,Voxmeter,1004.0,f,9.6,9.6
Denmark,2022,denmark_2022_7,2022-10-24,8,Voxmeter,1004.0,oe,6.5,6.5
Denmark,2022,denmark_2022_7,2022-10-24,8,Voxmeter,1004.0,c,6.0,6.0
Denmark,2022,denmark_2022_7,2022-10-24,8,Voxmeter,1004.0,aa,1.7,1.7
Denmark,2022,denmark_2022_7,2022-10-24,8,Voxmeter,1004.0,d,4.2,4.2
Denmark,2022,denmark_2022_7,2022-10-24,8,Voxmeter,1004.0,i,7.3,7.3
Denmark,2022,denmark_2022_7,2022-10-24,8,Voxmeter,1004.0,k,0.6,0.6
Denmark,2022,denmark_2022_7,2022-10-24,8,Voxmeter,1004.0,m,11.5,11.5
Denmark,2022,denmark_2022_7,2022-10-24,8,Voxmeter,1004.0,q,0.6,0.6
Denmark,2022,denmark_2022_7,2022-10-24,8,Voxmeter,1004.0,ae,8.1,8.1
Denmark,2022,denmark_2022_8,2022-10-21,11,Voxmeter,942.0,a,25.7,25.7
Denmark,2022,denmark_2022_8,2022-10-21,11,Voxmeter,942.0,v,14.2,14.2
Denmark,2022,denmark_2022_8,2022-10-21,11,Voxmeter,942.0,o,2.4,2.4
Denmark,2022,denmark_2022_8,2022-10-21,11,Voxmeter,942.0,b,4.7,4.7
Denmark,2022,denmark_2022_8,2022-10-21,11,Voxmeter,942.0,f,9.1,9.1
Denmark,2022,denmark_2022_8,2022-10-21,11,Voxmeter,942.0,oe,6.8,6.8
Denmark,2022,denmark_2022_8,2022-10-21,11,Voxmeter,942.0,c,6.7,6.7
Denmark,2022,denmark_2022_8,2022-10-21,11,Voxmeter,942.0,aa,2.2,2.2
Denmark,2022,denmark_2022_8,2022-10-21,11,Voxmeter,942.0,d,3.8,3.8
Denmark,2022,denmark_2022_8,2022-10-21,11,Voxmeter,942.0,i,7.5,7.5
Denmark,2022,denmark_2022_8,2022-10-21,11,Voxmeter,942.0,k,0.5,0.5
Denmark,2022,denmark_2022_8,2022-10-21,11,Voxmeter,942.0,m,8.8,8.8
Denmark,2022,denmark_2022_8,2022-10-21,11,Voxmeter,942.0,q,0.5,0.5
Denmark,2022,denmark_2022_8,2022-10-21,11,Voxmeter,942.0,ae,6.8,6.8
Denmark,2022,denmark_2022_9,2022-10-20,12,Epinion,2568.0,a,24.3,24.3
Denmark,2022,denmark_2022_9,2022-10-20,12,Epinion,2568.0,v,12.7,12.7
Denmark,2022,denmark_2022_9,2022-10-20,12,Epinion,2568.0,o,2.4,2.4
Denmark,2022,denmark_2022_9,2022-10-20,12,Epinion,2568.0,b,4.3,4.3
Denmark,2022,denmark_2022_9,2022-10-20,12,Epinion,2568.0,f,8.0,8.0
Denmark,2022,denmark_2022_9,2022-10-20,12,Epinion,2568.0,oe,7.1,7.1
Denmark,2022,denmark_2022_9,2022-10-20,12,Epinion,2568.0,c,7.0,7.0
Denmark,2022,denmark_2022_9,2022-10-20,12,Epinion,2568.0,aa,2.2,2.2
Denmark,2022,denmark_2022_9,2022-10-20,12,Epinion,2568.0,d,4.9,4.9
Denmark,2022,denmark_2022_9,2022-10-20,12,Epinion,2568.0,i,7.0,7.0
Denmark,2022,denmark_2022_9,2022-10-20,12,Epinion,2568.0,k,0.6,0.6
Denmark,2022,denmark_2022_9,2022-10-20,12,Epinion,2568.0,m,9.8,9.8
Denmark,2022,denmark_2022_9,2022-10-20,12,Epinion,2568.0,q,0.8,0.8
Denmark,2022,denmark_2022_9,2022-10-20,12,Epinion,2568.0,ae,8.6,8.6
Denmark,2022,denmark_2022_10,2022-10-18,14,Gallup,1989.0,a,27.7,27.7
Denmark,2022,denmark_2022_10,2022-10-18,14,Gallup,1989.0,v,14.5,14.5
Denmark,2022,denmark_2022_10,2022-10-18,14,Gallup,1989.0,o,2.7,2.7
Denmark,2022,denmark_2022_10,2022-10-18,14,Gallup,1989.0,b,4.5,4.5
Denmark,2022,denmark_2022_10,2022-10-18,14,Gallup,1989.0,f,8.9,8.9
Denmark,2022,denmark_2022_10,2022-10-18,14,Gallup,1989.0,oe,6.9,6.9
Denmark,2022,denmark_2022_10,2022-10-18,14,Gallup,1989.0,c,7.1,7.1
Denmark,2022,denmark_2022_10,2022-10-18,14,Gallup,1989.0,aa,1.5,1.5
Denmark,2022,denmark_2022_10,2022-10-18,14,Gallup,1989.0,d,4.8,4.8
Denmark,2022,denmark_2022_10,2022-10-18,14,Gallup,1989.0,i,6.7,6.7
Denmark,2022,denmark_2022_10,2022-10-18,14,Gallup,1989.0,k,0.7,0.7
Denmark,2022,denmark_2022_10,2022-10-18,14,Gallup,1989.0,m,7.3,7.3
Denmark,2022,denmark_2022_10,2022-10-18,14,Gallup,1989.0,q,0.7,0.7
Denmark,2022,denmark_2022_10,2022-10-18,14,Gallup,1989.0,ae,5.9,5.9
Denmark,2022,denmark_2022_11,2022-10-18,14,Voxmeter,1008.0,a,25.0,25.0
Denmark,2022,denmark_2022_11,2022-10-18,14,Voxmeter,1008.0,v,14.7,14.7
Denmark,2022,denmark_2022_11,2022-10-18,14,Voxmeter,1008.0,o,1.8,1.8
Denmark,2022,denmark_2022_11,2022-10-18,14,Voxmeter,1008.0,b,5.3,5.3
Denmark,2022,denmark_2022_11,2022-10-18,14,Voxmeter,1008.0,f,9.1,9.1
Denmark,2022,denmark_2022_11,2022-10-18,14,Voxmeter,1008.0,oe,7.4,7.4
Denmark,2022,denmark_2022_11,2022-10-18,14,Voxmeter,1008.0,c,7.7,7.7
Denmark,2022,denmark_2022_11,2022-10-18,14,Voxmeter,1008.0,aa,1.6,1.6
Denmark,2022,denmark_2022_11,2022-10-18,14,Voxmeter,1008.0,d,3.9,3.9
Denmark,2022,denmark_2022_11,2022-10-18,14,Voxmeter,1008.0,i,5.7,5.7
Denmark,2022,denmark_2022_11,2022-10-18,14,Voxmeter,1008.0,k,0.6,0.6
Denmark,2022,denmark_2022_11,2022-10-18,14,Voxmeter,1008.0,m,9.2,9.2
Denmark,2022,denmark_2022_11,2022-10-18,14,Voxmeter,1008.0,q,0.5,0.5
Denmark,2022,denmark_2022_11,2022-10-18,14,Voxmeter,1008.0,ae,7.4,7.4
Denmark,2022,denmark_2022_12,2022-10-18,14,Yougov,1343.0,a,30.3,30.3
Denmark,2022,denmark_2022_12,2022-10-18,14,Yougov,1343.0,v,10.6,10.6
Denmark,2022,denmark_2022_12,2022-10-18,14,Yougov,1343.0,o,2.8,2.8
Denmark,2022,denmark_2022_12,2022-10-18,14,Yougov,1343.0,b,3.1,3.1
Denmark,2022,denmark_2022_12,2022-10-18,14,Yougov,1343.0,f,7.2,7.2
Denmark,2022,denmark_2022_12,2022-10-18,14,Yougov,1343.0,oe,5.3,5.3
Denmark,2022,denmark_2022_12,2022-10-18,14,Yougov,1343.0,c,8.0,8.0
Denmark,2022,denmark_2022_12,2022-10-18,14,Yougov,1343.0,aa,2.3,2.3
Denmark,2022,denmark_2022_12,2022-10-18,14,Yougov,1343.0,d,5.1,5.1
Denmark,2022,denmark_2022_12,2022-10-18,14,Yougov,1343.0,i,6.8,6.8
Denmark,2022,denmark_2022_12,2022-10-18,14,Yougov,1343.0,k,0.5,0.5
Denmark,2022,denmark_2022_12,2022-10-18,14,Yougov,1343.0,m,7.9,7.9
Denmark,2022,denmark_2022_12,2022-10-18,14,Yougov,1343.0,q,1.6,1.6
Denmark,2022,denmark_2022_12,2022-10-18,14,Yougov,1343.0,ae,8.3,8.3
Denmark,2022,denmark_2022_13,2022-10-15,17,Voxmeter,1019.0,a,26.1,26.1
Denmark,2022,denmark_2022_13,2022-10-15,17,Voxmeter,1019.0,v,14.4,14.4
Denmark,2022,denmark_2022_13,2022-10-15,17,Voxmeter,1019.0,o,2.6,2.6
Denmark,2022,denmark_2022_13,2022-10-15,17,Voxmeter,1019.0,b,4.8,4.8
Denmark,2022,denmark_2022_13,2022-10-15,17,Voxmeter,1019.0,f,8.7,8.7
Denmark,2022,denmark_2022_13,2022-10-15,17,Voxmeter,1019.0,oe,6.6,6.6
Denmark,2022,denmark_2022_13,2022-10-15,17,Voxmeter,1019.0,c,8.9,8.9
Denmark,2022,denmark_2022_13,2022-10-15,17,Voxmeter,1019.0,aa,1.9,1.9
Denmark,2022,denmark_2022_13,2022-10-15,17,Voxmeter,1019.0,d,4.5,4.5
Denmark,2022,denmark_2022_13,2022-10-15,17,Voxmeter,1019.0,i,6.1,6.1
Denmark,2022,denmark_2022_13,2022-10-15,17,Voxmeter,1019.0,k,0.9,0.9
Denmark,2022,denmark_2022_13,2022-10-15,17,Voxmeter,1019.0,m,6.1,6.1
Denmark,2022,denmark_2022_13,2022-10-15,17,Voxmeter,1019.0,q,0.4,0.4
Denmark,2022,denmark_2022_13,2022-10-15,17,Voxmeter,1019.0,ae,7.9,7.9
Denmark,2022,denmark_2022_14,2022-10-13,19,Epinion,2645.0,a,25.9,25.9
Denmark,2022,denmark_2022_14,2022-10-13,19,Epinion,2645.0,v,12.9,12.9
Denmark,2022,denmark_2022_14,2022-10-13,19,Epinion,2645.0,o,2.3,2.3
Denmark,2022,denmark_2022_14,2022-10-13,19,Epinion,2645.0,b,4.9,4.9
Denmark,2022,denmark_2022_14,2022-10-13,19,Epinion,2645.0,f,8.3,8.3
Denmark,2022,denmark_2022_14,2022-10-13,19,Epinion,2645.0,oe,6.5,6.5
Denmark,2022,denmark_2022_14,2022-10-13,19,Epinion,2645.0,c,8.6,8.6
Denmark,2022,denmark_2022_14,2022-10-13,19,Epinion,2645.0,aa,2.4,2.4
Denmark,2022,denmark_2022_14,2022-10-13,19,Epinion,2645.0,d,5.9,5.9
Denmark,2022,denmark_2022_14,2022-10-13,19,Epinion,2645.0,i,5.8,5.8
Denmark,2022,denmark_2022_14,2022-10-13,19,Epinion,2645.0,k,0.4,0.4
Denmark,2022,denmark_2022_14,2022-10-13,19,Epinion,2645.0,m,6.9,6.9
Denmark,2022,denmark_2022_14,2022-10-13,19,Epinion,2645.0,q,0.7,0.7
Denmark,2022,denmark_2022_14,2022-10-13,19,Epinion,2645.0,ae,8.0,8.0
Denmark,2022,denmark_2022_15,2022-10-12,20,Gallup,1995.0,a,27.4,27.4
Denmark,2022,denmark_2022_15,2022-10-12,20,Gallup,1995.0,v,12.9,12.9
Denmark,2022,denmark_2022_15,2022-10-12,20,Gallup,1995.0,o,3.1,3.1
Denmark,2022,denmark_2022_15,2022-10-12,20,Gallup,1995.0,b,5.1,5.1
Denmark,2022,denmark_2022_15,2022-10-12,20,Gallup,1995.0,f,8.5,8.5
Denmark,2022,denmark_2022_15,2022-10-12,20,Gallup,1995.0,oe,6.1,6.1
Denmark,2022,denmark_2022_15,2022-10-12,20,Gallup,1995.0,c,9.9,9.9
Denmark,2022,denmark_2022_15,2022-10-12,20,Gallup,1995.0,aa,1.6,1.6
Denmark,2022,denmark_2022_15,2022-10-12,20,Gallup,1995.0,d,4.5,4.5
Denmark,2022,denmark_2022_15,2022-10-12,20,Gallup,1995.0,i,5.5,5.5
Denmark,2022,denmark_2022_15,2022-10-12,20,Gallup,1995.0,k,1.4,1.4
Denmark,2022,denmark_2022_15,2022-10-12,20,Gallup,1995.0,m,5.5,5.5
Denmark,2022,denmark_2022_15,2022-10-12,20,Gallup,1995.0,q,0.5,0.5
Denmark,2022,denmark_2022_15,2022-10-12,20,Gallup,1995.0,ae,8.0,8.0
Denmark,2022,denmark_2022_16,2022-10-12,20,Voxmeter,1019.0,a,27.5,27.5
Denmark,2022,denmark_2022_16,2022-10-12,20,Voxmeter,1019.0,v,14.3,14.3
Denmark,2022,denmark_2022_16,2022-10-12,20,Voxmeter,1019.0,o,2.4,2.4
Denmark,2022,denmark_2022_16,2022-10-12,20,Voxmeter,1019.0,b,4.2,4.2
Denmark,2022,denmark_2022_16,2022-10-12,20,Voxmeter,1019.0,f,7.9,7.9
Denmark,2022,denmark_2022_16,2022-10-12,20,Voxmeter,1019.0,oe,7.2,7.2
Denmark,2022,denmark_2022_16,2022-10-12,20,Voxmeter,1019.0,c,8.9,8.9
Denmark,2022,denmark_2022_16,2022-10-12,20,Voxmeter,1019.0,aa,2.4,2.4
Denmark,2022,denmark_2022_16,2022-10-12,20,Voxmeter,1019.0,d,3.9,3.9
Denmark,2022,denmark_2022_16,2022-10-12,20,Voxmeter,1019.0,i,5.0,5.0
Denmark,2022,denmark_2022_16,2022-10-12,20,Voxmeter,1019.0,k,0.7,0.7
Denmark,2022,denmark_2022_16,2022-10-12,20,Voxmeter,1019.0,m,6.1,6.1
Denmark,2022,denmark_2022_16,2022-10-12,20,Voxmeter,1019.0,q,0.8,0.8
Denmark,2022,denmark_2022_16,2022-10-12,20,Voxmeter,1019.0,ae,8.7,8.7
Denmark,2022,denmark_2022_17,2022-10-11,21,Yougov,1271.0,a,30.6,30.6
Denmark,2022,denmark_2022_17,2022-10-11,21,Yougov,1271.0,v,10.5,10.5
Denmark,2022,denmark_2022_17,2022-10-11,21,Yougov,1271.0,o,3.4,3.4
Denmark,2022,denmark_2022_17,2022-10-11,21,Yougov,1271.0,b,4.3,4.3
Denmark,2022,denmark_2022_17,2022-10-11,21,Yougov,1271.0,f,8.1,8.1
Denmark,2022,denmark_2022_17,2022-10-11,21,Yougov,1271.0,oe,5.1,5.1
Denmark,2022,denmark_2022_17,2022-10-11,21,Yougov,1271.0,c,10.4,10.4
Denmark,2022,denmark_2022_17,2022-10-11,21,Yougov,1271.0,aa,1.7,1.7
Denmark,2022,denmark_2022_17,2022-10-11,21,Yougov,1271.0,d,4.4,4.4
Denmark,2022,denmark_2022_17,2022-10-11,21,Yougov,1271.0,i,5.5,5.5
Denmark,2022,denmark_2022_17,2022-10-11,21,Yougov,1271.0,k,0.1,0.1
Denmark,2022,denmark_2022_17,2022-10-11,21,Yougov,1271.0,m,4.4,4.4
Denmark,2022,denmark_2022_17,2022-10-11,21,Yougov,1271.0,q,0.6,0.6
Denmark,2022,denmark_2022_17,2022-10-11,21,Yougov,1271.0,ae,10.6,10.6
Denmark,2022,denmark_2022_18,2022-10-09,23,Voxmeter,1015.0,a,27.1,27.1
Denmark,2022,denmark_2022_18,2022-10-09,23,Voxmeter,1015.0,v,13.8,13.8
Denmark,2022,denmark_2022_18,2022-10-09,23,Voxmeter,1015.0,o,2.3,2.3
Denmark,2022,denmark_2022_18,2022-10-09,23,Voxmeter,1015.0,b,5.0,5.0
Denmark,2022,denmark_2022_18,2022-10-09,23,Voxmeter,1015.0,f,8.7,8.7
Denmark,2022,denmark_2022_18,2022-10-09,23,Voxmeter,1015.0,oe,6.7,6.7
Denmark,2022,denmark_2022_18,2022-10-09,23,Voxmeter,1015.0,c,9.8,9.8
Denmark,2022,denmark_2022_18,2022-10-09,23,Voxmeter,1015.0,aa,2.0,2.0
Denmark,2022,denmark_2022_18,2022-10-09,23,Voxmeter,1015.0,d,4.9,4.9
Denmark,2022,denmark_2022_18,2022-10-09,23,Voxmeter,1015.0,i,5.3,5.3
Denmark,2022,denmark_2022_18,2022-10-09,23,Voxmeter,1015.0,k,0.6,0.6
Denmark,2022,denmark_2022_18,2022-10-09,23,Voxmeter,1015.0,m,4.1,4.1
Denmark,2022,denmark_2022_18,2022-10-09,23,Voxmeter,1015.0,q,0.6,0.6
Denmark,2022,denmark_2022_18,2022-10-09,23,Voxmeter,1015.0,ae,9.0,9.0
Denmark,2022,denmark_2022_19,2022-10-07,25,Yougov,1010.0,a,29.3,29.3
Denmark,2022,denmark_2022_19,2022-10-07,25,Yougov,1010.0,v,9.5,9.5
Denmark,2022,denmark_2022_19,2022-10-07,25,Yougov,1010.0,o,2.9,2.9
Denmark,2022,denmark_2022_19,2022-10-07,25,Yougov,1010.0,b,3.5,3.5
Denmark,2022,denmark_2022_19,2022-10-07,25,Yougov,1010.0,f,8.0,8.0
Denmark,2022,denmark_2022_19,2022-10-07,25,Yougov,1010.0,oe,8.2,8.2
Denmark,2022,denmark_2022_19,2022-10-07,25,Yougov,1010.0,c,10.8,10.8
Denmark,2022,denmark_2022_19,2022-10-07,25,Yougov,1010.0,aa,1.0,1.0
Denmark,2022,denmark_2022_19,2022-10-07,25,Yougov,1010.0,d,5.3,5.3
Denmark,2022,denmark_2022_19,2022-10-07,25,Yougov,1010.0,i,4.4,4.4
Denmark,2022,denmark_2022_19,2022-10-07,25,Yougov,1010.0,k,0.1,0.1
Denmark,2022,denmark_2022_19,2022-10-07,25,Yougov,1010.0,m,5.2,5.2
Denmark,2022,denmark_2022_19,2022-10-07,25,Yougov,1010.0,q,0.6,0.6
Denmark,2022,denmark_2022_19,2022-10-07,25,Yougov,1010.0,ae,11.2,11.2
Denmark,2022,denmark_2022_20,2022-10-06,26,Gallup,1726.0,a,26.7,26.7
Denmark,2022,denmark_2022_20,2022-10-06,26,Gallup,1726.0,v,13.2,13.2
Denmark,2022,denmark_2022_20,2022-10-06,26,Gallup,1726.0,o,2.1,2.1
Denmark,2022,denmark_2022_20,2022-10-06,26,Gallup,1726.0,b,3.8,3.8
Denmark,2022,denmark_2022_20,2022-10-06,26,Gallup,1726.0,f,8.9,8.9
Denmark,2022,denmark_2022_20,2022-10-06,26,Gallup,1726.0,oe,6.6,6.6
Denmark,2022,denmark_2022_20,2022-10-06,26,Gallup,1726.0,c,11.2,11.2
Denmark,2022,denmark_2022_20,2022-10-06,26,Gallup,1726.0,aa,1.6,1.6
Denmark,2022,denmark_2022_20,2022-10-06,26,Gallup,1726.0,d,3.6,3.6
Denmark,2022,denmark_2022_20,2022-10-06,26,Gallup,1726.0,i,4.4,4.4
Denmark,2022,denmark_2022_20,2022-10-06,26,Gallup,1726.0,k,0.5,0.5
Denmark,2022,denmark_2022_20,2022-10-06,26,Gallup,1726.0,m,6.1,6.1
Denmark,2022,denmark_2022_20,2022-10-06,26,Gallup,1726.0,q,0.5,0.5
Denmark,2022,denmark_2022_20,2022-10-06,26,Gallup,1726.0,ae,10.7,10.7
Denmark,2022,denmark_2022_21,2022-10-06,26,Voxmeter,1094.0,a,27.5,27.5
Denmark,2022,denmark_2022_21,2022-10-06,26,Voxmeter,1094.0,v,14.6,14.6
Denmark,2022,denmark_2022_21,2022-10-06,26,Voxmeter,1094.0,o,1.7,1.7
Denmark,2022,denmark_2022_21,2022-10-06,26,Voxmeter,1094.0,b,5.4,5.4
Denmark,2022,denmark_2022_21,2022-10-06,26,Voxmeter,1094.0,f,8.3,8.3
Denmark,2022,denmark_2022_21,2022-10-06,26,Voxmeter,1094.0,oe,7.1,7.1
Denmark,2022,denmark_2022_21,2022-10-06,26,Voxmeter,1094.0,c,11.4,11.4
Denmark,2022,denmark_2022_21,2022-10-06,26,Voxmeter,1094.0,aa,1.2,1.2
Denmark,2022,denmark_2022_21,2022-10-06,26,Voxmeter,1094.0,d,4.7,4.7
Denmark,2022,denmark_2022_21,2022-10-06,26,Voxmeter,1094.0,i,5.6,5.6
Denmark,2022,denmark_2022_21,2022-10-06,26,Voxmeter,1094.0,k,0.8,0.8
Denmark,2022,denmark_2022_21,2022-10-06,26,Voxmeter,1094.0,m,3.3,3.3
Denmark,2022,denmark_2022_21,2022-10-06,26,Voxmeter,1094.0,q,0.3,0.3
Denmark,2022,denmark_2022_21,2022-10-06,26,Voxmeter,1094.0,ae,7.9,7.9
Denmark,2022,denmark_2022_22,2022-10-05,27,Epinion,1911.0,a,27.3,27.3
Denmark,2022,denmark_2022_22,2022-10-05,27,Epinion,1911.0,v,12.7,12.7
Denmark,2022,denmark_2022_22,2022-10-05,27,Epinion,1911.0,o,1.8,1.8
Denmark,2022,denmark_2022_22,2022-10-05,27,Epinion,1911.0,b,4.9,4.9
Denmark,2022,denmark_2022_22,2022-10-05,27,Epinion,1911.0,f,8.1,8.1
Denmark,2022,denmark_2022_22,2022-10-05,27,Epinion,1911.0,oe,6.7,6.7
Denmark,2022,denmark_2022_22,2022-10-05,27,Epinion,1911.0,c,11.2,11.2
Denmark,2022,denmark_2022_22,2022-10-05,27,Epinion,1911.0,aa,1.3,1.3
Denmark,2022,denmark_2022_22,2022-10-05,27,Epinion,1911.0,d,6.3,6.3
Denmark,2022,denmark_2022_22,2022-10-05,27,Epinion,1911.0,i,4.1,4.1
Denmark,2022,denmark_2022_22,2022-10-05,27,Epinion,1911.0,k,0.4,0.4
Denmark,2022,denmark_2022_22,2022-10-05,27,Epinion,1911.0,m,3.7,3.7
Denmark,2022,denmark_2022_22,2022-10-05,27,Epinion,1911.0,q,0.7,0.7
Denmark,2022,denmark_2022_22,2022-10-05,27,Epinion,1911.0,ae,10.3,10.3
Denmark,2022,denmark_2022_23,2022-10-02,30,Gallup,1607.0,a,24.4,24.4
Denmark,2022,denmark_2022_23,2022-10-02,30,Gallup,1607.0,v,11.9,11.9
Denmark,2022,denmark_2022_23,2022-10-02,30,Gallup,1607.0,o,1.9,1.9
Denmark,2022,denmark_2022_23,2022-10-02,30,Gallup,1607.0,b,6.8,6.8
Denmark,2022,denmark_2022_23,2022-10-02,30,Gallup,1607.0,f,7.9,7.9
Denmark,2022,denmark_2022_23,2022-10-02,30,Gallup,1607.0,oe,8.7,8.7
Denmark,2022,denmark_2022_23,2022-10-02,30,Gallup,1607.0,c,12.3,12.3
Denmark,2022,denmark_2022_23,2022-10-02,30,Gallup,1607.0,aa,1.2,1.2
Denmark,2022,denmark_2022_23,2022-10-02,30,Gallup,1607.0,d,6.0,6.0
Denmark,2022,denmark_2022_23,2022-10-02,30,Gallup,1607.0,i,4.0,4.0
Denmark,2022,denmark_2022_23,2022-10-02,30,Gallup,1607.0,k,1.3,1.3
Denmark,2022,denmark_2022_23,2022-10-02,30,Gallup,1607.0,m,3.4,3.4
Denmark,2022,denmark_2022_23,2022-10-02,30,Gallup,1607.0,q,0.3,0.3
Denmark,2022,denmark_2022_23,2022-10-02,30,Gallup,1607.0,ae,9.8,9.8
Denmark,2022,denmark_2022_24,2022-10-02,30,Voxmeter,1001.0,a,25.3,25.3
Denmark,2022,denmark_2022_24,2022-10-02,30,Voxmeter,1001.0,v,15.5,15.5
Denmark,2022,denmark_2022_24,2022-10-02,30,Voxmeter,1001.0,o,3.3,3.3
Denmark,2022,denmark_2022_24,2022-10-02,30,Voxmeter,1001.0,b,6.0,6.0
Denmark,2022,denmark_2022_24,2022-10-02,30,Voxmeter,1001.0,f,8.8,8.8
Denmark,2022,denmark_2022_24,2022-10-02,30,Voxmeter,1001.0,oe,8.0,8.0
Denmark,2022,denmark_2022_24,2022-10-02,30,Voxmeter,1001.0,c,11.0,11.0
Denmark,2022,denmark_2022_24,2022-10-02,30,Voxmeter,1001.0,aa,1.5,1.5
Denmark,2022,denmark_2022_24,2022-10-02,30,Voxmeter,1001.0,d,4.7,4.7
Denmark,2022,denmark_2022_24,2022-10-02,30,Voxmeter,1001.0,i,4.2,4.2
Denmark,2022,denmark_2022_24,2022-10-02,30,Voxmeter,1001.0,k,0.7,0.7
Denmark,2022,denmark_2022_24,2022-10-02,30,Voxmeter,1001.0,m,2.2,2.2
Denmark,2022,denmark_2022_24,2022-10-02,30,Voxmeter,1001.0,q,0.4,0.4
Denmark,2022,denmark_2022_24,2022-10-02,30,Voxmeter,1001.0,ae,8.4,8.4
Denmark,2022,denmark_2022_25,2022-09-25,37,Voxmeter,1004.0,a,25.1,25.1
Denmark,2022,denmark_2022_25,2022-09-25,37,Voxmeter,1004.0,v,14.1,14.1
Denmark,2022,denmark_2022_25,2022-09-25,37,Voxmeter,1004.0,o,2.5,2.5
Denmark,2022,denmark_2022_25,2022-09-25,37,Voxmeter,1004.0,b,6.5,6.5
Denmark,2022,denmark_2022_25,2022-09-25,37,Voxmeter,1004.0,f,8.3,8.3
Denmark,2022,denmark_2022_25,2022-09-25,37,Voxmeter,1004.0,oe,7.3,7.3
Denmark,2022,denmark_2022_25,2022-09-25,37,Voxmeter,1004.0,c,11.6,11.6
Denmark,2022,denmark_2022_25,2022-09-25,37,Voxmeter,1004.0,aa,1.1,1.1
Denmark,2022,denmark_2022_25,2022-09-25,37,Voxmeter,1004.0,d,5.1,5.1
Denmark,2022,denmark_2022_25,2022-09-25,37,Voxmeter,1004.0,i,4.6,4.6
Denmark,2022,denmark_2022_25,2022-09-25,37,Voxmeter,1004.0,k,1.2,1.2
Denmark,2022,denmark_2022_25,2022-09-25,37,Voxmeter,1004.0,m,2.4,2.4
Denmark,2022,denmark_2022_25,2022-09-25,37,Voxmeter,1004.0,q,0.6,0.6
Denmark,2022,denmark_2022_25,2022-09-25,37,Voxmeter,1004.0,ae,9.1,9.1
Denmark,2022,denmark_2022_26,2022-09-20,42,Epinion,2270.0,a,25.4,25.4
Denmark,2022,denmark_2022_26,2022-09-20,42,Epinion,2270.0,v,11.9,11.9
Denmark,2022,denmark_2022_26,2022-09-20,42,Epinion,2270.0,o,1.9,1.9
Denmark,2022,denmark_2022_26,2022-09-20,42,Epinion,2270.0,b,4.6,4.6
Denmark,2022,denmark_2022_26,2022-09-20,42,Epinion,2270.0,f,7.6,7.6
Denmark,2022,denmark_2022_26,2022-09-20,42,Epinion,2270.0,oe,8.1,8.1
Denmark,2022,denmark_2022_26,2022-09-20,42,Epinion,2270.0,c,13.4,13.4
Denmark,2022,denmark_2022_26,2022-09-20,42,Epinion,2270.0,aa,0.9,0.9
Denmark,2022,denmark_2022_26,2022-09-20,42,Epinion,2270.0,d,4.6,4.6
Denmark,2022,denmark_2022_26,2022-09-20,42,Epinion,2270.0,i,5.3,5.3
Denmark,2022,denmark_2022_26,2022-09-20,42,Epinion,2270.0,k,0.3,0.3
Denmark,2022,denmark_2022_26,2022-09-20,42,Epinion,2270.0,m,3.3,3.3
Denmark,2022,denmark_2022_26,2022-09-20,42,Epinion,2270.0,q,1.0,1.0
Denmark,2022,denmark_2022_26,2022-09-20,42,Epinion,2270.0,ae,10.8,10.8
Denmark,2022,denmark_2022_27,2022-09-18,44,Voxmeter,1001.0,a,24.2,24.2
Denmark,2022,denmark_2022_27,2022-09-18,44,Voxmeter,1001.0,v,13.9,13.9
Denmark,2022,denmark_2022_27,2022-09-18,44,Voxmeter,1001.0,o,2.1,2.1
Denmark,2022,denmark_2022_27,2022-09-18,44,Voxmeter,1001.0,b,6.3,6.3
Denmark,2022,denmark_2022_27,2022-09-18,44,Voxmeter,1001.0,f,8.4,8.4
Denmark,2022,denmark_2022_27,2022-09-18,44,Voxmeter,1001.0,oe,8.3,8.3
Denmark,2022,denmark_2022_27,2022-09-18,44,Voxmeter,1001.0,c,13.6,13.6
Denmark,2022,denmark_2022_27,2022-09-18,44,Voxmeter,1001.0,aa,0.8,0.8
Denmark,2022,denmark_2022_27,2022-09-18,44,Voxmeter,1001.0,d,4.8,4.8
Denmark,2022,denmark_2022_27,2022-09-18,44,Voxmeter,1001.0,i,4.3,4.3
Denmark,2022,denmark_2022_27,2022-09-18,44,Voxmeter,1001.0,k,1.3,1.3
Denmark,2022,denmark_2022_27,2022-09-18,44,Voxmeter,1001.0,m,1.8,1.8
Denmark,2022,denmark_2022_27,2022-09-18,44,Voxmeter,1001.0,q,0.4,0.4
Denmark,2022,denmark_2022_27,2022-09-18,44,Voxmeter,1001.0,ae,9.3,9.3
Denmark,2022,denmark_2022_28,2022-09-11,51,Voxmeter,1003.0,a,23.3,23.3
Denmark,2022,denmark_2022_28,2022-09-11,51,Voxmeter,1003.0,v,13.8,13.8
Denmark,2022,denmark_2022_28,2022-09-11,51,Voxmeter,1003.0,o,2.9,2.9
Denmark,2022,denmark_2022_28,2022-09-11,51,Voxmeter,1003.0,b,6.0,6.0
Denmark,2022,denmark_2022_28,2022-09-11,51,Voxmeter,1003.0,f,9.1,9.1
Denmark,2022,denmark_2022_28,2022-09-11,51,Voxmeter,1003.0,oe,7.7,7.7
Denmark,2022,denmark_2022_28,2022-09-11,51,Voxmeter,1003.0,c,15.1,15.1
Denmark,2022,denmark_2022_28,2022-09-11,51,Voxmeter,1003.0,aa,1.4,1.4
Denmark,2022,denmark_2022_28,2022-09-11,51,Voxmeter,1003.0,d,4.9,4.9
Denmark,2022,denmark_2022_28,2022-09-11,51,Voxmeter,1003.0,i,3.6,3.6
Denmark,2022,denmark_2022_28,2022-09-11,51,Voxmeter,1003.0,k,0.5,0.5
Denmark,2022,denmark_2022_28,2022-09-11,51,Voxmeter,1003.0,m,2.1,2.1
Denmark,2022,denmark_2022_28,2022-09-11,51,Voxmeter,1003.0,q,0.5,0.5
Denmark,2022,denmark_2022_28,2022-09-11,51,Voxmeter,1003.0,ae,9.0,9.0
Denmark,2022,denmark_2022_29,2022-09-04,58,Voxmeter,1002.0,a,24.7,24.7
Denmark,2022,denmark_2022_29,2022-09-04,58,Voxmeter,1002.0,v,12.5,12.5
Denmark,2022,denmark_2022_29,2022-09-04,58,Voxmeter,1002.0,o,3.3,3.3
Denmark,2022,denmark_2022_29,2022-09-04,58,Voxmeter,1002.0,b,6.4,6.4
Denmark,2022,denmark_2022_29,2022-09-04,58,Voxmeter,1002.0,f,8.0,8.0
Denmark,2022,denmark_2022_29,2022-09-04,58,Voxmeter,1002.0,oe,7.2,7.2
Denmark,2022,denmark_2022_29,2022-09-04,58,Voxmeter,1002.0,c,16.2,16.2
Denmark,2022,denmark_2022_29,2022-09-04,58,Voxmeter,1002.0,aa,1.6,1.6
Denmark,2022,denmark_2022_29,2022-09-04,58,Voxmeter,1002.0,d,4.3,4.3
Denmark,2022,denmark_2022_29,2022-09-04,58,Voxmeter,1002.0,i,3.4,3.4
Denmark,2022,denmark_2022_29,2022-09-04,58,Voxmeter,1002.0,k,1.0,1.0
Denmark,2022,denmark_2022_29,2022-09-04,58,Voxmeter,1002.0,m,1.7,1.7
Denmark,2022,denmark_2022_29,2022-09-04,58,Voxmeter,1002.0,q,0.3,0.3
Denmark,2022,denmark_2022_29,2022-09-04,58,Voxmeter,1002.0,ae,9.3,9.3
Denmark,2022,denmark_2022_30,2022-09-02,60,Gallup,,a,23.1,23.1
Denmark,2022,denmark_2022_30,2022-09-02,60,Gallup,,v,12.2,12.2
Denmark,2022,denmark_2022_30,2022-09-02,60,Gallup,,o,2.4,2.4
Denmark,2022,denmark_2022_30,2022-09-02,60,Gallup,,b,6.4,6.4
Denmark,2022,denmark_2022_30,2022-09-02,60,Gallup,,f,8.8,8.8
Denmark,2022,denmark_2022_30,2022-09-02,60,Gallup,,oe,8.3,8.3
Denmark,2022,denmark_2022_30,2022-09-02,60,Gallup,,c,14.1,14.1
Denmark,2022,denmark_2022_30,2022-09-02,60,Gallup,,aa,0.5,0.5
Denmark,2022,denmark_2022_30,2022-09-02,60,Gallup,,d,4.2,4.2
Denmark,2022,denmark_2022_30,2022-09-02,60,Gallup,,i,3.5,3.5
Denmark,2022,denmark_2022_30,2022-09-02,60,Gallup,,k,1.4,1.4
Denmark,2022,denmark_2022_30,2022-09-02,60,Gallup,,m,3.3,3.3
Denmark,2022,denmark_2022_30,2022-09-02,60,Gallup,,q,0.7,0.7
Denmark,2022,denmark_2022_30,2022-09-02,60,Gallup,,ae,10.2,10.2
Denmark,2022,denmark_2022_31,2022-08-28,65,Voxmeter,1001.0,a,25.2,25.2
Denmark,2022,denmark_2022_31,2022-08-28,65,Voxmeter,1001.0,v,11.8,11.8
Denmark,2022,denmark_2022_31,2022-08-28,65,Voxmeter,1001.0,o,3.4,3.4
Denmark,2022,denmark_2022_31,2022-08-28,65,Voxmeter,1001.0,b,5.7,5.7
Denmark,2022,denmark_2022_31,2022-08-28,65,Voxmeter,1001.0,f,7.8,7.8
Denmark,2022,denmark_2022_31,2022-08-28,65,Voxmeter,1001.0,oe,8.1,8.1
Denmark,2022,denmark_2022_31,2022-08-28,65,Voxmeter,1001.0,c,16.4,16.4
Denmark,2022,denmark_2022_31,2022-08-28,65,Voxmeter,1001.0,aa,1.4,1.4
Denmark,2022,denmark_2022_31,2022-08-28,65,Voxmeter,1001.0,d,3.7,3.7
Denmark,2022,denmark_2022_31,2022-08-28,65,Voxmeter,1001.0,i,4.0,4.0
Denmark,2022,denmark_2022_31,2022-08-28,65,Voxmeter,1001.0,k,0.4,0.4
Denmark,2022,denmark_2022_31,2022-08-28,65,Voxmeter,1001.0,m,2.3,2.3
Denmark,2022,denmark_2022_31,2022-08-28,65,Voxmeter,1001.0,q,0.4,0.4
Denmark,2022,denmark_2022_31,2022-08-28,65,Voxmeter,1001.0,ae,8.9,8.9
Denmark,2022,denmark_2022_32,2022-08-24,69,Epinion,1068.0,a,23.3,23.3
Denmark,2022,denmark_2022_32,2022-08-24,69,Epinion,1068.0,v,11.3,11.3
Denmark,2022,denmark_2022_32,2022-08-24,69,Epinion,1068.0,o,2.2,2.2
Denmark,2022,denmark_2022_32,2022-08-24,69,Epinion,1068.0,b,5.5,5.5
Denmark,2022,denmark_2022_32,2022-08-24,69,Epinion,1068.0,f,8.7,8.7
Denmark,2022,denmark_2022_32,2022-08-24,69,Epinion,1068.0,oe,7.3,7.3
Denmark,2022,denmark_2022_32,2022-08-24,69,Epinion,1068.0,c,16.7,16.7
Denmark,2022,denmark_2022_32,2022-08-24,69,Epinion,1068.0,aa,1.1,1.1
Denmark,2022,denmark_2022_32,2022-08-24,69,Epinion,1068.0,d,4.1,4.1
Denmark,2022,denmark_2022_32,2022-08-24,69,Epinion,1068.0,i,3.1,3.1
Denmark,2022,denmark_2022_32,2022-08-24,69,Epinion,1068.0,k,0.7,0.7
Denmark,2022,denmark_2022_32,2022-08-24,69,Epinion,1068.0,m,2.8,2.8
Denmark,2022,denmark_2022_32,2022-08-24,69,Epinion,1068.0,q,0.5,0.5
Denmark,2022,denmark_2022_32,2022-08-24,69,Epinion,1068.0,ae,11.8,11.8
Denmark,2022,denmark_2022_33,2022-08-21,72,Voxmeter,1068.0,a,25.1,25.1
Denmark,2022,denmark_2022_33,2022-08-21,72,Voxmeter,1068.0,v,11.0,11.0
Denmark,2022,denmark_2022_33,2022-08-21,72,Voxmeter,1068.0,o,3.2,3.2
Denmark,2022,denmark_2022_33,2022-08-21,72,Voxmeter,1068.0,b,5.6,5.6
Denmark,2022,denmark_2022_33,2022-08-21,72,Voxmeter,1068.0,f,7.6,7.6
Denmark,2022,denmark_2022_33,2022-08-21,72,Voxmeter,1068.0,oe,7.5,7.5
Denmark,2022,denmark_2022_33,2022-08-21,72,Voxmeter,1068.0,c,16.5,16.5
Denmark,2022,denmark_2022_33,2022-08-21,72,Voxmeter,1068.0,aa,1.2,1.2
Denmark,2022,denmark_2022_33,2022-08-21,72,Voxmeter,1068.0,d,4.3,4.3
Denmark,2022,denmark_2022_33,2022-08-21,72,Voxmeter,1068.0,i,4.9,4.9
Denmark,2022,denmark_2022_33,2022-08-21,72,Voxmeter,1068.0,k,0.6,0.6
Denmark,2022,denmark_2022_33,2022-08-21,72,Voxmeter,1068.0,m,1.9,1.9
Denmark,2022,denmark_2022_33,2022-08-21,72,Voxmeter,1068.0,q,0.5,0.5
Denmark,2022,denmark_2022_33,2022-08-21,72,Voxmeter,1068.0,ae,9.3,9.3
Denmark,2022,denmark_2022_34,2022-08-14,79,Voxmeter,1051.0,a,23.9,23.9
Denmark,2022,denmark_2022_34,2022-08-14,79,Voxmeter,1051.0,v,13.4,13.4
Denmark,2022,denmark_2022_34,2022-08-14,79,Voxmeter,1051.0,o,2.5,2.5
Denmark,2022,denmark_2022_34,2022-08-14,79,Voxmeter,1051.0,b,6.3,6.3
Denmark,2022,denmark_2022_34,2022-08-14,79,Voxmeter,1051.0,f,8.5,8.5
Denmark,2022,denmark_2022_34,2022-08-14,79,Voxmeter,1051.0,oe,8.1,8.1
Denmark,2022,denmark_2022_34,2022-08-14,79,Voxmeter,1051.0,c,13.3,13.3
Denmark,2022,denmark_2022_34,2022-08-14,79,Voxmeter,1051.0,aa,0.5,0.5
Denmark,2022,denmark_2022_34,2022-08-14,79,Voxmeter,1051.0,d,5.8,5.8
Denmark,2022,denmark_2022_34,2022-08-14,79,Voxmeter,1051.0,i,4.3,4.3
Denmark,2022,denmark_2022_34,2022-08-14,79,Voxmeter,1051.0,k,1.0,1.0
Denmark,2022,denmark_2022_34,2022-08-14,79,Voxmeter,1051.0,m,2.2,2.2
Denmark,2022,denmark_2022_34,2022-08-14,79,Voxmeter,1051.0,q,0.2,0.2
Denmark,2022,denmark_2022_34,2022-08-14,79,Voxmeter,1051.0,ae,9.7,9.7
Denmark,2022,denmark_2022_35,2022-08-07,86,Yougov,1242.0,a,26.1,26.1
Denmark,2022,denmark_2022_35,2022-08-07,86,Yougov,1242.0,v,10.0,10.0
Denmark,2022,denmark_2022_35,2022-08-07,86,Yougov,1242.0,o,3.1,3.1
Denmark,2022,denmark_2022_35,2022-08-07,86,Yougov,1242.0,b,5.2,5.2
Denmark,2022,denmark_2022_35,2022-08-07,86,Yougov,1242.0,f,7.2,7.2
Denmark,2022,denmark_2022_35,2022-08-07,86,Yougov,1242.0,oe,6.9,6.9
Denmark,2022,denmark_2022_35,2022-08-07,86,Yougov,1242.0,c,13.9,13.9
Denmark,2022,denmark_2022_35,2022-08-07,86,Yougov,1242.0,aa,1.0,1.0
Denmark,2022,denmark_2022_35,2022-08-07,86,Yougov,1242.0,d,5.2,5.2
Denmark,2022,denmark_2022_35,2022-08-07,86,Yougov,1242.0,i,3.2,3.2
Denmark,2022,denmark_2022_35,2022-08-07,86,Yougov,1242.0,k,0.3,0.3
Denmark,2022,denmark_2022_35,2022-08-07,86,Yougov,1242.0,m,4.6,4.6
Denmark,2022,denmark_2022_35,2022-08-07,86,Yougov,1242.0,q,0.6,0.6
Denmark,2022,denmark_2022_35,2022-08-07,86,Yougov,1242.0,ae,11.9,11.9
Denmark,2022,denmark_2022_36,2022-08-06,87,Voxmeter,1001.0,a,22.9,22.9
Denmark,2022,denmark_2022_36,2022-08-06,87,Voxmeter,1001.0,v,15.2,15.2
Denmark,2022,denmark_2022_36,2022-08-06,87,Voxmeter,1001.0,o,2.8,2.8
Denmark,2022,denmark_2022_36,2022-08-06,87,Voxmeter,1001.0,b,7.2,7.2
Denmark,2022,denmark_2022_36,2022-08-06,87,Voxmeter,1001.0,f,8.3,8.3
Denmark,2022,denmark_2022_36,2022-08-06,87,Voxmeter,1001.0,oe,7.4,7.4
Denmark,2022,denmark_2022_36,2022-08-06,87,Voxmeter,1001.0,c,12.5,12.5
Denmark,2022,denmark_2022_36,2022-08-06,87,Voxmeter,1001.0,aa,1.2,1.2
Denmark,2022,denmark_2022_36,2022-08-06,87,Voxmeter,1001.0,d,4.7,4.7
Denmark,2022,denmark_2022_36,2022-08-06,87,Voxmeter,1001.0,i,3.2,3.2
Denmark,2022,denmark_2022_36,2022-08-06,87,Voxmeter,1001.0,k,0.4,0.4
Denmark,2022,denmark_2022_36,2022-08-06,87,Voxmeter,1001.0,m,1.9,1.9
Denmark,2022,denmark_2022_36,2022-08-06,87,Voxmeter,1001.0,q,0.3,0.3
Denmark,2022,denmark_2022_36,2022-08-06,87,Voxmeter,1001.0,ae,11.2,11.2
Denmark,2022,denmark_2022_37,2022-08-05,88,Gallup,1577.0,a,23.5,23.5
Denmark,2022,denmark_2022_37,2022-08-05,88,Gallup,1577.0,v,13.2,13.2
Denmark,2022,denmark_2022_37,2022-08-05,88,Gallup,1577.0,o,1.8,1.8
Denmark,2022,denmark_2022_37,2022-08-05,88,Gallup,1577.0,b,6.9,6.9
Denmark,2022,denmark_2022_37,2022-08-05,88,Gallup,1577.0,f,9.3,9.3
Denmark,2022,denmark_2022_37,2022-08-05,88,Gallup,1577.0,oe,6.1,6.1
Denmark,2022,denmark_2022_37,2022-08-05,88,Gallup,1577.0,c,11.8,11.8
Denmark,2022,denmark_2022_37,2022-08-05,88,Gallup,1577.0,aa,0.3,0.3
Denmark,2022,denmark_2022_37,2022-08-05,88,Gallup,1577.0,d,6.0,6.0
Denmark,2022,denmark_2022_37,2022-08-05,88,Gallup,1577.0,i,4.1,4.1
Denmark,2022,denmark_2022_37,2022-08-05,88,Gallup,1577.0,k,1.7,1.7
Denmark,2022,denmark_2022_37,2022-08-05,88,Gallup,1577.0,m,4.1,4.1
Denmark,2022,denmark_2022_37,2022-08-05,88,Gallup,1577.0,q,0.3,0.3
Denmark,2022,denmark_2022_37,2022-08-05,88,Gallup,1577.0,ae,10.2,10.2
Denmark,2022,denmark_2022_38,2022-07-28,96,Epinion,1833.0,a,24.2,24.2
Denmark,2022,denmark_2022_38,2022-07-28,96,Epinion,1833.0,v,14.2,14.2
Denmark,2022,denmark_2022_38,2022-07-28,96,Epinion,1833.0,o,2.1,2.1
Denmark,2022,denmark_2022_38,2022-07-28,96,Epinion,1833.0,b,5.8,5.8
Denmark,2022,denmark_2022_38,2022-07-28,96,Epinion,1833.0,f,8.1,8.1
Denmark,2022,denmark_2022_38,2022-07-28,96,Epinion,1833.0,oe,7.3,7.3
Denmark,2022,denmark_2022_38,2022-07-28,96,Epinion,1833.0,c,11.5,11.5
Denmark,2022,denmark_2022_38,2022-07-28,96,Epinion,1833.0,aa,1.3,1.3
Denmark,2022,denmark_2022_38,2022-07-28,96,Epinion,1833.0,d,4.4,4.4
Denmark,2022,denmark_2022_38,2022-07-28,96,Epinion,1833.0,i,3.8,3.8
Denmark,2022,denmark_2022_38,2022-07-28,96,Epinion,1833.0,k,1.0,1.0
Denmark,2022,denmark_2022_38,2022-07-28,96,Epinion,1833.0,m,3.1,3.1
Denmark,2022,denmark_2022_38,2022-07-28,96,Epinion,1833.0,q,0.8,0.8
Denmark,2022,denmark_2022_38,2022-07-28,96,Epinion,1833.0,ae,10.8,10.8
New Zealand,2017,new_zealand_2017_0,2017-05-31,115,One News–Colmar Brunton,,nat,49.0,49.0
New Zealand,2017,new_zealand_2017_0,2017-05-31,115,One News–Colmar Brunton,,lab,30.0,30.0
New Zealand,2017,new_zealand_2017_0,2017-05-31,115,One News–Colmar Brunton,,grn,9.0,9.0
New Zealand,2017,new_zealand_2017_0,2017-05-31,115,One News–Colmar Brunton,,nzf,9.0,9.0
New Zealand,2017,new_zealand_2017_0,2017-05-31,115,One News–Colmar Brunton,,mri,0.6,0.6
New Zealand,2017,new_zealand_2017_0,2017-05-31,115,One News–Colmar Brunton,,act,0.5,0.5
New Zealand,2017,new_zealand_2017_0,2017-05-31,115,One News–Colmar Brunton,,con,0.1,0.1
New Zealand,2017,new_zealand_2017_0,2017-05-31,115,One News–Colmar Brunton,,top,1.4,1.4
New Zealand,2017,new_zealand_2017_1,2017-06-11,104,Roy Morgan Research,,nat,46.5,46.5
New Zealand,2017,new_zealand_2017_1,2017-06-11,104,Roy Morgan Research,,lab,25.5,25.5
New Zealand,2017,new_zealand_2017_1,2017-06-11,104,Roy Morgan Research,,grn,14.0,14.0
New Zealand,2017,new_zealand_2017_1,2017-06-11,104,Roy Morgan Research,,nzf,9.0,9.0
New Zealand,2017,new_zealand_2017_1,2017-06-11,104,Roy Morgan Research,,mri,1.5,1.5
New Zealand,2017,new_zealand_2017_1,2017-06-11,104,Roy Morgan Research,,act,1.0,1.0
New Zealand,2017,new_zealand_2017_1,2017-06-11,104,Roy Morgan Research,,con,0.0,0.0
New Zealand,2017,new_zealand_2017_2,2017-06-12,103,Newshub Reid Research,,nat,47.4,47.4
New Zealand,2017,new_zealand_2017_2,2017-06-12,103,Newshub Reid Research,,lab,26.4,26.4
New Zealand,2017,new_zealand_2017_2,2017-06-12,103,Newshub Reid Research,,grn,12.5,12.5
New Zealand,2017,new_zealand_2017_2,2017-06-12,103,Newshub Reid Research,,nzf,9.4,9.4
New Zealand,2017,new_zealand_2017_2,2017-06-12,103,Newshub Reid Research,,mri,0.7,0.7
New Zealand,2017,new_zealand_2017_2,2017-06-12,103,Newshub Reid Research,,act,0.9,0.9
New Zealand,2017,new_zealand_2017_2,2017-06-12,103,Newshub Reid Research,,con,0.8,0.8
New Zealand,2017,new_zealand_2017_2,2017-06-12,103,Newshub Reid Research,,top,0.8,0.8
New Zealand,2017,new_zealand_2017_3,2017-07-05,80,One News–Colmar Brunton,,nat,47.0,47.0
New Zealand,2017,new_zealand_2017_3,2017-07-05,80,One News–Colmar Brunton,,lab,27.0,27.0
New Zealand,2017,new_zealand_2017_3,2017-07-05,80,One News–Colmar Brunton,,grn,11.0,11.0
New Zealand,2017,new_zealand_2017_3,2017-07-05,80,One News–Colmar Brunton,,nzf,11.0,11.0
New Zealand,2017,new_zealand_2017_3,2017-07-05,80,One News–Colmar Brunton,,mri,1.8,1.8
New Zealand,2017,new_zealand_2017_3,2017-07-05,80,One News–Colmar Brunton,,act,0.3,0.3
New Zealand,2017,new_zealand_2017_3,2017-07-05,80,One News–Colmar Brunton,,con,0.1,0.1
New Zealand,2017,new_zealand_2017_3,2017-07-05,80,One News–Colmar Brunton,,top,1.1,1.1
New Zealand,2017,new_zealand_2017_4,2017-07-09,76,Roy Morgan Research,,nat,43.0,43.0
New Zealand,2017,new_zealand_2017_4,2017-07-09,76,Roy Morgan Research,,lab,30.5,30.5
New Zealand,2017,new_zealand_2017_4,2017-07-09,76,Roy Morgan Research,,grn,13.5,13.5
New Zealand,2017,new_zealand_2017_4,2017-07-09,76,Roy Morgan Research,,nzf,8.0,8.0
New Zealand,2017,new_zealand_2017_4,2017-07-09,76,Roy Morgan Research,,mri,1.5,1.5
New Zealand,2017,new_zealand_2017_4,2017-07-09,76,Roy Morgan Research,,act,1.0,1.0
New Zealand,2017,new_zealand_2017_4,2017-07-09,76,Roy Morgan Research,,con,0.0,0.0
New Zealand,2017,new_zealand_2017_5,2017-07-27,58,One News–Colmar Brunton,,nat,47.0,47.0
New Zealand,2017,new_zealand_2017_5,2017-07-27,58,One News–Colmar Brunton,,lab,24.0,24.0
New Zealand,2017,new_zealand_2017_5,2017-07-27,58,One News–Colmar Brunton,,grn,15.0,15.0
New Zealand,2017,new_zealand_2017_5,2017-07-27,58,One News–Colmar Brunton,,nzf,11.0,11.0
New Zealand,2017,new_zealand_2017_5,2017-07-27,58,One News–Colmar Brunton,,mri,0.6,0.6
New Zealand,2017,new_zealand_2017_5,2017-07-27,58,One News–Colmar Brunton,,act,0.3,0.3
New Zealand,2017,new_zealand_2017_5,2017-07-27,58,One News–Colmar Brunton,,top,1.5,1.5
New Zealand,2017,new_zealand_2017_6,2017-07-28,57,Newshub Reid Research,,nat,45.2,45.2
New Zealand,2017,new_zealand_2017_6,2017-07-28,57,Newshub Reid Research,,lab,24.1,24.1
New Zealand,2017,new_zealand_2017_6,2017-07-28,57,Newshub Reid Research,,grn,13.0,13.0
New Zealand,2017,new_zealand_2017_6,2017-07-28,57,Newshub Reid Research,,nzf,13.0,13.0
New Zealand,2017,new_zealand_2017_6,2017-07-28,57,Newshub Reid Research,,mri,1.2,1.2
New Zealand,2017,new_zealand_2017_6,2017-07-28,57,Newshub Reid Research,,act,0.5,0.5
New Zealand,2017,new_zealand_2017_6,2017-07-28,57,Newshub Reid Research,,con,0.2,0.2
New Zealand,2017,new_zealand_2017_6,2017-07-28,57,Newshub Reid Research,,top,2.0,2.0
New Zealand,2017,new_zealand_2017_7,2017-08-02,52,Listener: Bauer Media Insights,,nat,45.42,45.42
New Zealand,2017,new_zealand_2017_7,2017-08-02,52,Listener: Bauer Media Insights,,lab,26.79,26.79
New Zealand,2017,new_zealand_2017_7,2017-08-02,52,Listener: Bauer Media Insights,,grn,13.98,13.98
New Zealand,2017,new_zealand_2017_7,2017-08-02,52,Listener: Bauer Media Insights,,nzf,9.32,9.32
New Zealand,2017,new_zealand_2017_7,2017-08-02,52,Listener: Bauer Media Insights,,mri,0.0,0.0
New Zealand,2017,new_zealand_2017_7,2017-08-02,52,Listener: Bauer Media Insights,,act,1.17,1.17
New Zealand,2017,new_zealand_2017_7,2017-08-02,52,Listener: Bauer Media Insights,,con,0.0,0.0
New Zealand,2017,new_zealand_2017_7,2017-08-02,52,Listener: Bauer Media Insights,,top,2.33,2.33
New Zealand,2017,new_zealand_2017_8,2017-08-08,46,Newshub Reid Research,,nat,44.4,44.4
New Zealand,2017,new_zealand_2017_8,2017-08-08,46,Newshub Reid Research,,lab,33.1,33.1
New Zealand,2017,new_zealand_2017_8,2017-08-08,46,Newshub Reid Research,,grn,8.3,8.3
New Zealand,2017,new_zealand_2017_8,2017-08-08,46,Newshub Reid Research,,nzf,9.2,9.2
New Zealand,2017,new_zealand_2017_8,2017-08-08,46,Newshub Reid Research,,mri,1.5,1.5
New Zealand,2017,new_zealand_2017_8,2017-08-08,46,Newshub Reid Research,,act,0.6,0.6
New Zealand,2017,new_zealand_2017_8,2017-08-08,46,Newshub Reid Research,,con,0.3,0.3
New Zealand,2017,new_zealand_2017_8,2017-08-08,46,Newshub Reid Research,,top,2.0,2.0
New Zealand,2017,new_zealand_2017_9,2017-08-13,41,Roy Morgan Research,,nat,42.5,42.5
New Zealand,2017,new_zealand_2017_9,2017-08-13,41,Roy Morgan Research,,lab,32.5,32.5
New Zealand,2017,new_zealand_2017_9,2017-08-13,41,Roy Morgan Research,,grn,9.0,9.0
New Zealand,2017,new_zealand_2017_9,2017-08-13,41,Roy Morgan Research,,nzf,11.5,11.5
New Zealand,2017,new_zealand_2017_9,2017-08-13,41,Roy Morgan Research,,mri,1.5,1.5
New Zealand,2017,new_zealand_2017_9,2017-08-13,41,Roy Morgan Research,,act,0.5,0.5
New Zealand,2017,new_zealand_2017_9,2017-08-13,41,Roy Morgan Research,,con,0.0,0.0
New Zealand,2017,new_zealand_2017_9,2017-08-13,41,Roy Morgan Research,,top,2.0,2.0
New Zealand,2017,new_zealand_2017_10,2017-08-16,38,One News–Colmar Brunton,,nat,44.0,44.0
New Zealand,2017,new_zealand_2017_10,2017-08-16,38,One News–Colmar Brunton,,lab,37.0,37.0
New Zealand,2017,new_zealand_2017_10,2017-08-16,38,One News–Colmar Brunton,,grn,4.3,4.3
New Zealand,2017,new_zealand_2017_10,2017-08-16,38,One News–Colmar Brunton,,nzf,10.0,10.0
New Zealand,2017,new_zealand_2017_10,2017-08-16,38,One News–Colmar Brunton,,mri,1.7,1.7
New Zealand,2017,new_zealand_2017_10,2017-08-16,38,One News–Colmar Brunton,,act,0.4,0.4
New Zealand,2017,new_zealand_2017_10,2017-08-16,38,One News–Colmar Brunton,,top,2.1,2.1
New Zealand,2017,new_zealand_2017_11,2017-08-30,24,Newshub Reid Research,,nat,43.3,43.3
New Zealand,2017,new_zealand_2017_11,2017-08-30,24,Newshub Reid Research,,lab,39.4,39.4
New Zealand,2017,new_zealand_2017_11,2017-08-30,24,Newshub Reid Research,,grn,6.1,6.1
New Zealand,2017,new_zealand_2017_11,2017-08-30,24,Newshub Reid Research,,nzf,6.6,6.6
New Zealand,2017,new_zealand_2017_11,2017-08-30,24,Newshub Reid Research,,mri,1.0,1.0
New Zealand,2017,new_zealand_2017_11,2017-08-30,24,Newshub Reid Research,,act,0.6,0.6
New Zealand,2017,new_zealand_2017_11,2017-08-30,24,Newshub Reid Research,,con,0.3,0.3
New Zealand,2017,new_zealand_2017_11,2017-08-30,24,Newshub Reid Research,,top,1.9,1.9
New Zealand,2017,new_zealand_2017_12,2017-08-30,24,One News–Colmar Brunton,,nat,41.0,41.0
New Zealand,2017,new_zealand_2017_12,2017-08-30,24,One News–Colmar Brunton,,lab,43.0,43.0
New Zealand,2017,new_zealand_2017_12,2017-08-30,24,One News–Colmar Brunton,,grn,5.0,5.0
New Zealand,2017,new_zealand_2017_12,2017-08-30,24,One News–Colmar Brunton,,nzf,8.0,8.0
New Zealand,2017,new_zealand_2017_12,2017-08-30,24,One News–Colmar Brunton,,mri,0.5,0.5
New Zealand,2017,new_zealand_2017_12,2017-08-30,24,One News–Colmar Brunton,,act,0.3,0.3
New Zealand,2017,new_zealand_2017_12,2017-08-30,24,One News–Colmar Brunton,,top,0.9,0.9
New Zealand,2017,new_zealand_2017_13,2017-09-05,18,Listener: Bauer Media Insights,,nat,38.9,38.9
New Zealand,2017,new_zealand_2017_13,2017-09-05,18,Listener: Bauer Media Insights,,lab,41.1,41.1
New Zealand,2017,new_zealand_2017_13,2017-09-05,18,Listener: Bauer Media Insights,,grn,6.7,6.7
New Zealand,2017,new_zealand_2017_13,2017-09-05,18,Listener: Bauer Media Insights,,nzf,8.9,8.9
New Zealand,2017,new_zealand_2017_13,2017-09-05,18,Listener: Bauer Media Insights,,mri,1.1,1.1
New Zealand,2017,new_zealand_2017_13,2017-09-05,18,Listener: Bauer Media Insights,,act,1.1,1.1
New Zealand,2017,new_zealand_2017_13,2017-09-05,18,Listener: Bauer Media Insights,,top,2.2,2.2
New Zealand,2017,new_zealand_2017_14,2017-09-06,17,One News–Colmar Brunton,,nat,39.0,39.0
New Zealand,2017,new_zealand_2017_14,2017-09-06,17,One News–Colmar Brunton,,lab,43.0,43.0
New Zealand,2017,new_zealand_2017_14,2017-09-06,17,One News–Colmar Brunton,,grn,5.0,5.0
New Zealand,2017,new_zealand_2017_14,2017-09-06,17,One News–Colmar Brunton,,nzf,9.0,9.0
New Zealand,2017,new_zealand_2017_14,2017-09-06,17,One News–Colmar Brunton,,mri,2.0,2.0
New Zealand,2017,new_zealand_2017_14,2017-09-06,17,One News–Colmar Brunton,,act,0.1,0.1
New Zealand,2017,new_zealand_2017_14,2017-09-06,17,One News–Colmar Brunton,,top,1.9,1.9
New Zealand,2017,new_zealand_2017_15,2017-09-06,17,Newsroom-SSI,,nat,30.0,30.0
New Zealand,2017,new_zealand_2017_15,2017-09-06,17,Newsroom-SSI,,lab,45.0,45.0
New Zealand,2017,new_zealand_2017_15,2017-09-06,17,Newsroom-SSI,,grn,6.0,6.0
New Zealand,2017,new_zealand_2017_15,2017-09-06,17,Newsroom-SSI,,nzf,11.0,11.0
New Zealand,2017,new_zealand_2017_15,2017-09-06,17,Newsroom-SSI,,mri,2.0,2.0
New Zealand,2017,new_zealand_2017_15,2017-09-06,17,Newsroom-SSI,,act,1.0,1.0
New Zealand,2017,new_zealand_2017_15,2017-09-06,17,Newsroom-SSI,,top,2.0,2.0
New Zealand,2017,new_zealand_2017_16,2017-09-10,13,Roy Morgan Research,,nat,40.0,40.0
New Zealand,2017,new_zealand_2017_16,2017-09-10,13,Roy Morgan Research,,lab,39.5,39.5
New Zealand,2017,new_zealand_2017_16,2017-09-10,13,Roy Morgan Research,,grn,9.0,9.0
New Zealand,2017,new_zealand_2017_16,2017-09-10,13,Roy Morgan Research,,nzf,6.0,6.0
New Zealand,2017,new_zealand_2017_16,2017-09-10,13,Roy Morgan Research,,mri,2.0,2.0
New Zealand,2017,new_zealand_2017_16,2017-09-10,13,Roy Morgan Research,,act,0.5,0.5
New Zealand,2017,new_zealand_2017_16,2017-09-10,13,Roy Morgan Research,,con,0.5,0.5
New Zealand,2017,new_zealand_2017_16,2017-09-10,13,Roy Morgan Research,,top,2.0,2.0
New Zealand,2017,new_zealand_2017_17,2017-09-11,12,Newshub Reid Research,,nat,47.3,47.3
New Zealand,2017,new_zealand_2017_17,2017-09-11,12,Newshub Reid Research,,lab,37.8,37.8
New Zealand,2017,new_zealand_2017_17,2017-09-11,12,Newshub Reid Research,,grn,4.9,4.9
New Zealand,2017,new_zealand_2017_17,2017-09-11,12,Newshub Reid Research,,nzf,6.0,6.0
New Zealand,2017,new_zealand_2017_17,2017-09-11,12,Newshub Reid Research,,mri,1.1,1.1
New Zealand,2017,new_zealand_2017_17,2017-09-11,12,Newshub Reid Research,,act,0.6,0.6
New Zealand,2017,new_zealand_2017_17,2017-09-11,12,Newshub Reid Research,,con,0.3,0.3
New Zealand,2017,new_zealand_2017_17,2017-09-11,12,Newshub Reid Research,,top,1.6,1.6
New Zealand,2017,new_zealand_2017_18,2017-09-13,10,One News–Colmar Brunton,,nat,40.0,40.0
New Zealand,2017,new_zealand_2017_18,2017-09-13,10,One News–Colmar Brunton,,lab,44.0,44.0
New Zealand,2017,new_zealand_2017_18,2017-09-13,10,One News–Colmar Brunton,,grn,7.0,7.0
New Zealand,2017,new_zealand_2017_18,2017-09-13,10,One News–Colmar Brunton,,nzf,6.0,6.0
New Zealand,2017,new_zealand_2017_18,2017-09-13,10,One News–Colmar Brunton,,mri,0.9,0.9
New Zealand,2017,new_zealand_2017_18,2017-09-13,10,One News–Colmar Brunton,,act,0.6,0.6
New Zealand,2017,new_zealand_2017_18,2017-09-13,10,One News–Colmar Brunton,,top,1.6,1.6
New Zealand,2017,new_zealand_2017_19,2017-09-20,3,Newshub Reid Research,,nat,45.8,45.8
New Zealand,2017,new_zealand_2017_19,2017-09-20,3,Newshub Reid Research,,lab,37.3,37.3
New Zealand,2017,new_zealand_2017_19,2017-09-20,3,Newshub Reid Research,,grn,7.1,7.1
New Zealand,2017,new_zealand_2017_19,2017-09-20,3,Newshub Reid Research,,nzf,7.1,7.1
New Zealand,2017,new_zealand_2017_19,2017-09-20,3,Newshub Reid Research,,mri,0.4,0.4
New Zealand,2017,new_zealand_2017_19,2017-09-20,3,Newshub Reid Research,,act,0.6,0.6
New Zealand,2017,new_zealand_2017_19,2017-09-20,3,Newshub Reid Research,,con,0.6,0.6
New Zealand,2017,new_zealand_2017_19,2017-09-20,3,Newshub Reid Research,,top,0.9,0.9
New Zealand,2017,new_zealand_2017_20,2017-09-19,4,One News–Colmar Brunton,,nat,46.0,46.0
New Zealand,2017,new_zealand_2017_20,2017-09-19,4,One News–Colmar Brunton,,lab,37.0,37.0
New Zealand,2017,new_zealand_2017_20,2017-09-19,4,One News–Colmar Brunton,,grn,8.0,8.0
New Zealand,2017,new_zealand_2017_20,2017-09-19,4,One News–Colmar Brunton,,nzf,4.9,4.9
New Zealand,2017,new_zealand_2017_20,2017-09-19,4,One News–Colmar Brunton,,mri,0.5,0.5
New Zealand,2017,new_zealand_2017_20,2017-09-19,4,One News–Colmar Brunton,,act,0.3,0.3
New Zealand,2017,new_zealand_2017_20,2017-09-19,4,One News–Colmar Brunton,,top,2.3,2.3
New Zealand,2020,new_zealand_2020_0,2020-10-15,2,Newshub–Reid Research,1000.0,nat,31.1,31.1
New Zealand,2020,new_zealand_2020_0,2020-10-15,2,Newshub–Reid Research,1000.0,lab,45.8,45.8
New Zealand,2020,new_zealand_2020_0,2020-10-15,2,Newshub–Reid Research,1000.0,nzf,3.5,3.5
New Zealand,2020,new_zealand_2020_0,2020-10-15,2,Newshub–Reid Research,1000.0,grn,6.3,6.3
New Zealand,2020,new_zealand_2020_0,2020-10-15,2,Newshub–Reid Research,1000.0,act,7.4,7.4
New Zealand,2020,new_zealand_2020_0,2020-10-15,2,Newshub–Reid Research,1000.0,top,1.3,1.3
New Zealand,2020,new_zealand_2020_0,2020-10-15,2,Newshub–Reid Research,1000.0,mri,0.6,0.6
New Zealand,2020,new_zealand_2020_0,2020-10-15,2,Newshub–Reid Research,1000.0,con,1.7,1.7
New Zealand,2020,new_zealand_2020_1,2020-10-14,3,1 News–Colmar Brunton,1005.0,nat,31.0,31.0
New Zealand,2020,new_zealand_2020_1,2020-10-14,3,1 News–Colmar Brunton,1005.0,lab,46.0,46.0
New Zealand,2020,new_zealand_2020_1,2020-10-14,3,1 News–Colmar Brunton,1005.0,nzf,2.6,2.6
New Zealand,2020,new_zealand_2020_1,2020-10-14,3,1 News–Colmar Brunton,1005.0,grn,8.0,8.0
New Zealand,2020,new_zealand_2020_1,2020-10-14,3,1 News–Colmar Brunton,1005.0,act,8.0,8.0
New Zealand,2020,new_zealand_2020_1,2020-10-14,3,1 News–Colmar Brunton,1005.0,top,1.1,1.1
New Zealand,2020,new_zealand_2020_1,2020-10-14,3,1 News–Colmar Brunton,1005.0,mri,0.6,0.6
New Zealand,2020,new_zealand_2020_1,2020-10-14,3,1 News–Colmar Brunton,1005.0,con,1.5,1.5
New Zealand,2020,new_zealand_2020_2,2020-10-07,10,1 News–Colmar Brunton,1007.0,nat,32.0,32.0
New Zealand,2020,new_zealand_2020_2,2020-10-07,10,1 News–Colmar Brunton,1007.0,lab,47.0,47.0
New Zealand,2020,new_zealand_2020_2,2020-10-07,10,1 News–Colmar Brunton,1007.0,nzf,2.4,2.4
New Zealand,2020,new_zealand_2020_2,2020-10-07,10,1 News–Colmar Brunton,1007.0,grn,6.0,6.0
New Zealand,2020,new_zealand_2020_2,2020-10-07,10,1 News–Colmar Brunton,1007.0,act,8.0,8.0
New Zealand,2020,new_zealand_2020_2,2020-10-07,10,1 News–Colmar Brunton,1007.0,top,1.8,1.8
New Zealand,2020,new_zealand_2020_2,2020-10-07,10,1 News–Colmar Brunton,1007.0,mri,0.2,0.2
New Zealand,2020,new_zealand_2020_2,2020-10-07,10,1 News–Colmar Brunton,1007.0,con,1.3,1.3
New Zealand,2020,new_zealand_2020_3,2020-09-20,27,Roy Morgan Research,911.0,nat,28.5,28.5
New Zealand,2020,new_zealand_2020_3,2020-09-20,27,Roy Morgan Research,911.0,lab,47.5,47.5
New Zealand,2020,new_zealand_2020_3,2020-09-20,27,Roy Morgan Research,911.0,nzf,2.5,2.5
New Zealand,2020,new_zealand_2020_3,2020-09-20,27,Roy Morgan Research,911.0,grn,9.5,9.5
New Zealand,2020,new_zealand_2020_3,2020-09-20,27,Roy Morgan Research,911.0,act,7.0,7.0
New Zealand,2020,new_zealand_2020_3,2020-09-20,27,Roy Morgan Research,911.0,top,1.5,1.5
New Zealand,2020,new_zealand_2020_3,2020-09-20,27,Roy Morgan Research,911.0,mri,0.5,0.5
New Zealand,2020,new_zealand_2020_4,2020-09-27,20,1 News–Colmar Brunton,1005.0,nat,33.0,33.0
New Zealand,2020,new_zealand_2020_4,2020-09-27,20,1 News–Colmar Brunton,1005.0,lab,47.0,47.0
New Zealand,2020,new_zealand_2020_4,2020-09-27,20,1 News–Colmar Brunton,1005.0,nzf,1.4,1.4
New Zealand,2020,new_zealand_2020_4,2020-09-27,20,1 News–Colmar Brunton,1005.0,grn,7.0,7.0
New Zealand,2020,new_zealand_2020_4,2020-09-27,20,1 News–Colmar Brunton,1005.0,act,8.0,8.0
New Zealand,2020,new_zealand_2020_4,2020-09-27,20,1 News–Colmar Brunton,1005.0,top,1.0,1.0
New Zealand,2020,new_zealand_2020_4,2020-09-27,20,1 News–Colmar Brunton,1005.0,mri,0.8,0.8
New Zealand,2020,new_zealand_2020_4,2020-09-27,20,1 News–Colmar Brunton,1005.0,con,1.4,1.4
New Zealand,2020,new_zealand_2020_5,2020-09-23,24,Newshub–Reid Research,1000.0,nat,29.6,29.6
New Zealand,2020,new_zealand_2020_5,2020-09-23,24,Newshub–Reid Research,1000.0,lab,50.1,50.1
New Zealand,2020,new_zealand_2020_5,2020-09-23,24,Newshub–Reid Research,1000.0,nzf,1.9,1.9
New Zealand,2020,new_zealand_2020_5,2020-09-23,24,Newshub–Reid Research,1000.0,grn,6.5,6.5
New Zealand,2020,new_zealand_2020_5,2020-09-23,24,Newshub–Reid Research,1000.0,act,6.3,6.3
New Zealand,2020,new_zealand_2020_5,2020-09-23,24,Newshub–Reid Research,1000.0,top,0.9,0.9
New Zealand,2020,new_zealand_2020_5,2020-09-23,24,Newshub–Reid Research,1000.0,mri,1.5,1.5
New Zealand,2020,new_zealand_2020_5,2020-09-23,24,Newshub–Reid Research,1000.0,con,2.1,2.1
New Zealand,2020,new_zealand_2020_6,2020-09-21,26,1 News–Colmar Brunton,1008.0,nat,31.0,31.0
New Zealand,2020,new_zealand_2020_6,2020-09-21,26,1 News–Colmar Brunton,1008.0,lab,48.0,48.0
New Zealand,2020,new_zealand_2020_6,2020-09-21,26,1 News–Colmar Brunton,1008.0,nzf,2.4,2.4
New Zealand,2020,new_zealand_2020_6,2020-09-21,26,1 News–Colmar Brunton,1008.0,grn,6.0,6.0
New Zealand,2020,new_zealand_2020_6,2020-09-21,26,1 News–Colmar Brunton,1008.0,act,7.0,7.0
New Zealand,2020,new_zealand_2020_6,2020-09-21,26,1 News–Colmar Brunton,1008.0,top,1.1,1.1
New Zealand,2020,new_zealand_2020_6,2020-09-21,26,1 News–Colmar Brunton,1008.0,mri,0.9,0.9
New Zealand,2020,new_zealand_2020_6,2020-09-21,26,1 News–Colmar Brunton,1008.0,con,1.6,1.6
New Zealand,2020,new_zealand_2020_7,2020-08-20,58,Roy Morgan Research,897.0,nat,28.5,28.5
New Zealand,2020,new_zealand_2020_7,2020-08-20,58,Roy Morgan Research,897.0,lab,48.0,48.0
New Zealand,2020,new_zealand_2020_7,2020-08-20,58,Roy Morgan Research,897.0,nzf,2.5,2.5
New Zealand,2020,new_zealand_2020_7,2020-08-20,58,Roy Morgan Research,897.0,grn,11.5,11.5
New Zealand,2020,new_zealand_2020_7,2020-08-20,58,Roy Morgan Research,897.0,act,6.0,6.0
New Zealand,2020,new_zealand_2020_7,2020-08-20,58,Roy Morgan Research,897.0,top,1.0,1.0
New Zealand,2020,new_zealand_2020_7,2020-08-20,58,Roy Morgan Research,897.0,mri,0.5,0.5
New Zealand,2020,new_zealand_2020_8,2020-07-20,89,Roy Morgan Research,899.0,nat,26.5,26.5
New Zealand,2020,new_zealand_2020_8,2020-07-20,89,Roy Morgan Research,899.0,lab,53.5,53.5
New Zealand,2020,new_zealand_2020_8,2020-07-20,89,Roy Morgan Research,899.0,nzf,1.5,1.5
New Zealand,2020,new_zealand_2020_8,2020-07-20,89,Roy Morgan Research,899.0,grn,8.0,8.0
New Zealand,2020,new_zealand_2020_8,2020-07-20,89,Roy Morgan Research,899.0,act,6.5,6.5
New Zealand,2020,new_zealand_2020_8,2020-07-20,89,Roy Morgan Research,899.0,top,1.5,1.5
New Zealand,2020,new_zealand_2020_8,2020-07-20,89,Roy Morgan Research,899.0,mri,0.5,0.5
New Zealand,2020,new_zealand_2020_9,2020-07-29,80,1 News–Colmar Brunton,1004.0,nat,32.0,32.0
New Zealand,2020,new_zealand_2020_9,2020-07-29,80,1 News–Colmar Brunton,1004.0,lab,53.0,53.0
New Zealand,2020,new_zealand_2020_9,2020-07-29,80,1 News–Colmar Brunton,1004.0,nzf,2.0,2.0
New Zealand,2020,new_zealand_2020_9,2020-07-29,80,1 News–Colmar Brunton,1004.0,grn,5.0,5.0
New Zealand,2020,new_zealand_2020_9,2020-07-29,80,1 News–Colmar Brunton,1004.0,act,4.8,4.8
New Zealand,2020,new_zealand_2020_9,2020-07-29,80,1 News–Colmar Brunton,1004.0,top,0.1,0.1
New Zealand,2020,new_zealand_2020_9,2020-07-29,80,1 News–Colmar Brunton,1004.0,mri,1.0,1.0
New Zealand,2020,new_zealand_2020_9,2020-07-29,80,1 News–Colmar Brunton,1004.0,con,1.2,1.2
New Zealand,2020,new_zealand_2020_10,2020-07-24,85,Newshub–Reid Research,1000.0,nat,25.1,25.1
New Zealand,2020,new_zealand_2020_10,2020-07-24,85,Newshub–Reid Research,1000.0,lab,60.9,60.9
New Zealand,2020,new_zealand_2020_10,2020-07-24,85,Newshub–Reid Research,1000.0,nzf,2.0,2.0
New Zealand,2020,new_zealand_2020_10,2020-07-24,85,Newshub–Reid Research,1000.0,grn,5.7,5.7
New Zealand,2020,new_zealand_2020_10,2020-07-24,85,Newshub–Reid Research,1000.0,act,3.3,3.3
New Zealand,2020,new_zealand_2020_10,2020-07-24,85,Newshub–Reid Research,1000.0,top,0.4,0.4
New Zealand,2020,new_zealand_2020_10,2020-07-24,85,Newshub–Reid Research,1000.0,mri,0.4,0.4
New Zealand,2020,new_zealand_2020_10,2020-07-24,85,Newshub–Reid Research,1000.0,con,0.9,0.9
New Zealand,2020,new_zealand_2020_11,2020-06-20,119,Roy Morgan Research,879.0,nat,27.0,27.0
New Zealand,2020,new_zealand_2020_11,2020-06-20,119,Roy Morgan Research,879.0,lab,54.5,54.5
New Zealand,2020,new_zealand_2020_11,2020-06-20,119,Roy Morgan Research,879.0,nzf,1.5,1.5
New Zealand,2020,new_zealand_2020_11,2020-06-20,119,Roy Morgan Research,879.0,grn,9.0,9.0
New Zealand,2020,new_zealand_2020_11,2020-06-20,119,Roy Morgan Research,879.0,act,5.0,5.0
New Zealand,2020,new_zealand_2020_11,2020-06-20,119,Roy Morgan Research,879.0,top,1.5,1.5
New Zealand,2020,new_zealand_2020_11,2020-06-20,119,Roy Morgan Research,879.0,mri,1.0,1.0
New Zealand,2020,new_zealand_2020_12,2020-06-24,115,1 News–Colmar Brunton,1007.0,nat,38.0,38.0
New Zealand,2020,new_zealand_2020_12,2020-06-24,115,1 News–Colmar Brunton,1007.0,lab,50.0,50.0
New Zealand,2020,new_zealand_2020_12,2020-06-24,115,1 News–Colmar Brunton,1007.0,nzf,1.8,1.8
New Zealand,2020,new_zealand_2020_12,2020-06-24,115,1 News–Colmar Brunton,1007.0,grn,6.0,6.0
New Zealand,2020,new_zealand_2020_12,2020-06-24,115,1 News–Colmar Brunton,1007.0,act,3.1,3.1
New Zealand,2020,new_zealand_2020_12,2020-06-24,115,1 News–Colmar Brunton,1007.0,top,0.5,0.5
New Zealand,2020,new_zealand_2020_12,2020-06-24,115,1 News–Colmar Brunton,1007.0,mri,0.9,0.9
New Zealand,2020,new_zealand_2020_12,2020-06-24,115,1 News–Colmar Brunton,1007.0,con,0.7,0.7
New Zealand,2023,new_zealand_2023_0,2023-10-10,4,1 News–Verian,1001.0,lab,28.0,28.0
New Zealand,2023,new_zealand_2023_0,2023-10-10,4,1 News–Verian,1001.0,nat,37.0,37.0
New Zealand,2023,new_zealand_2023_0,2023-10-10,4,1 News–Verian,1001.0,grn,14.0,14.0
New Zealand,2023,new_zealand_2023_0,2023-10-10,4,1 News–Verian,1001.0,act,9.0,9.0
New Zealand,2023,new_zealand_2023_0,2023-10-10,4,1 News–Verian,1001.0,mri,1.7,1.7
New Zealand,2023,new_zealand_2023_0,2023-10-10,4,1 News–Verian,1001.0,nzf,6.0,6.0
New Zealand,2023,new_zealand_2023_0,2023-10-10,4,1 News–Verian,1001.0,top,2.3,2.3
New Zealand,2023,new_zealand_2023_1,2023-10-10,4,Newshub–Reid Research,,lab,27.5,27.5
New Zealand,2023,new_zealand_2023_1,2023-10-10,4,Newshub–Reid Research,,nat,34.5,34.5
New Zealand,2023,new_zealand_2023_1,2023-10-10,4,Newshub–Reid Research,,grn,14.9,14.9
New Zealand,2023,new_zealand_2023_1,2023-10-10,4,Newshub–Reid Research,,act,8.8,8.8
New Zealand,2023,new_zealand_2023_1,2023-10-10,4,Newshub–Reid Research,,mri,2.7,2.7
New Zealand,2023,new_zealand_2023_1,2023-10-10,4,Newshub–Reid Research,,nzf,6.8,6.8
New Zealand,2023,new_zealand_2023_1,2023-10-10,4,Newshub–Reid Research,,top,2.2,2.2
New Zealand,2023,new_zealand_2023_2,2023-10-08,6,Roy Morgan,1250.0,lab,26.0,26.0
New Zealand,2023,new_zealand_2023_2,2023-10-08,6,Roy Morgan,1250.0,nat,30.5,30.5
New Zealand,2023,new_zealand_2023_2,2023-10-08,6,Roy Morgan,1250.0,grn,15.0,15.0
New Zealand,2023,new_zealand_2023_2,2023-10-08,6,Roy Morgan,1250.0,act,11.5,11.5
New Zealand,2023,new_zealand_2023_2,2023-10-08,6,Roy Morgan,1250.0,mri,3.0,3.0
New Zealand,2023,new_zealand_2023_2,2023-10-08,6,Roy Morgan,1250.0,nzf,7.5,7.5
New Zealand,2023,new_zealand_2023_2,2023-10-08,6,Roy Morgan,1250.0,top,3.5,3.5
New Zealand,2023,new_zealand_2023_3,2023-10-08,6,Guardian Essential,1200.0,lab,30.3,30.3
New Zealand,2023,new_zealand_2023_3,2023-10-08,6,Guardian Essential,1200.0,nat,34.0,34.0
New Zealand,2023,new_zealand_2023_3,2023-10-08,6,Guardian Essential,1200.0,grn,10.6,10.6
New Zealand,2023,new_zealand_2023_3,2023-10-08,6,Guardian Essential,1200.0,act,7.9,7.9
New Zealand,2023,new_zealand_2023_3,2023-10-08,6,Guardian Essential,1200.0,mri,1.9,1.9
New Zealand,2023,new_zealand_2023_3,2023-10-08,6,Guardian Essential,1200.0,nzf,8.2,8.2
New Zealand,2023,new_zealand_2023_4,2023-10-04,10,Taxpayers' Union-Curia,1000.0,lab,27.9,27.9
New Zealand,2023,new_zealand_2023_4,2023-10-04,10,Taxpayers' Union-Curia,1000.0,nat,35.9,35.9
New Zealand,2023,new_zealand_2023_4,2023-10-04,10,Taxpayers' Union-Curia,1000.0,grn,10.6,10.6
New Zealand,2023,new_zealand_2023_4,2023-10-04,10,Taxpayers' Union-Curia,1000.0,act,9.1,9.1
New Zealand,2023,new_zealand_2023_4,2023-10-04,10,Taxpayers' Union-Curia,1000.0,mri,3.7,3.7
New Zealand,2023,new_zealand_2023_4,2023-10-04,10,Taxpayers' Union-Curia,1000.0,nzf,6.9,6.9
New Zealand,2023,new_zealand_2023_4,2023-10-04,10,Taxpayers' Union-Curia,1000.0,top,2.9,2.9
New Zealand,2023,new_zealand_2023_4,2023-10-04,10,Taxpayers' Union-Curia,1000.0,con,0.7,0.7
New Zealand,2023,new_zealand_2023_5,2023-10-03,11,1 News–Verian,1000.0,lab,26.0,26.0
New Zealand,2023,new_zealand_2023_5,2023-10-03,11,1 News–Verian,1000.0,nat,36.0,36.0
New Zealand,2023,new_zealand_2023_5,2023-10-03,11,1 News–Verian,1000.0,grn,13.0,13.0
New Zealand,2023,new_zealand_2023_5,2023-10-03,11,1 News–Verian,1000.0,act,10.0,10.0
New Zealand,2023,new_zealand_2023_5,2023-10-03,11,1 News–Verian,1000.0,mri,2.2,2.2
New Zealand,2023,new_zealand_2023_5,2023-10-03,11,1 News–Verian,1000.0,nzf,6.0,6.0
New Zealand,2023,new_zealand_2023_5,2023-10-03,11,1 News–Verian,1000.0,top,1.5,1.5
New Zealand,2023,new_zealand_2023_6,2023-09-28,16,Talbot Mills,1027.0,lab,27.0,27.0
New Zealand,2023,new_zealand_2023_6,2023-09-28,16,Talbot Mills,1027.0,nat,38.0,38.0
New Zealand,2023,new_zealand_2023_6,2023-09-28,16,Talbot Mills,1027.0,grn,13.0,13.0
New Zealand,2023,new_zealand_2023_6,2023-09-28,16,Talbot Mills,1027.0,act,9.0,9.0
New Zealand,2023,new_zealand_2023_6,2023-09-28,16,Talbot Mills,1027.0,mri,3.1,3.1
New Zealand,2023,new_zealand_2023_6,2023-09-28,16,Talbot Mills,1027.0,nzf,6.4,6.4
New Zealand,2023,new_zealand_2023_6,2023-09-28,16,Talbot Mills,1027.0,top,2.3,2.3
New Zealand,2023,new_zealand_2023_7,2023-09-26,18,1 News–Verian,1002.0,lab,26.0,26.0
New Zealand,2023,new_zealand_2023_7,2023-09-26,18,1 News–Verian,1002.0,nat,36.0,36.0
New Zealand,2023,new_zealand_2023_7,2023-09-26,18,1 News–Verian,1002.0,grn,13.0,13.0
New Zealand,2023,new_zealand_2023_7,2023-09-26,18,1 News–Verian,1002.0,act,12.0,12.0
New Zealand,2023,new_zealand_2023_7,2023-09-26,18,1 News–Verian,1002.0,mri,1.9,1.9
New Zealand,2023,new_zealand_2023_7,2023-09-26,18,1 News–Verian,1002.0,nzf,6.0,6.0
New Zealand,2023,new_zealand_2023_7,2023-09-26,18,1 News–Verian,1002.0,top,1.3,1.3
New Zealand,2023,new_zealand_2023_7,2023-09-26,18,1 News–Verian,1002.0,con,0.6,0.6
New Zealand,2023,new_zealand_2023_8,2023-09-23,21,Newshub–Reid Research,,lab,26.5,26.5
New Zealand,2023,new_zealand_2023_8,2023-09-23,21,Newshub–Reid Research,,nat,39.1,39.1
New Zealand,2023,new_zealand_2023_8,2023-09-23,21,Newshub–Reid Research,,grn,14.2,14.2
New Zealand,2023,new_zealand_2023_8,2023-09-23,21,Newshub–Reid Research,,act,8.8,8.8
New Zealand,2023,new_zealand_2023_8,2023-09-23,21,Newshub–Reid Research,,mri,2.2,2.2
New Zealand,2023,new_zealand_2023_8,2023-09-23,21,Newshub–Reid Research,,nzf,5.2,5.2
New Zealand,2023,new_zealand_2023_8,2023-09-23,21,Newshub–Reid Research,,top,1.9,1.9
New Zealand,2023,new_zealand_2023_8,2023-09-23,21,Newshub–Reid Research,,con,1.1,1.1
New Zealand,2023,new_zealand_2023_9,2023-09-19,25,1 News–Verian,1001.0,lab,27.0,27.0
New Zealand,2023,new_zealand_2023_9,2023-09-19,25,1 News–Verian,1001.0,nat,37.0,37.0
New Zealand,2023,new_zealand_2023_9,2023-09-19,25,1 News–Verian,1001.0,grn,12.0,12.0
New Zealand,2023,new_zealand_2023_9,2023-09-19,25,1 News–Verian,1001.0,act,12.0,12.0
New Zealand,2023,new_zealand_2023_9,2023-09-19,25,1 News–Verian,1001.0,mri,2.9,2.9
New Zealand,2023,new_zealand_2023_9,2023-09-19,25,1 News–Verian,1001.0,nzf,5.0,5.0
New Zealand,2023,new_zealand_2023_9,2023-09-19,25,1 News–Verian,1001.0,top,1.4,1.4
New Zealand,2023,new_zealand_2023_9,2023-09-19,25,1 News–Verian,1001.0,con,0.1,0.1
New Zealand,2023,new_zealand_2023_10,2023-09-12,32,1 News–Verian,1002.0,lab,28.0,28.0
New Zealand,2023,new_zealand_2023_10,2023-09-12,32,1 News–Verian,1002.0,nat,39.0,39.0
New Zealand,2023,new_zealand_2023_10,2023-09-12,32,1 News–Verian,1002.0,grn,10.0,10.0
New Zealand,2023,new_zealand_2023_10,2023-09-12,32,1 News–Verian,1002.0,act,10.0,10.0
New Zealand,2023,new_zealand_2023_10,2023-09-12,32,1 News–Verian,1002.0,mri,2.6,2.6
New Zealand,2023,new_zealand_2023_10,2023-09-12,32,1 News–Verian,1002.0,nzf,5.0,5.0
New Zealand,2023,new_zealand_2023_10,2023-09-12,32,1 News–Verian,1002.0,top,1.4,1.4
New Zealand,2023,new_zealand_2023_10,2023-09-12,32,1 News–Verian,1002.0,con,0.8,0.8
New Zealand,2023,new_zealand_2023_11,2023-09-10,34,Guardian Essential,1154.0,lab,26.9,26.9
New Zealand,2023,new_zealand_2023_11,2023-09-10,34,Guardian Essential,1154.0,nat,34.5,34.5
New Zealand,2023,new_zealand_2023_11,2023-09-10,34,Guardian Essential,1154.0,grn,11.0,11.0
New Zealand,2023,new_zealand_2023_11,2023-09-10,34,Guardian Essential,1154.0,act,10.3,10.3
New Zealand,2023,new_zealand_2023_11,2023-09-10,34,Guardian Essential,1154.0,mri,2.5,2.5
New Zealand,2023,new_zealand_2023_11,2023-09-10,34,Guardian Essential,1154.0,nzf,6.0,6.0
New Zealand,2023,new_zealand_2023_12,2023-09-09,35,Newshub–Reid Research,,lab,26.8,26.8
New Zealand,2023,new_zealand_2023_12,2023-09-09,35,Newshub–Reid Research,,nat,40.9,40.9
New Zealand,2023,new_zealand_2023_12,2023-09-09,35,Newshub–Reid Research,,grn,12.3,12.3
New Zealand,2023,new_zealand_2023_12,2023-09-09,35,Newshub–Reid Research,,act,10.1,10.1
New Zealand,2023,new_zealand_2023_12,2023-09-09,35,Newshub–Reid Research,,mri,3.1,3.1
New Zealand,2023,new_zealand_2023_12,2023-09-09,35,Newshub–Reid Research,,nzf,4.6,4.6
New Zealand,2023,new_zealand_2023_12,2023-09-09,35,Newshub–Reid Research,,top,0.7,0.7
New Zealand,2023,new_zealand_2023_12,2023-09-09,35,Newshub–Reid Research,,con,0.8,0.8
New Zealand,2023,new_zealand_2023_13,2023-09-06,38,Taxpayers' Union–Curia,1000.0,lab,26.5,26.5
New Zealand,2023,new_zealand_2023_13,2023-09-06,38,Taxpayers' Union–Curia,1000.0,nat,35.0,35.0
New Zealand,2023,new_zealand_2023_13,2023-09-06,38,Taxpayers' Union–Curia,1000.0,grn,12.7,12.7
New Zealand,2023,new_zealand_2023_13,2023-09-06,38,Taxpayers' Union–Curia,1000.0,act,14.3,14.3
New Zealand,2023,new_zealand_2023_13,2023-09-06,38,Taxpayers' Union–Curia,1000.0,mri,2.9,2.9
New Zealand,2023,new_zealand_2023_13,2023-09-06,38,Taxpayers' Union–Curia,1000.0,nzf,3.9,3.9
New Zealand,2023,new_zealand_2023_13,2023-09-06,38,Taxpayers' Union–Curia,1000.0,top,2.7,2.7
New Zealand,2023,new_zealand_2023_13,2023-09-06,38,Taxpayers' Union–Curia,1000.0,con,0.8,0.8
New Zealand,2023,new_zealand_2023_14,2023-08-30,45,The Post–Freshwater Strategy,1511.0,lab,26.0,26.0
New Zealand,2023,new_zealand_2023_14,2023-08-30,45,The Post–Freshwater Strategy,1511.0,nat,36.0,36.0
New Zealand,2023,new_zealand_2023_14,2023-08-30,45,The Post–Freshwater Strategy,1511.0,grn,12.0,12.0
New Zealand,2023,new_zealand_2023_14,2023-08-30,45,The Post–Freshwater Strategy,1511.0,act,11.0,11.0
New Zealand,2023,new_zealand_2023_14,2023-08-30,45,The Post–Freshwater Strategy,1511.0,mri,3.0,3.0
New Zealand,2023,new_zealand_2023_14,2023-08-30,45,The Post–Freshwater Strategy,1511.0,nzf,6.0,6.0
New Zealand,2023,new_zealand_2023_15,2023-08-30,45,Talbot Mills,,lab,30.0,30.0
New Zealand,2023,new_zealand_2023_15,2023-08-30,45,Talbot Mills,,nat,36.0,36.0
New Zealand,2023,new_zealand_2023_15,2023-08-30,45,Talbot Mills,,grn,12.0,12.0
New Zealand,2023,new_zealand_2023_15,2023-08-30,45,Talbot Mills,,act,10.0,10.0
New Zealand,2023,new_zealand_2023_15,2023-08-30,45,Talbot Mills,,mri,2.4,2.4
New Zealand,2023,new_zealand_2023_15,2023-08-30,45,Talbot Mills,,nzf,5.4,5.4
New Zealand,2023,new_zealand_2023_15,2023-08-30,45,Talbot Mills,,top,1.5,1.5
New Zealand,2023,new_zealand_2023_16,2023-08-27,48,Roy Morgan,1046.0,lab,24.0,24.0
New Zealand,2023,new_zealand_2023_16,2023-08-27,48,Roy Morgan,1046.0,nat,31.0,31.0
New Zealand,2023,new_zealand_2023_16,2023-08-27,48,Roy Morgan,1046.0,grn,12.5,12.5
New Zealand,2023,new_zealand_2023_16,2023-08-27,48,Roy Morgan,1046.0,act,18.0,18.0
New Zealand,2023,new_zealand_2023_16,2023-08-27,48,Roy Morgan,1046.0,mri,4.0,4.0
New Zealand,2023,new_zealand_2023_16,2023-08-27,48,Roy Morgan,1046.0,nzf,5.5,5.5
New Zealand,2023,new_zealand_2023_16,2023-08-27,48,Roy Morgan,1046.0,top,2.0,2.0
New Zealand,2023,new_zealand_2023_17,2023-08-25,50,Talbot Mills,,lab,32.0,32.0
New Zealand,2023,new_zealand_2023_17,2023-08-25,50,Talbot Mills,,nat,34.0,34.0
New Zealand,2023,new_zealand_2023_17,2023-08-25,50,Talbot Mills,,grn,11.0,11.0
New Zealand,2023,new_zealand_2023_17,2023-08-25,50,Talbot Mills,,act,10.0,10.0
New Zealand,2023,new_zealand_2023_17,2023-08-25,50,Talbot Mills,,mri,4.0,4.0
New Zealand,2023,new_zealand_2023_17,2023-08-25,50,Talbot Mills,,nzf,6.0,6.0
New Zealand,2023,new_zealand_2023_18,2023-08-16,59,1 News–Verian,1002.0,lab,29.0,29.0
New Zealand,2023,new_zealand_2023_18,2023-08-16,59,1 News–Verian,1002.0,nat,37.0,37.0
New Zealand,2023,new_zealand_2023_18,2023-08-16,59,1 News–Verian,1002.0,grn,12.0,12.0
New Zealand,2023,new_zealand_2023_18,2023-08-16,59,1 News–Verian,1002.0,act,13.0,13.0
New Zealand,2023,new_zealand_2023_18,2023-08-16,59,1 News–Verian,1002.0,mri,2.6,2.6
New Zealand,2023,new_zealand_2023_18,2023-08-16,59,1 News–Verian,1002.0,nzf,3.7,3.7
New Zealand,2023,new_zealand_2023_18,2023-08-16,59,1 News–Verian,1002.0,top,0.6,0.6
New Zealand,2023,new_zealand_2023_18,2023-08-16,59,1 News–Verian,1002.0,con,0.3,0.3
New Zealand,2023,new_zealand_2023_19,2023-08-08,67,Taxpayers' Union–Curia,1000.0,lab,27.1,27.1
New Zealand,2023,new_zealand_2023_19,2023-08-08,67,Taxpayers' Union–Curia,1000.0,nat,34.9,34.9
New Zealand,2023,new_zealand_2023_19,2023-08-08,67,Taxpayers' Union–Curia,1000.0,grn,12.0,12.0
New Zealand,2023,new_zealand_2023_19,2023-08-08,67,Taxpayers' Union–Curia,1000.0,act,13.0,13.0
New Zealand,2023,new_zealand_2023_19,2023-08-08,67,Taxpayers' Union–Curia,1000.0,mri,2.5,2.5
New Zealand,2023,new_zealand_2023_19,2023-08-08,67,Taxpayers' Union–Curia,1000.0,nzf,5.8,5.8
New Zealand,2023,new_zealand_2023_19,2023-08-08,67,Taxpayers' Union–Curia,1000.0,top,1.0,1.0
New Zealand,2023,new_zealand_2023_19,2023-08-08,67,Taxpayers' Union–Curia,1000.0,con,0.6,0.6
New Zealand,2023,new_zealand_2023_20,2023-08-07,68,Talbot Mills,1012.0,lab,32.0,32.0
New Zealand,2023,new_zealand_2023_20,2023-08-07,68,Talbot Mills,1012.0,nat,35.0,35.0
New Zealand,2023,new_zealand_2023_20,2023-08-07,68,Talbot Mills,1012.0,grn,10.0,10.0
New Zealand,2023,new_zealand_2023_20,2023-08-07,68,Talbot Mills,1012.0,act,11.0,11.0
New Zealand,2023,new_zealand_2023_20,2023-08-07,68,Talbot Mills,1012.0,mri,3.1,3.1
New Zealand,2023,new_zealand_2023_20,2023-08-07,68,Talbot Mills,1012.0,nzf,4.4,4.4
New Zealand,2023,new_zealand_2023_20,2023-08-07,68,Talbot Mills,1012.0,top,1.8,1.8
New Zealand,2023,new_zealand_2023_21,2023-08-06,69,Guardian Essential,1163.0,lab,29.0,29.0
New Zealand,2023,new_zealand_2023_21,2023-08-06,69,Guardian Essential,1163.0,nat,34.5,34.5
New Zealand,2023,new_zealand_2023_21,2023-08-06,69,Guardian Essential,1163.0,grn,8.5,8.5
New Zealand,2023,new_zealand_2023_21,2023-08-06,69,Guardian Essential,1163.0,act,11.6,11.6
New Zealand,2023,new_zealand_2023_21,2023-08-06,69,Guardian Essential,1163.0,mri,2.5,2.5
New Zealand,2023,new_zealand_2023_21,2023-08-06,69,Guardian Essential,1163.0,nzf,5.3,5.3
New Zealand,2023,new_zealand_2023_22,2023-07-31,75,Newshub–Reid Research,,lab,32.3,32.3
New Zealand,2023,new_zealand_2023_22,2023-07-31,75,Newshub–Reid Research,,nat,36.6,36.6
New Zealand,2023,new_zealand_2023_22,2023-07-31,75,Newshub–Reid Research,,grn,9.6,9.6
New Zealand,2023,new_zealand_2023_22,2023-07-31,75,Newshub–Reid Research,,act,12.1,12.1
New Zealand,2023,new_zealand_2023_22,2023-07-31,75,Newshub–Reid Research,,mri,2.7,2.7
New Zealand,2023,new_zealand_2023_22,2023-07-31,75,Newshub–Reid Research,,nzf,4.1,4.1
New Zealand,2023,new_zealand_2023_22,2023-07-31,75,Newshub–Reid Research,,top,1.5,1.5
New Zealand,2023,new_zealand_2023_22,2023-07-31,75,Newshub–Reid Research,,con,0.7,0.7
New Zealand,2023,new_zealand_2023_23,2023-07-23,83,Roy Morgan,937.0,lab,26.0,26.0
New Zealand,2023,new_zealand_2023_23,2023-07-23,83,Roy Morgan,937.0,nat,33.5,33.5
New Zealand,2023,new_zealand_2023_23,2023-07-23,83,Roy Morgan,937.0,grn,9.0,9.0
New Zealand,2023,new_zealand_2023_23,2023-07-23,83,Roy Morgan,937.0,act,14.0,14.0
New Zealand,2023,new_zealand_2023_23,2023-07-23,83,Roy Morgan,937.0,mri,6.0,6.0
New Zealand,2023,new_zealand_2023_23,2023-07-23,83,Roy Morgan,937.0,nzf,5.0,5.0
New Zealand,2023,new_zealand_2023_23,2023-07-23,83,Roy Morgan,937.0,top,4.0,4.0
New Zealand,2023,new_zealand_2023_24,2023-07-12,94,1 News–Verian,1000.0,lab,33.0,33.0
New Zealand,2023,new_zealand_2023_24,2023-07-12,94,1 News–Verian,1000.0,nat,35.0,35.0
New Zealand,2023,new_zealand_2023_24,2023-07-12,94,1 News–Verian,1000.0,grn,10.0,10.0
New Zealand,2023,new_zealand_2023_24,2023-07-12,94,1 News–Verian,1000.0,act,12.0,12.0
New Zealand,2023,new_zealand_2023_24,2023-07-12,94,1 News–Verian,1000.0,mri,2.8,2.8
New Zealand,2023,new_zealand_2023_24,2023-07-12,94,1 News–Verian,1000.0,nzf,3.1,3.1
New Zealand,2023,new_zealand_2023_24,2023-07-12,94,1 News–Verian,1000.0,top,1.7,1.7
New Zealand,2023,new_zealand_2023_24,2023-07-12,94,1 News–Verian,1000.0,con,0.4,0.4
New Zealand,2023,new_zealand_2023_25,2023-07-10,96,Taxpayers' Union–Curia,1000.0,lab,31.1,31.1
New Zealand,2023,new_zealand_2023_25,2023-07-10,96,Taxpayers' Union–Curia,1000.0,nat,33.3,33.3
New Zealand,2023,new_zealand_2023_25,2023-07-10,96,Taxpayers' Union–Curia,1000.0,grn,8.9,8.9
New Zealand,2023,new_zealand_2023_25,2023-07-10,96,Taxpayers' Union–Curia,1000.0,act,13.2,13.2
New Zealand,2023,new_zealand_2023_25,2023-07-10,96,Taxpayers' Union–Curia,1000.0,mri,5.0,5.0
New Zealand,2023,new_zealand_2023_25,2023-07-10,96,Taxpayers' Union–Curia,1000.0,nzf,3.3,3.3
New Zealand,2023,new_zealand_2023_25,2023-07-10,96,Taxpayers' Union–Curia,1000.0,top,0.3,0.3
New Zealand,2023,new_zealand_2023_25,2023-07-10,96,Taxpayers' Union–Curia,1000.0,con,0.4,0.4
New Zealand,2023,new_zealand_2023_26,2023-07-02,104,Talbot Mills,1036.0,lab,31.0,31.0
New Zealand,2023,new_zealand_2023_26,2023-07-02,104,Talbot Mills,1036.0,nat,36.0,36.0
New Zealand,2023,new_zealand_2023_26,2023-07-02,104,Talbot Mills,1036.0,grn,8.0,8.0
New Zealand,2023,new_zealand_2023_26,2023-07-02,104,Talbot Mills,1036.0,act,12.0,12.0
New Zealand,2023,new_zealand_2023_26,2023-07-02,104,Talbot Mills,1036.0,mri,4.2,4.2
New Zealand,2023,new_zealand_2023_26,2023-07-02,104,Talbot Mills,1036.0,nzf,4.0,4.0
New Zealand,2023,new_zealand_2023_26,2023-07-02,104,Talbot Mills,1036.0,top,2.9,2.9
New Zealand,2023,new_zealand_2023_27,2023-06-25,111,Roy Morgan,955.0,lab,30.5,30.5
New Zealand,2023,new_zealand_2023_27,2023-06-25,111,Roy Morgan,955.0,nat,30.0,30.0
New Zealand,2023,new_zealand_2023_27,2023-06-25,111,Roy Morgan,955.0,grn,9.5,9.5
New Zealand,2023,new_zealand_2023_27,2023-06-25,111,Roy Morgan,955.0,act,15.0,15.0
New Zealand,2023,new_zealand_2023_27,2023-06-25,111,Roy Morgan,955.0,mri,7.0,7.0
New Zealand,2023,new_zealand_2023_27,2023-06-25,111,Roy Morgan,955.0,nzf,3.0,3.0
New Zealand,2023,new_zealand_2023_27,2023-06-25,111,Roy Morgan,955.0,top,3.0,3.0
